-- =====================================================================
-- seed.sql -- synthetic, deterministic data for the Fund NAV module.
-- GENERATED by facilitator/tools/generate.py -- DO NOT EDIT BY HAND.
-- Seed=20260613  Window=2025-01-01 .. 2025-03-31 (90 days)  Fictional IDs.
-- =====================================================================
SET NOCOUNT ON;

-- Fund
INSERT INTO Fund (FundId, Name, BaseCurrency, InceptionDate) VALUES ('FUND-NEQ', 'Nordic Equity Fund', 'SEK', '2025-01-01');
INSERT INTO Fund (FundId, Name, BaseCurrency, InceptionDate) VALUES ('FUND-GBD', 'Global Bond Fund', 'EUR', '2025-01-01');
INSERT INTO Fund (FundId, Name, BaseCurrency, InceptionDate) VALUES ('FUND-BAL', 'Balanced Fund', 'USD', '2025-01-01');

-- ShareClass
INSERT INTO ShareClass (ShareClassId, FundId, Name, Currency, ManagementFeeBps) VALUES ('SC-NEQ-A', 'FUND-NEQ', 'Nordic Equity Fund Class A (Retail)', 'SEK', 150);
INSERT INTO ShareClass (ShareClassId, FundId, Name, Currency, ManagementFeeBps) VALUES ('SC-NEQ-I', 'FUND-NEQ', 'Nordic Equity Fund Class I (Institutional)', 'SEK', 75);
INSERT INTO ShareClass (ShareClassId, FundId, Name, Currency, ManagementFeeBps) VALUES ('SC-GBD-A', 'FUND-GBD', 'Global Bond Fund Class A (Retail)', 'EUR', 120);
INSERT INTO ShareClass (ShareClassId, FundId, Name, Currency, ManagementFeeBps) VALUES ('SC-GBD-I', 'FUND-GBD', 'Global Bond Fund Class I (Institutional)', 'EUR', 60);
INSERT INTO ShareClass (ShareClassId, FundId, Name, Currency, ManagementFeeBps) VALUES ('SC-BAL-A', 'FUND-BAL', 'Balanced Fund Class A (Retail)', 'USD', 140);
INSERT INTO ShareClass (ShareClassId, FundId, Name, Currency, ManagementFeeBps) VALUES ('SC-BAL-I', 'FUND-BAL', 'Balanced Fund Class I (Institutional)', 'USD', 70);
INSERT INTO ShareClass (ShareClassId, FundId, Name, Currency, ManagementFeeBps) VALUES ('SC-BAL-C', 'FUND-BAL', 'Balanced Fund Class C (Clean)', 'USD', 100);

-- Investor
INSERT INTO Investor (InvestorId, Name, Email, CountryCode) VALUES ('INV001', 'Anna Bergstrom', 'anna.bergstrom@example-investors.test', 'SE');
INSERT INTO Investor (InvestorId, Name, Email, CountryCode) VALUES ('INV002', 'Erik Lindqvist', 'erik.lindqvist@example-investors.test', 'DE');
INSERT INTO Investor (InvestorId, Name, Email, CountryCode) VALUES ('INV003', 'Maria Hagen', 'maria.hagen@example-investors.test', 'NO');
INSERT INTO Investor (InvestorId, Name, Email, CountryCode) VALUES ('INV004', 'Johan Nyberg', 'johan.nyberg@example-investors.test', 'SE');
INSERT INTO Investor (InvestorId, Name, Email, CountryCode) VALUES ('INV005', 'Sofia Sandberg', 'sofia.sandberg@example-investors.test', 'NO');
INSERT INTO Investor (InvestorId, Name, Email, CountryCode) VALUES ('INV006', 'Lars Ekstrom', 'lars.ekstrom@example-investors.test', 'FI');
INSERT INTO Investor (InvestorId, Name, Email, CountryCode) VALUES ('INV007', 'Karin Holm', 'karin.holm@example-investors.test', 'DE');
INSERT INTO Investor (InvestorId, Name, Email, CountryCode) VALUES ('INV008', 'Nils Falk', 'nils.falk@example-investors.test', 'FI');
INSERT INTO Investor (InvestorId, Name, Email, CountryCode) VALUES ('INV009', 'Elin Sundqvist', 'elin.sundqvist@example-investors.test', 'DK');
INSERT INTO Investor (InvestorId, Name, Email, CountryCode) VALUES ('INV010', 'Per Aaltonen', 'per.aaltonen@example-investors.test', 'FI');
INSERT INTO Investor (InvestorId, Name, Email, CountryCode) VALUES ('INV011', 'Ida Bergstrom', 'ida.bergstrom@example-investors.test', 'FI');
INSERT INTO Investor (InvestorId, Name, Email, CountryCode) VALUES ('INV012', 'Oskar Lindqvist', 'oskar.lindqvist@example-investors.test', 'FI');
INSERT INTO Investor (InvestorId, Name, Email, CountryCode) VALUES ('INV013', 'Lena Hagen', 'lena.hagen@example-investors.test', 'FI');
INSERT INTO Investor (InvestorId, Name, Email, CountryCode) VALUES ('INV014', 'Gustav Nyberg', 'gustav.nyberg@example-investors.test', 'SE');
INSERT INTO Investor (InvestorId, Name, Email, CountryCode) VALUES ('INV015', 'Sara Sandberg', 'sara.sandberg@example-investors.test', 'NO');
INSERT INTO Investor (InvestorId, Name, Email, CountryCode) VALUES ('INV016', 'Frida Ekstrom', 'frida.ekstrom@example-investors.test', 'DK');
INSERT INTO Investor (InvestorId, Name, Email, CountryCode) VALUES ('INV017', 'Magnus Holm', 'magnus.holm@example-investors.test', 'DE');
INSERT INTO Investor (InvestorId, Name, Email, CountryCode) VALUES ('INV018', 'Klara Falk', 'klara.falk@example-investors.test', 'FI');
INSERT INTO Investor (InvestorId, Name, Email, CountryCode) VALUES ('INV019', 'Henrik Sundqvist', 'henrik.sundqvist@example-investors.test', 'DE');
INSERT INTO Investor (InvestorId, Name, Email, CountryCode) VALUES ('INV020', 'Astrid Aaltonen', 'astrid.aaltonen@example-investors.test', 'FI');

-- Instrument
INSERT INTO Instrument (InstrumentId, Isin, Name, Currency, AssetClass) VALUES ('INS-EQ-001', 'SE0000000001', 'Volvo-like AB', 'SEK', 'EQUITY');
INSERT INTO Instrument (InstrumentId, Isin, Name, Currency, AssetClass) VALUES ('INS-EQ-002', 'SE0000000002', 'Ericsson-like AB', 'SEK', 'EQUITY');
INSERT INTO Instrument (InstrumentId, Isin, Name, Currency, AssetClass) VALUES ('INS-BD-001', 'DE0000000001', 'Bund-like 2030', 'EUR', 'BOND');
INSERT INTO Instrument (InstrumentId, Isin, Name, Currency, AssetClass) VALUES ('INS-BD-002', 'DE0000000002', 'Bund-like 2035', 'EUR', 'BOND');
INSERT INTO Instrument (InstrumentId, Isin, Name, Currency, AssetClass) VALUES ('INS-EQ-003', 'US0000000001', 'Acme-like Inc', 'USD', 'EQUITY');
INSERT INTO Instrument (InstrumentId, Isin, Name, Currency, AssetClass) VALUES ('INS-BD-003', 'US0000000002', 'Treasury-like 2032', 'USD', 'BOND');

-- Subscription
INSERT INTO Subscription (SubscriptionId, ShareClassId, InvestorId, TradeDate, Units, GrossAmount) VALUES ('SUB00001', 'SC-NEQ-A', 'INV011', '2025-01-01', 18000, 1800000.00);
INSERT INTO Subscription (SubscriptionId, ShareClassId, InvestorId, TradeDate, Units, GrossAmount) VALUES ('SUB00002', 'SC-NEQ-A', 'INV020', '2025-01-01', 14000, 1400000.00);
INSERT INTO Subscription (SubscriptionId, ShareClassId, InvestorId, TradeDate, Units, GrossAmount) VALUES ('SUB00003', 'SC-NEQ-A', 'INV002', '2025-01-01', 30000, 3000000.00);
INSERT INTO Subscription (SubscriptionId, ShareClassId, InvestorId, TradeDate, Units, GrossAmount) VALUES ('SUB00004', 'SC-NEQ-A', 'INV018', '2025-01-01', 31000, 3100000.00);
INSERT INTO Subscription (SubscriptionId, ShareClassId, InvestorId, TradeDate, Units, GrossAmount) VALUES ('SUB00005', 'SC-NEQ-A', 'INV020', '2025-02-01', 5000, 500000.00);
INSERT INTO Subscription (SubscriptionId, ShareClassId, InvestorId, TradeDate, Units, GrossAmount) VALUES ('SUB00006', 'SC-NEQ-A', 'INV003', '2025-02-22', 7000, 700000.00);
INSERT INTO Subscription (SubscriptionId, ShareClassId, InvestorId, TradeDate, Units, GrossAmount) VALUES ('SUB00007', 'SC-NEQ-A', 'INV014', '2025-02-16', 2000, 200000.00);
INSERT INTO Subscription (SubscriptionId, ShareClassId, InvestorId, TradeDate, Units, GrossAmount) VALUES ('SUB00008', 'SC-NEQ-A', 'INV007', '2025-01-26', 5000, 500000.00);
INSERT INTO Subscription (SubscriptionId, ShareClassId, InvestorId, TradeDate, Units, GrossAmount) VALUES ('SUB00009', 'SC-NEQ-A', 'INV020', '2025-02-16', 5000, 500000.00);
INSERT INTO Subscription (SubscriptionId, ShareClassId, InvestorId, TradeDate, Units, GrossAmount) VALUES ('SUB00010', 'SC-NEQ-I', 'INV015', '2025-01-01', 21000, 2100000.00);
INSERT INTO Subscription (SubscriptionId, ShareClassId, InvestorId, TradeDate, Units, GrossAmount) VALUES ('SUB00011', 'SC-NEQ-I', 'INV013', '2025-01-01', 11000, 1100000.00);
INSERT INTO Subscription (SubscriptionId, ShareClassId, InvestorId, TradeDate, Units, GrossAmount) VALUES ('SUB00012', 'SC-NEQ-I', 'INV005', '2025-01-01', 32000, 3200000.00);
INSERT INTO Subscription (SubscriptionId, ShareClassId, InvestorId, TradeDate, Units, GrossAmount) VALUES ('SUB00013', 'SC-NEQ-I', 'INV011', '2025-01-01', 13000, 1300000.00);
INSERT INTO Subscription (SubscriptionId, ShareClassId, InvestorId, TradeDate, Units, GrossAmount) VALUES ('SUB00014', 'SC-NEQ-I', 'INV011', '2025-02-12', 6000, 600000.00);
INSERT INTO Subscription (SubscriptionId, ShareClassId, InvestorId, TradeDate, Units, GrossAmount) VALUES ('SUB00015', 'SC-NEQ-I', 'INV004', '2025-03-29', 8000, 800000.00);
INSERT INTO Subscription (SubscriptionId, ShareClassId, InvestorId, TradeDate, Units, GrossAmount) VALUES ('SUB00016', 'SC-NEQ-I', 'INV005', '2025-03-28', 8000, 800000.00);
INSERT INTO Subscription (SubscriptionId, ShareClassId, InvestorId, TradeDate, Units, GrossAmount) VALUES ('SUB00017', 'SC-NEQ-I', 'INV003', '2025-02-25', 8000, 800000.00);
INSERT INTO Subscription (SubscriptionId, ShareClassId, InvestorId, TradeDate, Units, GrossAmount) VALUES ('SUB00018', 'SC-NEQ-I', 'INV018', '2025-02-03', 3000, 300000.00);
INSERT INTO Subscription (SubscriptionId, ShareClassId, InvestorId, TradeDate, Units, GrossAmount) VALUES ('SUB00019', 'SC-NEQ-I', 'INV002', '2025-01-15', 8000, 800000.00);
INSERT INTO Subscription (SubscriptionId, ShareClassId, InvestorId, TradeDate, Units, GrossAmount) VALUES ('SUB00020', 'SC-NEQ-I', 'INV010', '2025-02-18', 4000, 400000.00);
INSERT INTO Subscription (SubscriptionId, ShareClassId, InvestorId, TradeDate, Units, GrossAmount) VALUES ('SUB00021', 'SC-NEQ-I', 'INV018', '2025-01-18', 4000, 400000.00);
INSERT INTO Subscription (SubscriptionId, ShareClassId, InvestorId, TradeDate, Units, GrossAmount) VALUES ('SUB00022', 'SC-GBD-A', 'INV018', '2025-01-01', 12000, 600000.00);
INSERT INTO Subscription (SubscriptionId, ShareClassId, InvestorId, TradeDate, Units, GrossAmount) VALUES ('SUB00023', 'SC-GBD-A', 'INV019', '2025-01-01', 11000, 550000.00);
INSERT INTO Subscription (SubscriptionId, ShareClassId, InvestorId, TradeDate, Units, GrossAmount) VALUES ('SUB00024', 'SC-GBD-A', 'INV009', '2025-01-01', 28000, 1400000.00);
INSERT INTO Subscription (SubscriptionId, ShareClassId, InvestorId, TradeDate, Units, GrossAmount) VALUES ('SUB00025', 'SC-GBD-A', 'INV003', '2025-03-09', 1000, 50000.00);
INSERT INTO Subscription (SubscriptionId, ShareClassId, InvestorId, TradeDate, Units, GrossAmount) VALUES ('SUB00026', 'SC-GBD-A', 'INV016', '2025-03-25', 1000, 50000.00);
INSERT INTO Subscription (SubscriptionId, ShareClassId, InvestorId, TradeDate, Units, GrossAmount) VALUES ('SUB00027', 'SC-GBD-A', 'INV011', '2025-02-22', 2000, 100000.00);
INSERT INTO Subscription (SubscriptionId, ShareClassId, InvestorId, TradeDate, Units, GrossAmount) VALUES ('SUB00028', 'SC-GBD-A', 'INV012', '2025-03-14', 8000, 400000.00);
INSERT INTO Subscription (SubscriptionId, ShareClassId, InvestorId, TradeDate, Units, GrossAmount) VALUES ('SUB00029', 'SC-GBD-I', 'INV008', '2025-01-01', 37000, 1850000.00);
INSERT INTO Subscription (SubscriptionId, ShareClassId, InvestorId, TradeDate, Units, GrossAmount) VALUES ('SUB00030', 'SC-GBD-I', 'INV020', '2025-01-01', 37000, 1850000.00);
INSERT INTO Subscription (SubscriptionId, ShareClassId, InvestorId, TradeDate, Units, GrossAmount) VALUES ('SUB00031', 'SC-GBD-I', 'INV011', '2025-01-01', 24000, 1200000.00);
INSERT INTO Subscription (SubscriptionId, ShareClassId, InvestorId, TradeDate, Units, GrossAmount) VALUES ('SUB00032', 'SC-GBD-I', 'INV015', '2025-01-01', 34000, 1700000.00);
INSERT INTO Subscription (SubscriptionId, ShareClassId, InvestorId, TradeDate, Units, GrossAmount) VALUES ('SUB00033', 'SC-GBD-I', 'INV002', '2025-03-05', 3000, 150000.00);
INSERT INTO Subscription (SubscriptionId, ShareClassId, InvestorId, TradeDate, Units, GrossAmount) VALUES ('SUB00034', 'SC-GBD-I', 'INV002', '2025-01-21', 5000, 250000.00);
INSERT INTO Subscription (SubscriptionId, ShareClassId, InvestorId, TradeDate, Units, GrossAmount) VALUES ('SUB00035', 'SC-GBD-I', 'INV010', '2025-02-03', 7000, 350000.00);
INSERT INTO Subscription (SubscriptionId, ShareClassId, InvestorId, TradeDate, Units, GrossAmount) VALUES ('SUB00036', 'SC-GBD-I', 'INV017', '2025-02-02', 4000, 200000.00);
INSERT INTO Subscription (SubscriptionId, ShareClassId, InvestorId, TradeDate, Units, GrossAmount) VALUES ('SUB00037', 'SC-GBD-I', 'INV003', '2025-03-14', 1000, 50000.00);
INSERT INTO Subscription (SubscriptionId, ShareClassId, InvestorId, TradeDate, Units, GrossAmount) VALUES ('SUB00038', 'SC-GBD-I', 'INV009', '2025-02-11', 5000, 250000.00);
INSERT INTO Subscription (SubscriptionId, ShareClassId, InvestorId, TradeDate, Units, GrossAmount) VALUES ('SUB00039', 'SC-BAL-A', 'INV001', '2025-01-01', 28000, 700000.00);
INSERT INTO Subscription (SubscriptionId, ShareClassId, InvestorId, TradeDate, Units, GrossAmount) VALUES ('SUB00040', 'SC-BAL-A', 'INV020', '2025-01-01', 31000, 775000.00);
INSERT INTO Subscription (SubscriptionId, ShareClassId, InvestorId, TradeDate, Units, GrossAmount) VALUES ('SUB00041', 'SC-BAL-A', 'INV005', '2025-01-01', 15000, 375000.00);
INSERT INTO Subscription (SubscriptionId, ShareClassId, InvestorId, TradeDate, Units, GrossAmount) VALUES ('SUB00042', 'SC-BAL-A', 'INV002', '2025-01-01', 15000, 375000.00);
INSERT INTO Subscription (SubscriptionId, ShareClassId, InvestorId, TradeDate, Units, GrossAmount) VALUES ('SUB00043', 'SC-BAL-A', 'INV017', '2025-01-01', 25000, 625000.00);
INSERT INTO Subscription (SubscriptionId, ShareClassId, InvestorId, TradeDate, Units, GrossAmount) VALUES ('SUB00044', 'SC-BAL-A', 'INV007', '2025-01-26', 2000, 50000.00);
INSERT INTO Subscription (SubscriptionId, ShareClassId, InvestorId, TradeDate, Units, GrossAmount) VALUES ('SUB00045', 'SC-BAL-A', 'INV002', '2025-01-15', 7000, 175000.00);
INSERT INTO Subscription (SubscriptionId, ShareClassId, InvestorId, TradeDate, Units, GrossAmount) VALUES ('SUB00046', 'SC-BAL-A', 'INV018', '2025-02-04', 3000, 75000.00);
INSERT INTO Subscription (SubscriptionId, ShareClassId, InvestorId, TradeDate, Units, GrossAmount) VALUES ('SUB00047', 'SC-BAL-A', 'INV018', '2025-01-13', 8000, 200000.00);
INSERT INTO Subscription (SubscriptionId, ShareClassId, InvestorId, TradeDate, Units, GrossAmount) VALUES ('SUB00048', 'SC-BAL-A', 'INV012', '2025-01-24', 7000, 175000.00);
INSERT INTO Subscription (SubscriptionId, ShareClassId, InvestorId, TradeDate, Units, GrossAmount) VALUES ('SUB00049', 'SC-BAL-A', 'INV004', '2025-03-12', 6000, 150000.00);
INSERT INTO Subscription (SubscriptionId, ShareClassId, InvestorId, TradeDate, Units, GrossAmount) VALUES ('SUB00050', 'SC-BAL-A', 'INV015', '2025-02-08', 8000, 200000.00);
INSERT INTO Subscription (SubscriptionId, ShareClassId, InvestorId, TradeDate, Units, GrossAmount) VALUES ('SUB00051', 'SC-BAL-I', 'INV003', '2025-01-01', 35000, 875000.00);
INSERT INTO Subscription (SubscriptionId, ShareClassId, InvestorId, TradeDate, Units, GrossAmount) VALUES ('SUB00052', 'SC-BAL-I', 'INV009', '2025-01-01', 30000, 750000.00);
INSERT INTO Subscription (SubscriptionId, ShareClassId, InvestorId, TradeDate, Units, GrossAmount) VALUES ('SUB00053', 'SC-BAL-I', 'INV019', '2025-01-01', 32000, 800000.00);
INSERT INTO Subscription (SubscriptionId, ShareClassId, InvestorId, TradeDate, Units, GrossAmount) VALUES ('SUB00054', 'SC-BAL-I', 'INV008', '2025-03-24', 6000, 150000.00);
INSERT INTO Subscription (SubscriptionId, ShareClassId, InvestorId, TradeDate, Units, GrossAmount) VALUES ('SUB00055', 'SC-BAL-I', 'INV014', '2025-02-06', 7000, 175000.00);
INSERT INTO Subscription (SubscriptionId, ShareClassId, InvestorId, TradeDate, Units, GrossAmount) VALUES ('SUB00056', 'SC-BAL-I', 'INV016', '2025-03-28', 3000, 75000.00);
INSERT INTO Subscription (SubscriptionId, ShareClassId, InvestorId, TradeDate, Units, GrossAmount) VALUES ('SUB00057', 'SC-BAL-I', 'INV009', '2025-02-21', 5000, 125000.00);
INSERT INTO Subscription (SubscriptionId, ShareClassId, InvestorId, TradeDate, Units, GrossAmount) VALUES ('SUB00058', 'SC-BAL-I', 'INV010', '2025-03-30', 2000, 50000.00);
INSERT INTO Subscription (SubscriptionId, ShareClassId, InvestorId, TradeDate, Units, GrossAmount) VALUES ('SUB00059', 'SC-BAL-C', 'INV006', '2025-01-01', 30000, 750000.00);
INSERT INTO Subscription (SubscriptionId, ShareClassId, InvestorId, TradeDate, Units, GrossAmount) VALUES ('SUB00060', 'SC-BAL-C', 'INV008', '2025-01-01', 21000, 525000.00);
INSERT INTO Subscription (SubscriptionId, ShareClassId, InvestorId, TradeDate, Units, GrossAmount) VALUES ('SUB00061', 'SC-BAL-C', 'INV002', '2025-01-01', 12000, 300000.00);
INSERT INTO Subscription (SubscriptionId, ShareClassId, InvestorId, TradeDate, Units, GrossAmount) VALUES ('SUB00062', 'SC-BAL-C', 'INV014', '2025-01-01', 21000, 525000.00);
INSERT INTO Subscription (SubscriptionId, ShareClassId, InvestorId, TradeDate, Units, GrossAmount) VALUES ('SUB00063', 'SC-BAL-C', 'INV001', '2025-03-21', 5000, 125000.00);
INSERT INTO Subscription (SubscriptionId, ShareClassId, InvestorId, TradeDate, Units, GrossAmount) VALUES ('SUB00064', 'SC-BAL-C', 'INV016', '2025-03-18', 8000, 200000.00);
INSERT INTO Subscription (SubscriptionId, ShareClassId, InvestorId, TradeDate, Units, GrossAmount) VALUES ('SUB00065', 'SC-BAL-C', 'INV014', '2025-03-23', 4000, 100000.00);
INSERT INTO Subscription (SubscriptionId, ShareClassId, InvestorId, TradeDate, Units, GrossAmount) VALUES ('SUB00066', 'SC-BAL-C', 'INV018', '2025-02-18', 3000, 75000.00);

-- Redemption
INSERT INTO Redemption (RedemptionId, ShareClassId, InvestorId, TradeDate, Units, GrossAmount) VALUES ('RED00001', 'SC-NEQ-A', 'INV011', '2025-01-28', 500, 50000.00);
INSERT INTO Redemption (RedemptionId, ShareClassId, InvestorId, TradeDate, Units, GrossAmount) VALUES ('RED00002', 'SC-NEQ-A', 'INV020', '2025-03-22', 500, 50000.00);
INSERT INTO Redemption (RedemptionId, ShareClassId, InvestorId, TradeDate, Units, GrossAmount) VALUES ('RED00003', 'SC-NEQ-A', 'INV011', '2025-02-04', 500, 50000.00);
INSERT INTO Redemption (RedemptionId, ShareClassId, InvestorId, TradeDate, Units, GrossAmount) VALUES ('RED00004', 'SC-NEQ-A', 'INV020', '2025-01-28', 1000, 100000.00);
INSERT INTO Redemption (RedemptionId, ShareClassId, InvestorId, TradeDate, Units, GrossAmount) VALUES ('RED00005', 'SC-NEQ-I', 'INV013', '2025-03-07', 500, 50000.00);
INSERT INTO Redemption (RedemptionId, ShareClassId, InvestorId, TradeDate, Units, GrossAmount) VALUES ('RED00006', 'SC-NEQ-I', 'INV018', '2025-03-16', 1000, 100000.00);
INSERT INTO Redemption (RedemptionId, ShareClassId, InvestorId, TradeDate, Units, GrossAmount) VALUES ('RED00007', 'SC-NEQ-I', 'INV018', '2025-02-09', 1500, 150000.00);
INSERT INTO Redemption (RedemptionId, ShareClassId, InvestorId, TradeDate, Units, GrossAmount) VALUES ('RED00008', 'SC-GBD-A', 'INV009', '2025-01-14', 500, 25000.00);
INSERT INTO Redemption (RedemptionId, ShareClassId, InvestorId, TradeDate, Units, GrossAmount) VALUES ('RED00009', 'SC-GBD-A', 'INV009', '2025-02-04', 2000, 100000.00);
INSERT INTO Redemption (RedemptionId, ShareClassId, InvestorId, TradeDate, Units, GrossAmount) VALUES ('RED00010', 'SC-GBD-A', 'INV018', '2025-03-21', 500, 25000.00);
INSERT INTO Redemption (RedemptionId, ShareClassId, InvestorId, TradeDate, Units, GrossAmount) VALUES ('RED00011', 'SC-GBD-A', 'INV018', '2025-02-19', 500, 25000.00);
INSERT INTO Redemption (RedemptionId, ShareClassId, InvestorId, TradeDate, Units, GrossAmount) VALUES ('RED00012', 'SC-GBD-I', 'INV008', '2025-02-20', 1500, 75000.00);
INSERT INTO Redemption (RedemptionId, ShareClassId, InvestorId, TradeDate, Units, GrossAmount) VALUES ('RED00013', 'SC-GBD-I', 'INV010', '2025-02-24', 1000, 50000.00);
INSERT INTO Redemption (RedemptionId, ShareClassId, InvestorId, TradeDate, Units, GrossAmount) VALUES ('RED00014', 'SC-GBD-I', 'INV011', '2025-03-26', 500, 25000.00);
INSERT INTO Redemption (RedemptionId, ShareClassId, InvestorId, TradeDate, Units, GrossAmount) VALUES ('RED00015', 'SC-BAL-A', 'INV001', '2025-02-14', 500, 12500.00);
INSERT INTO Redemption (RedemptionId, ShareClassId, InvestorId, TradeDate, Units, GrossAmount) VALUES ('RED00016', 'SC-BAL-A', 'INV018', '2025-03-19', 2000, 50000.00);
INSERT INTO Redemption (RedemptionId, ShareClassId, InvestorId, TradeDate, Units, GrossAmount) VALUES ('RED00017', 'SC-BAL-A', 'INV020', '2025-03-12', 500, 12500.00);
INSERT INTO Redemption (RedemptionId, ShareClassId, InvestorId, TradeDate, Units, GrossAmount) VALUES ('RED00018', 'SC-BAL-A', 'INV007', '2025-03-19', 1000, 25000.00);
INSERT INTO Redemption (RedemptionId, ShareClassId, InvestorId, TradeDate, Units, GrossAmount) VALUES ('RED00019', 'SC-BAL-A', 'INV012', '2025-01-27', 500, 12500.00);
INSERT INTO Redemption (RedemptionId, ShareClassId, InvestorId, TradeDate, Units, GrossAmount) VALUES ('RED00020', 'SC-BAL-I', 'INV009', '2025-03-07', 500, 12500.00);
INSERT INTO Redemption (RedemptionId, ShareClassId, InvestorId, TradeDate, Units, GrossAmount) VALUES ('RED00021', 'SC-BAL-I', 'INV019', '2025-01-07', 500, 12500.00);
INSERT INTO Redemption (RedemptionId, ShareClassId, InvestorId, TradeDate, Units, GrossAmount) VALUES ('RED00022', 'SC-BAL-I', 'INV019', '2025-03-18', 1000, 25000.00);
INSERT INTO Redemption (RedemptionId, ShareClassId, InvestorId, TradeDate, Units, GrossAmount) VALUES ('RED00023', 'SC-BAL-C', 'INV001', '2025-03-27', 500, 12500.00);
INSERT INTO Redemption (RedemptionId, ShareClassId, InvestorId, TradeDate, Units, GrossAmount) VALUES ('RED00024', 'SC-BAL-C', 'INV016', '2025-03-23', 1500, 37500.00);
INSERT INTO Redemption (RedemptionId, ShareClassId, InvestorId, TradeDate, Units, GrossAmount) VALUES ('RED00025', 'SC-BAL-C', 'INV008', '2025-01-09', 1000, 25000.00);
INSERT INTO Redemption (RedemptionId, ShareClassId, InvestorId, TradeDate, Units, GrossAmount) VALUES ('RED00026', 'SC-BAL-C', 'INV014', '2025-02-08', 500, 12500.00);
INSERT INTO Redemption (RedemptionId, ShareClassId, InvestorId, TradeDate, Units, GrossAmount) VALUES ('RED00027', 'SC-BAL-C', 'INV002', '2025-03-24', 1000, 25000.00);

-- PriceEOD
INSERT INTO PriceEOD (InstrumentId, PriceDate, ClosePrice) VALUES ('INS-EQ-001', '2025-01-01', 99.73);
INSERT INTO PriceEOD (InstrumentId, PriceDate, ClosePrice) VALUES ('INS-EQ-001', '2025-01-02', 100.70);
INSERT INTO PriceEOD (InstrumentId, PriceDate, ClosePrice) VALUES ('INS-EQ-001', '2025-01-03', 101.37);
INSERT INTO PriceEOD (InstrumentId, PriceDate, ClosePrice) VALUES ('INS-EQ-001', '2025-01-04', 102.22);
INSERT INTO PriceEOD (InstrumentId, PriceDate, ClosePrice) VALUES ('INS-EQ-001', '2025-01-05', 103.26);
INSERT INTO PriceEOD (InstrumentId, PriceDate, ClosePrice) VALUES ('INS-EQ-001', '2025-01-06', 103.14);
INSERT INTO PriceEOD (InstrumentId, PriceDate, ClosePrice) VALUES ('INS-EQ-001', '2025-01-07', 103.42);
INSERT INTO PriceEOD (InstrumentId, PriceDate, ClosePrice) VALUES ('INS-EQ-001', '2025-01-08', 103.67);
INSERT INTO PriceEOD (InstrumentId, PriceDate, ClosePrice) VALUES ('INS-EQ-001', '2025-01-09', 104.60);
INSERT INTO PriceEOD (InstrumentId, PriceDate, ClosePrice) VALUES ('INS-EQ-001', '2025-01-10', 104.69);
INSERT INTO PriceEOD (InstrumentId, PriceDate, ClosePrice) VALUES ('INS-EQ-001', '2025-01-11', 104.41);
INSERT INTO PriceEOD (InstrumentId, PriceDate, ClosePrice) VALUES ('INS-EQ-001', '2025-01-12', 104.30);
INSERT INTO PriceEOD (InstrumentId, PriceDate, ClosePrice) VALUES ('INS-EQ-001', '2025-01-13', 104.16);
INSERT INTO PriceEOD (InstrumentId, PriceDate, ClosePrice) VALUES ('INS-EQ-001', '2025-01-14', 104.17);
INSERT INTO PriceEOD (InstrumentId, PriceDate, ClosePrice) VALUES ('INS-EQ-001', '2025-01-15', 103.89);
INSERT INTO PriceEOD (InstrumentId, PriceDate, ClosePrice) VALUES ('INS-EQ-001', '2025-01-16', 105.11);
INSERT INTO PriceEOD (InstrumentId, PriceDate, ClosePrice) VALUES ('INS-EQ-001', '2025-01-17', 104.60);
INSERT INTO PriceEOD (InstrumentId, PriceDate, ClosePrice) VALUES ('INS-EQ-001', '2025-01-18', 105.23);
INSERT INTO PriceEOD (InstrumentId, PriceDate, ClosePrice) VALUES ('INS-EQ-001', '2025-01-19', 105.56);
INSERT INTO PriceEOD (InstrumentId, PriceDate, ClosePrice) VALUES ('INS-EQ-001', '2025-01-20', 106.55);
INSERT INTO PriceEOD (InstrumentId, PriceDate, ClosePrice) VALUES ('INS-EQ-001', '2025-01-21', 105.71);
INSERT INTO PriceEOD (InstrumentId, PriceDate, ClosePrice) VALUES ('INS-EQ-001', '2025-01-22', 105.55);
INSERT INTO PriceEOD (InstrumentId, PriceDate, ClosePrice) VALUES ('INS-EQ-001', '2025-01-23', 105.11);
INSERT INTO PriceEOD (InstrumentId, PriceDate, ClosePrice) VALUES ('INS-EQ-001', '2025-01-24', 105.96);
INSERT INTO PriceEOD (InstrumentId, PriceDate, ClosePrice) VALUES ('INS-EQ-001', '2025-01-25', 105.47);
INSERT INTO PriceEOD (InstrumentId, PriceDate, ClosePrice) VALUES ('INS-EQ-001', '2025-01-26', 105.20);
INSERT INTO PriceEOD (InstrumentId, PriceDate, ClosePrice) VALUES ('INS-EQ-001', '2025-01-27', 104.61);
INSERT INTO PriceEOD (InstrumentId, PriceDate, ClosePrice) VALUES ('INS-EQ-001', '2025-01-28', 105.83);
INSERT INTO PriceEOD (InstrumentId, PriceDate, ClosePrice) VALUES ('INS-EQ-001', '2025-01-29', 105.45);
INSERT INTO PriceEOD (InstrumentId, PriceDate, ClosePrice) VALUES ('INS-EQ-001', '2025-01-30', 106.16);
INSERT INTO PriceEOD (InstrumentId, PriceDate, ClosePrice) VALUES ('INS-EQ-001', '2025-01-31', 106.66);
INSERT INTO PriceEOD (InstrumentId, PriceDate, ClosePrice) VALUES ('INS-EQ-001', '2025-02-01', 107.61);
INSERT INTO PriceEOD (InstrumentId, PriceDate, ClosePrice) VALUES ('INS-EQ-001', '2025-02-02', 107.22);
INSERT INTO PriceEOD (InstrumentId, PriceDate, ClosePrice) VALUES ('INS-EQ-001', '2025-02-03', 106.67);
INSERT INTO PriceEOD (InstrumentId, PriceDate, ClosePrice) VALUES ('INS-EQ-001', '2025-02-04', 107.61);
INSERT INTO PriceEOD (InstrumentId, PriceDate, ClosePrice) VALUES ('INS-EQ-001', '2025-02-05', 108.64);
INSERT INTO PriceEOD (InstrumentId, PriceDate, ClosePrice) VALUES ('INS-EQ-001', '2025-02-06', 107.74);
INSERT INTO PriceEOD (InstrumentId, PriceDate, ClosePrice) VALUES ('INS-EQ-001', '2025-02-07', 106.78);
INSERT INTO PriceEOD (InstrumentId, PriceDate, ClosePrice) VALUES ('INS-EQ-001', '2025-02-08', 107.78);
INSERT INTO PriceEOD (InstrumentId, PriceDate, ClosePrice) VALUES ('INS-EQ-001', '2025-02-09', 108.81);
INSERT INTO PriceEOD (InstrumentId, PriceDate, ClosePrice) VALUES ('INS-EQ-001', '2025-02-10', 109.29);
INSERT INTO PriceEOD (InstrumentId, PriceDate, ClosePrice) VALUES ('INS-EQ-001', '2025-02-11', 108.80);
INSERT INTO PriceEOD (InstrumentId, PriceDate, ClosePrice) VALUES ('INS-EQ-001', '2025-02-12', 109.52);
INSERT INTO PriceEOD (InstrumentId, PriceDate, ClosePrice) VALUES ('INS-EQ-001', '2025-02-13', 108.95);
INSERT INTO PriceEOD (InstrumentId, PriceDate, ClosePrice) VALUES ('INS-EQ-001', '2025-02-14', 108.57);
INSERT INTO PriceEOD (InstrumentId, PriceDate, ClosePrice) VALUES ('INS-EQ-001', '2025-02-15', 109.41);
INSERT INTO PriceEOD (InstrumentId, PriceDate, ClosePrice) VALUES ('INS-EQ-001', '2025-02-16', 110.25);
INSERT INTO PriceEOD (InstrumentId, PriceDate, ClosePrice) VALUES ('INS-EQ-001', '2025-02-17', 109.33);
INSERT INTO PriceEOD (InstrumentId, PriceDate, ClosePrice) VALUES ('INS-EQ-001', '2025-02-18', 108.74);
INSERT INTO PriceEOD (InstrumentId, PriceDate, ClosePrice) VALUES ('INS-EQ-001', '2025-02-19', 107.94);
INSERT INTO PriceEOD (InstrumentId, PriceDate, ClosePrice) VALUES ('INS-EQ-001', '2025-02-20', 108.76);
INSERT INTO PriceEOD (InstrumentId, PriceDate, ClosePrice) VALUES ('INS-EQ-001', '2025-02-21', 109.63);
INSERT INTO PriceEOD (InstrumentId, PriceDate, ClosePrice) VALUES ('INS-EQ-001', '2025-02-22', 110.52);
INSERT INTO PriceEOD (InstrumentId, PriceDate, ClosePrice) VALUES ('INS-EQ-001', '2025-02-23', 110.91);
INSERT INTO PriceEOD (InstrumentId, PriceDate, ClosePrice) VALUES ('INS-EQ-001', '2025-02-24', 111.21);
INSERT INTO PriceEOD (InstrumentId, PriceDate, ClosePrice) VALUES ('INS-EQ-001', '2025-02-25', 110.86);
INSERT INTO PriceEOD (InstrumentId, PriceDate, ClosePrice) VALUES ('INS-EQ-001', '2025-02-26', 110.05);
INSERT INTO PriceEOD (InstrumentId, PriceDate, ClosePrice) VALUES ('INS-EQ-001', '2025-02-27', 109.44);
INSERT INTO PriceEOD (InstrumentId, PriceDate, ClosePrice) VALUES ('INS-EQ-001', '2025-02-28', 110.46);
INSERT INTO PriceEOD (InstrumentId, PriceDate, ClosePrice) VALUES ('INS-EQ-001', '2025-03-01', 111.29);
INSERT INTO PriceEOD (InstrumentId, PriceDate, ClosePrice) VALUES ('INS-EQ-001', '2025-03-02', 112.55);
INSERT INTO PriceEOD (InstrumentId, PriceDate, ClosePrice) VALUES ('INS-EQ-001', '2025-03-03', 112.83);
INSERT INTO PriceEOD (InstrumentId, PriceDate, ClosePrice) VALUES ('INS-EQ-001', '2025-03-04', 112.07);
INSERT INTO PriceEOD (InstrumentId, PriceDate, ClosePrice) VALUES ('INS-EQ-001', '2025-03-05', 112.05);
INSERT INTO PriceEOD (InstrumentId, PriceDate, ClosePrice) VALUES ('INS-EQ-001', '2025-03-06', 111.85);
INSERT INTO PriceEOD (InstrumentId, PriceDate, ClosePrice) VALUES ('INS-EQ-001', '2025-03-07', 112.19);
INSERT INTO PriceEOD (InstrumentId, PriceDate, ClosePrice) VALUES ('INS-EQ-001', '2025-03-08', 112.24);
INSERT INTO PriceEOD (InstrumentId, PriceDate, ClosePrice) VALUES ('INS-EQ-001', '2025-03-09', 113.16);
INSERT INTO PriceEOD (InstrumentId, PriceDate, ClosePrice) VALUES ('INS-EQ-001', '2025-03-10', 113.31);
INSERT INTO PriceEOD (InstrumentId, PriceDate, ClosePrice) VALUES ('INS-EQ-001', '2025-03-11', 114.48);
INSERT INTO PriceEOD (InstrumentId, PriceDate, ClosePrice) VALUES ('INS-EQ-001', '2025-03-12', 113.70);
INSERT INTO PriceEOD (InstrumentId, PriceDate, ClosePrice) VALUES ('INS-EQ-001', '2025-03-13', 112.83);
INSERT INTO PriceEOD (InstrumentId, PriceDate, ClosePrice) VALUES ('INS-EQ-001', '2025-03-14', 112.46);
INSERT INTO PriceEOD (InstrumentId, PriceDate, ClosePrice) VALUES ('INS-EQ-001', '2025-03-15', 112.89);
INSERT INTO PriceEOD (InstrumentId, PriceDate, ClosePrice) VALUES ('INS-EQ-001', '2025-03-16', 111.83);
INSERT INTO PriceEOD (InstrumentId, PriceDate, ClosePrice) VALUES ('INS-EQ-001', '2025-03-17', 112.01);
INSERT INTO PriceEOD (InstrumentId, PriceDate, ClosePrice) VALUES ('INS-EQ-001', '2025-03-18', 112.96);
INSERT INTO PriceEOD (InstrumentId, PriceDate, ClosePrice) VALUES ('INS-EQ-001', '2025-03-19', 112.73);
INSERT INTO PriceEOD (InstrumentId, PriceDate, ClosePrice) VALUES ('INS-EQ-001', '2025-03-20', 113.49);
INSERT INTO PriceEOD (InstrumentId, PriceDate, ClosePrice) VALUES ('INS-EQ-001', '2025-03-21', 114.09);
INSERT INTO PriceEOD (InstrumentId, PriceDate, ClosePrice) VALUES ('INS-EQ-001', '2025-03-22', 113.79);
INSERT INTO PriceEOD (InstrumentId, PriceDate, ClosePrice) VALUES ('INS-EQ-001', '2025-03-23', 114.82);
INSERT INTO PriceEOD (InstrumentId, PriceDate, ClosePrice) VALUES ('INS-EQ-001', '2025-03-24', 114.15);
INSERT INTO PriceEOD (InstrumentId, PriceDate, ClosePrice) VALUES ('INS-EQ-001', '2025-03-25', 115.39);
INSERT INTO PriceEOD (InstrumentId, PriceDate, ClosePrice) VALUES ('INS-EQ-001', '2025-03-26', 115.49);
INSERT INTO PriceEOD (InstrumentId, PriceDate, ClosePrice) VALUES ('INS-EQ-001', '2025-03-27', 114.94);
INSERT INTO PriceEOD (InstrumentId, PriceDate, ClosePrice) VALUES ('INS-EQ-001', '2025-03-28', 116.09);
INSERT INTO PriceEOD (InstrumentId, PriceDate, ClosePrice) VALUES ('INS-EQ-001', '2025-03-29', 115.95);
INSERT INTO PriceEOD (InstrumentId, PriceDate, ClosePrice) VALUES ('INS-EQ-001', '2025-03-30', 116.83);
INSERT INTO PriceEOD (InstrumentId, PriceDate, ClosePrice) VALUES ('INS-EQ-001', '2025-03-31', 116.94);
INSERT INTO PriceEOD (InstrumentId, PriceDate, ClosePrice) VALUES ('INS-EQ-002', '2025-01-01', 217.58);
INSERT INTO PriceEOD (InstrumentId, PriceDate, ClosePrice) VALUES ('INS-EQ-002', '2025-01-02', 219.84);
INSERT INTO PriceEOD (InstrumentId, PriceDate, ClosePrice) VALUES ('INS-EQ-002', '2025-01-03', 220.03);
INSERT INTO PriceEOD (InstrumentId, PriceDate, ClosePrice) VALUES ('INS-EQ-002', '2025-01-04', 220.83);
INSERT INTO PriceEOD (InstrumentId, PriceDate, ClosePrice) VALUES ('INS-EQ-002', '2025-01-05', 221.16);
INSERT INTO PriceEOD (InstrumentId, PriceDate, ClosePrice) VALUES ('INS-EQ-002', '2025-01-06', 220.41);
INSERT INTO PriceEOD (InstrumentId, PriceDate, ClosePrice) VALUES ('INS-EQ-002', '2025-01-07', 222.22);
INSERT INTO PriceEOD (InstrumentId, PriceDate, ClosePrice) VALUES ('INS-EQ-002', '2025-01-08', 224.56);
INSERT INTO PriceEOD (InstrumentId, PriceDate, ClosePrice) VALUES ('INS-EQ-002', '2025-01-09', 226.97);
INSERT INTO PriceEOD (InstrumentId, PriceDate, ClosePrice) VALUES ('INS-EQ-002', '2025-01-10', 227.08);
INSERT INTO PriceEOD (InstrumentId, PriceDate, ClosePrice) VALUES ('INS-EQ-002', '2025-01-11', 226.73);
INSERT INTO PriceEOD (InstrumentId, PriceDate, ClosePrice) VALUES ('INS-EQ-002', '2025-01-12', 228.49);
INSERT INTO PriceEOD (InstrumentId, PriceDate, ClosePrice) VALUES ('INS-EQ-002', '2025-01-13', 227.41);
INSERT INTO PriceEOD (InstrumentId, PriceDate, ClosePrice) VALUES ('INS-EQ-002', '2025-01-14', 229.89);
INSERT INTO PriceEOD (InstrumentId, PriceDate, ClosePrice) VALUES ('INS-EQ-002', '2025-01-15', 232.26);
INSERT INTO PriceEOD (InstrumentId, PriceDate, ClosePrice) VALUES ('INS-EQ-002', '2025-01-16', 230.15);
INSERT INTO PriceEOD (InstrumentId, PriceDate, ClosePrice) VALUES ('INS-EQ-002', '2025-01-17', 232.64);
INSERT INTO PriceEOD (InstrumentId, PriceDate, ClosePrice) VALUES ('INS-EQ-002', '2025-01-18', 232.45);
INSERT INTO PriceEOD (InstrumentId, PriceDate, ClosePrice) VALUES ('INS-EQ-002', '2025-01-19', 232.68);
INSERT INTO PriceEOD (InstrumentId, PriceDate, ClosePrice) VALUES ('INS-EQ-002', '2025-01-20', 230.86);
INSERT INTO PriceEOD (InstrumentId, PriceDate, ClosePrice) VALUES ('INS-EQ-002', '2025-01-21', 229.65);
INSERT INTO PriceEOD (InstrumentId, PriceDate, ClosePrice) VALUES ('INS-EQ-002', '2025-01-22', 230.08);
INSERT INTO PriceEOD (InstrumentId, PriceDate, ClosePrice) VALUES ('INS-EQ-002', '2025-01-23', 231.60);
INSERT INTO PriceEOD (InstrumentId, PriceDate, ClosePrice) VALUES ('INS-EQ-002', '2025-01-24', 231.57);
INSERT INTO PriceEOD (InstrumentId, PriceDate, ClosePrice) VALUES ('INS-EQ-002', '2025-01-25', 233.49);
INSERT INTO PriceEOD (InstrumentId, PriceDate, ClosePrice) VALUES ('INS-EQ-002', '2025-01-26', 232.86);
INSERT INTO PriceEOD (InstrumentId, PriceDate, ClosePrice) VALUES ('INS-EQ-002', '2025-01-27', 232.91);
INSERT INTO PriceEOD (InstrumentId, PriceDate, ClosePrice) VALUES ('INS-EQ-002', '2025-01-28', 234.10);
INSERT INTO PriceEOD (InstrumentId, PriceDate, ClosePrice) VALUES ('INS-EQ-002', '2025-01-29', 236.73);
INSERT INTO PriceEOD (InstrumentId, PriceDate, ClosePrice) VALUES ('INS-EQ-002', '2025-01-30', 236.32);
INSERT INTO PriceEOD (InstrumentId, PriceDate, ClosePrice) VALUES ('INS-EQ-002', '2025-01-31', 236.94);
INSERT INTO PriceEOD (InstrumentId, PriceDate, ClosePrice) VALUES ('INS-EQ-002', '2025-02-01', 238.94);
INSERT INTO PriceEOD (InstrumentId, PriceDate, ClosePrice) VALUES ('INS-EQ-002', '2025-02-02', 236.65);
INSERT INTO PriceEOD (InstrumentId, PriceDate, ClosePrice) VALUES ('INS-EQ-002', '2025-02-03', 236.56);
INSERT INTO PriceEOD (InstrumentId, PriceDate, ClosePrice) VALUES ('INS-EQ-002', '2025-02-04', 237.39);
INSERT INTO PriceEOD (InstrumentId, PriceDate, ClosePrice) VALUES ('INS-EQ-002', '2025-02-05', 240.07);
INSERT INTO PriceEOD (InstrumentId, PriceDate, ClosePrice) VALUES ('INS-EQ-002', '2025-02-06', 237.81);
INSERT INTO PriceEOD (InstrumentId, PriceDate, ClosePrice) VALUES ('INS-EQ-002', '2025-02-07', 239.51);
INSERT INTO PriceEOD (InstrumentId, PriceDate, ClosePrice) VALUES ('INS-EQ-002', '2025-02-08', 241.09);
INSERT INTO PriceEOD (InstrumentId, PriceDate, ClosePrice) VALUES ('INS-EQ-002', '2025-02-09', 243.21);
INSERT INTO PriceEOD (InstrumentId, PriceDate, ClosePrice) VALUES ('INS-EQ-002', '2025-02-10', 242.88);
INSERT INTO PriceEOD (InstrumentId, PriceDate, ClosePrice) VALUES ('INS-EQ-002', '2025-02-11', 245.72);
INSERT INTO PriceEOD (InstrumentId, PriceDate, ClosePrice) VALUES ('INS-EQ-002', '2025-02-12', 244.29);
INSERT INTO PriceEOD (InstrumentId, PriceDate, ClosePrice) VALUES ('INS-EQ-002', '2025-02-13', 246.21);
INSERT INTO PriceEOD (InstrumentId, PriceDate, ClosePrice) VALUES ('INS-EQ-002', '2025-02-14', 245.46);
INSERT INTO PriceEOD (InstrumentId, PriceDate, ClosePrice) VALUES ('INS-EQ-002', '2025-02-15', 243.02);
INSERT INTO PriceEOD (InstrumentId, PriceDate, ClosePrice) VALUES ('INS-EQ-002', '2025-02-16', 245.06);
INSERT INTO PriceEOD (InstrumentId, PriceDate, ClosePrice) VALUES ('INS-EQ-002', '2025-02-17', 247.72);
INSERT INTO PriceEOD (InstrumentId, PriceDate, ClosePrice) VALUES ('INS-EQ-002', '2025-02-18', 250.17);
INSERT INTO PriceEOD (InstrumentId, PriceDate, ClosePrice) VALUES ('INS-EQ-002', '2025-02-19', 250.37);
INSERT INTO PriceEOD (InstrumentId, PriceDate, ClosePrice) VALUES ('INS-EQ-002', '2025-02-20', 251.75);
INSERT INTO PriceEOD (InstrumentId, PriceDate, ClosePrice) VALUES ('INS-EQ-002', '2025-02-21', 252.77);
INSERT INTO PriceEOD (InstrumentId, PriceDate, ClosePrice) VALUES ('INS-EQ-002', '2025-02-22', 253.15);
INSERT INTO PriceEOD (InstrumentId, PriceDate, ClosePrice) VALUES ('INS-EQ-002', '2025-02-23', 253.69);
INSERT INTO PriceEOD (InstrumentId, PriceDate, ClosePrice) VALUES ('INS-EQ-002', '2025-02-24', 251.45);
INSERT INTO PriceEOD (InstrumentId, PriceDate, ClosePrice) VALUES ('INS-EQ-002', '2025-02-25', 253.10);
INSERT INTO PriceEOD (InstrumentId, PriceDate, ClosePrice) VALUES ('INS-EQ-002', '2025-02-26', 251.97);
INSERT INTO PriceEOD (InstrumentId, PriceDate, ClosePrice) VALUES ('INS-EQ-002', '2025-02-27', 252.04);
INSERT INTO PriceEOD (InstrumentId, PriceDate, ClosePrice) VALUES ('INS-EQ-002', '2025-02-28', 249.90);
INSERT INTO PriceEOD (InstrumentId, PriceDate, ClosePrice) VALUES ('INS-EQ-002', '2025-03-01', 249.14);
INSERT INTO PriceEOD (InstrumentId, PriceDate, ClosePrice) VALUES ('INS-EQ-002', '2025-03-02', 249.40);
INSERT INTO PriceEOD (InstrumentId, PriceDate, ClosePrice) VALUES ('INS-EQ-002', '2025-03-03', 251.44);
INSERT INTO PriceEOD (InstrumentId, PriceDate, ClosePrice) VALUES ('INS-EQ-002', '2025-03-04', 250.51);
INSERT INTO PriceEOD (InstrumentId, PriceDate, ClosePrice) VALUES ('INS-EQ-002', '2025-03-05', 251.91);
INSERT INTO PriceEOD (InstrumentId, PriceDate, ClosePrice) VALUES ('INS-EQ-002', '2025-03-06', 249.92);
INSERT INTO PriceEOD (InstrumentId, PriceDate, ClosePrice) VALUES ('INS-EQ-002', '2025-03-07', 249.52);
INSERT INTO PriceEOD (InstrumentId, PriceDate, ClosePrice) VALUES ('INS-EQ-002', '2025-03-08', 249.78);
INSERT INTO PriceEOD (InstrumentId, PriceDate, ClosePrice) VALUES ('INS-EQ-002', '2025-03-09', 251.38);
INSERT INTO PriceEOD (InstrumentId, PriceDate, ClosePrice) VALUES ('INS-EQ-002', '2025-03-10', 254.04);
INSERT INTO PriceEOD (InstrumentId, PriceDate, ClosePrice) VALUES ('INS-EQ-002', '2025-03-11', 253.74);
INSERT INTO PriceEOD (InstrumentId, PriceDate, ClosePrice) VALUES ('INS-EQ-002', '2025-03-12', 256.13);
INSERT INTO PriceEOD (InstrumentId, PriceDate, ClosePrice) VALUES ('INS-EQ-002', '2025-03-13', 255.89);
INSERT INTO PriceEOD (InstrumentId, PriceDate, ClosePrice) VALUES ('INS-EQ-002', '2025-03-14', 254.41);
INSERT INTO PriceEOD (InstrumentId, PriceDate, ClosePrice) VALUES ('INS-EQ-002', '2025-03-15', 257.15);
INSERT INTO PriceEOD (InstrumentId, PriceDate, ClosePrice) VALUES ('INS-EQ-002', '2025-03-16', 260.14);
INSERT INTO PriceEOD (InstrumentId, PriceDate, ClosePrice) VALUES ('INS-EQ-002', '2025-03-17', 260.83);
INSERT INTO PriceEOD (InstrumentId, PriceDate, ClosePrice) VALUES ('INS-EQ-002', '2025-03-18', 258.57);
INSERT INTO PriceEOD (InstrumentId, PriceDate, ClosePrice) VALUES ('INS-EQ-002', '2025-03-19', 259.18);
INSERT INTO PriceEOD (InstrumentId, PriceDate, ClosePrice) VALUES ('INS-EQ-002', '2025-03-20', 261.47);
INSERT INTO PriceEOD (InstrumentId, PriceDate, ClosePrice) VALUES ('INS-EQ-002', '2025-03-21', 262.18);
INSERT INTO PriceEOD (InstrumentId, PriceDate, ClosePrice) VALUES ('INS-EQ-002', '2025-03-22', 262.12);
INSERT INTO PriceEOD (InstrumentId, PriceDate, ClosePrice) VALUES ('INS-EQ-002', '2025-03-23', 262.24);
INSERT INTO PriceEOD (InstrumentId, PriceDate, ClosePrice) VALUES ('INS-EQ-002', '2025-03-24', 265.02);
INSERT INTO PriceEOD (InstrumentId, PriceDate, ClosePrice) VALUES ('INS-EQ-002', '2025-03-25', 265.17);
INSERT INTO PriceEOD (InstrumentId, PriceDate, ClosePrice) VALUES ('INS-EQ-002', '2025-03-26', 267.33);
INSERT INTO PriceEOD (InstrumentId, PriceDate, ClosePrice) VALUES ('INS-EQ-002', '2025-03-27', 267.75);
INSERT INTO PriceEOD (InstrumentId, PriceDate, ClosePrice) VALUES ('INS-EQ-002', '2025-03-28', 268.13);
INSERT INTO PriceEOD (InstrumentId, PriceDate, ClosePrice) VALUES ('INS-EQ-002', '2025-03-29', 270.61);
INSERT INTO PriceEOD (InstrumentId, PriceDate, ClosePrice) VALUES ('INS-EQ-002', '2025-03-30', 268.55);
INSERT INTO PriceEOD (InstrumentId, PriceDate, ClosePrice) VALUES ('INS-EQ-002', '2025-03-31', 269.52);
INSERT INTO PriceEOD (InstrumentId, PriceDate, ClosePrice) VALUES ('INS-BD-001', '2025-01-01', 150.44);
INSERT INTO PriceEOD (InstrumentId, PriceDate, ClosePrice) VALUES ('INS-BD-001', '2025-01-02', 151.95);
INSERT INTO PriceEOD (InstrumentId, PriceDate, ClosePrice) VALUES ('INS-BD-001', '2025-01-03', 151.29);
INSERT INTO PriceEOD (InstrumentId, PriceDate, ClosePrice) VALUES ('INS-BD-001', '2025-01-04', 149.93);
INSERT INTO PriceEOD (InstrumentId, PriceDate, ClosePrice) VALUES ('INS-BD-001', '2025-01-05', 151.43);
INSERT INTO PriceEOD (InstrumentId, PriceDate, ClosePrice) VALUES ('INS-BD-001', '2025-01-06', 151.80);
INSERT INTO PriceEOD (InstrumentId, PriceDate, ClosePrice) VALUES ('INS-BD-001', '2025-01-07', 153.34);
INSERT INTO PriceEOD (InstrumentId, PriceDate, ClosePrice) VALUES ('INS-BD-001', '2025-01-08', 154.51);
INSERT INTO PriceEOD (InstrumentId, PriceDate, ClosePrice) VALUES ('INS-BD-001', '2025-01-09', 156.00);
INSERT INTO PriceEOD (InstrumentId, PriceDate, ClosePrice) VALUES ('INS-BD-001', '2025-01-10', 156.23);
INSERT INTO PriceEOD (InstrumentId, PriceDate, ClosePrice) VALUES ('INS-BD-001', '2025-01-11', 156.43);
INSERT INTO PriceEOD (InstrumentId, PriceDate, ClosePrice) VALUES ('INS-BD-001', '2025-01-12', 157.38);
INSERT INTO PriceEOD (InstrumentId, PriceDate, ClosePrice) VALUES ('INS-BD-001', '2025-01-13', 156.82);
INSERT INTO PriceEOD (InstrumentId, PriceDate, ClosePrice) VALUES ('INS-BD-001', '2025-01-14', 158.18);
INSERT INTO PriceEOD (InstrumentId, PriceDate, ClosePrice) VALUES ('INS-BD-001', '2025-01-15', 156.74);
INSERT INTO PriceEOD (InstrumentId, PriceDate, ClosePrice) VALUES ('INS-BD-001', '2025-01-16', 156.65);
INSERT INTO PriceEOD (InstrumentId, PriceDate, ClosePrice) VALUES ('INS-BD-001', '2025-01-17', 156.40);
INSERT INTO PriceEOD (InstrumentId, PriceDate, ClosePrice) VALUES ('INS-BD-001', '2025-01-18', 156.73);
INSERT INTO PriceEOD (InstrumentId, PriceDate, ClosePrice) VALUES ('INS-BD-001', '2025-01-19', 156.49);
INSERT INTO PriceEOD (InstrumentId, PriceDate, ClosePrice) VALUES ('INS-BD-001', '2025-01-20', 155.60);
INSERT INTO PriceEOD (InstrumentId, PriceDate, ClosePrice) VALUES ('INS-BD-001', '2025-01-21', 155.46);
INSERT INTO PriceEOD (InstrumentId, PriceDate, ClosePrice) VALUES ('INS-BD-001', '2025-01-22', 154.20);
INSERT INTO PriceEOD (InstrumentId, PriceDate, ClosePrice) VALUES ('INS-BD-001', '2025-01-23', 153.67);
INSERT INTO PriceEOD (InstrumentId, PriceDate, ClosePrice) VALUES ('INS-BD-001', '2025-01-24', 154.21);
INSERT INTO PriceEOD (InstrumentId, PriceDate, ClosePrice) VALUES ('INS-BD-001', '2025-01-25', 155.98);
INSERT INTO PriceEOD (InstrumentId, PriceDate, ClosePrice) VALUES ('INS-BD-001', '2025-01-26', 155.95);
INSERT INTO PriceEOD (InstrumentId, PriceDate, ClosePrice) VALUES ('INS-BD-001', '2025-01-27', 154.41);
INSERT INTO PriceEOD (InstrumentId, PriceDate, ClosePrice) VALUES ('INS-BD-001', '2025-01-28', 153.53);
INSERT INTO PriceEOD (InstrumentId, PriceDate, ClosePrice) VALUES ('INS-BD-001', '2025-01-29', 155.24);
INSERT INTO PriceEOD (InstrumentId, PriceDate, ClosePrice) VALUES ('INS-BD-001', '2025-01-30', 156.54);
INSERT INTO PriceEOD (InstrumentId, PriceDate, ClosePrice) VALUES ('INS-BD-001', '2025-01-31', 155.67);
INSERT INTO PriceEOD (InstrumentId, PriceDate, ClosePrice) VALUES ('INS-BD-001', '2025-02-01', 155.04);
INSERT INTO PriceEOD (InstrumentId, PriceDate, ClosePrice) VALUES ('INS-BD-001', '2025-02-02', 155.56);
INSERT INTO PriceEOD (InstrumentId, PriceDate, ClosePrice) VALUES ('INS-BD-001', '2025-02-03', 156.54);
INSERT INTO PriceEOD (InstrumentId, PriceDate, ClosePrice) VALUES ('INS-BD-001', '2025-02-04', 156.32);
INSERT INTO PriceEOD (InstrumentId, PriceDate, ClosePrice) VALUES ('INS-BD-001', '2025-02-05', 156.86);
INSERT INTO PriceEOD (InstrumentId, PriceDate, ClosePrice) VALUES ('INS-BD-001', '2025-02-06', 158.61);
INSERT INTO PriceEOD (InstrumentId, PriceDate, ClosePrice) VALUES ('INS-BD-001', '2025-02-07', 157.03);
INSERT INTO PriceEOD (InstrumentId, PriceDate, ClosePrice) VALUES ('INS-BD-001', '2025-02-08', 158.20);
INSERT INTO PriceEOD (InstrumentId, PriceDate, ClosePrice) VALUES ('INS-BD-001', '2025-02-09', 157.48);
INSERT INTO PriceEOD (InstrumentId, PriceDate, ClosePrice) VALUES ('INS-BD-001', '2025-02-10', 158.70);
INSERT INTO PriceEOD (InstrumentId, PriceDate, ClosePrice) VALUES ('INS-BD-001', '2025-02-11', 159.41);
INSERT INTO PriceEOD (InstrumentId, PriceDate, ClosePrice) VALUES ('INS-BD-001', '2025-02-12', 159.21);
INSERT INTO PriceEOD (InstrumentId, PriceDate, ClosePrice) VALUES ('INS-BD-001', '2025-02-13', 158.56);
INSERT INTO PriceEOD (InstrumentId, PriceDate, ClosePrice) VALUES ('INS-BD-001', '2025-02-14', 158.38);
INSERT INTO PriceEOD (InstrumentId, PriceDate, ClosePrice) VALUES ('INS-BD-001', '2025-02-15', 158.45);
INSERT INTO PriceEOD (InstrumentId, PriceDate, ClosePrice) VALUES ('INS-BD-001', '2025-02-16', 157.44);
INSERT INTO PriceEOD (InstrumentId, PriceDate, ClosePrice) VALUES ('INS-BD-001', '2025-02-17', 157.23);
INSERT INTO PriceEOD (InstrumentId, PriceDate, ClosePrice) VALUES ('INS-BD-001', '2025-02-18', 156.86);
INSERT INTO PriceEOD (InstrumentId, PriceDate, ClosePrice) VALUES ('INS-BD-001', '2025-02-19', 156.01);
INSERT INTO PriceEOD (InstrumentId, PriceDate, ClosePrice) VALUES ('INS-BD-001', '2025-02-20', 154.70);
INSERT INTO PriceEOD (InstrumentId, PriceDate, ClosePrice) VALUES ('INS-BD-001', '2025-02-21', 155.48);
INSERT INTO PriceEOD (InstrumentId, PriceDate, ClosePrice) VALUES ('INS-BD-001', '2025-02-22', 157.21);
INSERT INTO PriceEOD (InstrumentId, PriceDate, ClosePrice) VALUES ('INS-BD-001', '2025-02-23', 158.84);
INSERT INTO PriceEOD (InstrumentId, PriceDate, ClosePrice) VALUES ('INS-BD-001', '2025-02-24', 157.61);
INSERT INTO PriceEOD (InstrumentId, PriceDate, ClosePrice) VALUES ('INS-BD-001', '2025-02-25', 156.46);
INSERT INTO PriceEOD (InstrumentId, PriceDate, ClosePrice) VALUES ('INS-BD-001', '2025-02-26', 156.34);
INSERT INTO PriceEOD (InstrumentId, PriceDate, ClosePrice) VALUES ('INS-BD-001', '2025-02-27', 157.78);
INSERT INTO PriceEOD (InstrumentId, PriceDate, ClosePrice) VALUES ('INS-BD-001', '2025-02-28', 157.88);
INSERT INTO PriceEOD (InstrumentId, PriceDate, ClosePrice) VALUES ('INS-BD-001', '2025-03-01', 158.33);
INSERT INTO PriceEOD (InstrumentId, PriceDate, ClosePrice) VALUES ('INS-BD-001', '2025-03-02', 157.19);
INSERT INTO PriceEOD (InstrumentId, PriceDate, ClosePrice) VALUES ('INS-BD-001', '2025-03-03', 156.35);
INSERT INTO PriceEOD (InstrumentId, PriceDate, ClosePrice) VALUES ('INS-BD-001', '2025-03-04', 157.18);
INSERT INTO PriceEOD (InstrumentId, PriceDate, ClosePrice) VALUES ('INS-BD-001', '2025-03-05', 156.69);
INSERT INTO PriceEOD (InstrumentId, PriceDate, ClosePrice) VALUES ('INS-BD-001', '2025-03-06', 158.49);
INSERT INTO PriceEOD (InstrumentId, PriceDate, ClosePrice) VALUES ('INS-BD-001', '2025-03-07', 158.00);
INSERT INTO PriceEOD (InstrumentId, PriceDate, ClosePrice) VALUES ('INS-BD-001', '2025-03-08', 156.53);
INSERT INTO PriceEOD (InstrumentId, PriceDate, ClosePrice) VALUES ('INS-BD-001', '2025-03-09', 156.33);
INSERT INTO PriceEOD (InstrumentId, PriceDate, ClosePrice) VALUES ('INS-BD-001', '2025-03-10', 156.09);
INSERT INTO PriceEOD (InstrumentId, PriceDate, ClosePrice) VALUES ('INS-BD-001', '2025-03-11', 156.45);
INSERT INTO PriceEOD (InstrumentId, PriceDate, ClosePrice) VALUES ('INS-BD-001', '2025-03-12', 155.67);
INSERT INTO PriceEOD (InstrumentId, PriceDate, ClosePrice) VALUES ('INS-BD-001', '2025-03-13', 155.73);
INSERT INTO PriceEOD (InstrumentId, PriceDate, ClosePrice) VALUES ('INS-BD-001', '2025-03-14', 154.78);
INSERT INTO PriceEOD (InstrumentId, PriceDate, ClosePrice) VALUES ('INS-BD-001', '2025-03-15', 154.51);
INSERT INTO PriceEOD (InstrumentId, PriceDate, ClosePrice) VALUES ('INS-BD-001', '2025-03-16', 154.91);
INSERT INTO PriceEOD (InstrumentId, PriceDate, ClosePrice) VALUES ('INS-BD-001', '2025-03-17', 153.60);
INSERT INTO PriceEOD (InstrumentId, PriceDate, ClosePrice) VALUES ('INS-BD-001', '2025-03-18', 152.54);
INSERT INTO PriceEOD (InstrumentId, PriceDate, ClosePrice) VALUES ('INS-BD-001', '2025-03-19', 151.66);
INSERT INTO PriceEOD (InstrumentId, PriceDate, ClosePrice) VALUES ('INS-BD-001', '2025-03-20', 151.84);
INSERT INTO PriceEOD (InstrumentId, PriceDate, ClosePrice) VALUES ('INS-BD-001', '2025-03-21', 153.42);
INSERT INTO PriceEOD (InstrumentId, PriceDate, ClosePrice) VALUES ('INS-BD-001', '2025-03-22', 153.10);
INSERT INTO PriceEOD (InstrumentId, PriceDate, ClosePrice) VALUES ('INS-BD-001', '2025-03-23', 151.64);
INSERT INTO PriceEOD (InstrumentId, PriceDate, ClosePrice) VALUES ('INS-BD-001', '2025-03-24', 151.83);
INSERT INTO PriceEOD (InstrumentId, PriceDate, ClosePrice) VALUES ('INS-BD-001', '2025-03-25', 152.02);
INSERT INTO PriceEOD (InstrumentId, PriceDate, ClosePrice) VALUES ('INS-BD-001', '2025-03-26', 153.70);
INSERT INTO PriceEOD (InstrumentId, PriceDate, ClosePrice) VALUES ('INS-BD-001', '2025-03-27', 152.46);
INSERT INTO PriceEOD (InstrumentId, PriceDate, ClosePrice) VALUES ('INS-BD-001', '2025-03-28', 151.60);
INSERT INTO PriceEOD (InstrumentId, PriceDate, ClosePrice) VALUES ('INS-BD-001', '2025-03-29', 152.88);
INSERT INTO PriceEOD (InstrumentId, PriceDate, ClosePrice) VALUES ('INS-BD-001', '2025-03-30', 153.58);
INSERT INTO PriceEOD (InstrumentId, PriceDate, ClosePrice) VALUES ('INS-BD-001', '2025-03-31', 154.98);
INSERT INTO PriceEOD (InstrumentId, PriceDate, ClosePrice) VALUES ('INS-BD-002', '2025-01-01', 212.23);
INSERT INTO PriceEOD (InstrumentId, PriceDate, ClosePrice) VALUES ('INS-BD-002', '2025-01-02', 211.11);
INSERT INTO PriceEOD (InstrumentId, PriceDate, ClosePrice) VALUES ('INS-BD-002', '2025-01-03', 210.95);
INSERT INTO PriceEOD (InstrumentId, PriceDate, ClosePrice) VALUES ('INS-BD-002', '2025-01-04', 210.58);
INSERT INTO PriceEOD (InstrumentId, PriceDate, ClosePrice) VALUES ('INS-BD-002', '2025-01-05', 212.72);
INSERT INTO PriceEOD (InstrumentId, PriceDate, ClosePrice) VALUES ('INS-BD-002', '2025-01-06', 213.01);
INSERT INTO PriceEOD (InstrumentId, PriceDate, ClosePrice) VALUES ('INS-BD-002', '2025-01-07', 212.31);
INSERT INTO PriceEOD (InstrumentId, PriceDate, ClosePrice) VALUES ('INS-BD-002', '2025-01-08', 211.63);
INSERT INTO PriceEOD (InstrumentId, PriceDate, ClosePrice) VALUES ('INS-BD-002', '2025-01-09', 210.97);
INSERT INTO PriceEOD (InstrumentId, PriceDate, ClosePrice) VALUES ('INS-BD-002', '2025-01-10', 209.23);
INSERT INTO PriceEOD (InstrumentId, PriceDate, ClosePrice) VALUES ('INS-BD-002', '2025-01-11', 210.98);
INSERT INTO PriceEOD (InstrumentId, PriceDate, ClosePrice) VALUES ('INS-BD-002', '2025-01-12', 210.51);
INSERT INTO PriceEOD (InstrumentId, PriceDate, ClosePrice) VALUES ('INS-BD-002', '2025-01-13', 212.14);
INSERT INTO PriceEOD (InstrumentId, PriceDate, ClosePrice) VALUES ('INS-BD-002', '2025-01-14', 213.97);
INSERT INTO PriceEOD (InstrumentId, PriceDate, ClosePrice) VALUES ('INS-BD-002', '2025-01-15', 213.19);
INSERT INTO PriceEOD (InstrumentId, PriceDate, ClosePrice) VALUES ('INS-BD-002', '2025-01-16', 214.96);
INSERT INTO PriceEOD (InstrumentId, PriceDate, ClosePrice) VALUES ('INS-BD-002', '2025-01-17', 215.94);
INSERT INTO PriceEOD (InstrumentId, PriceDate, ClosePrice) VALUES ('INS-BD-002', '2025-01-18', 217.67);
INSERT INTO PriceEOD (InstrumentId, PriceDate, ClosePrice) VALUES ('INS-BD-002', '2025-01-19', 219.66);
INSERT INTO PriceEOD (InstrumentId, PriceDate, ClosePrice) VALUES ('INS-BD-002', '2025-01-20', 220.23);
INSERT INTO PriceEOD (InstrumentId, PriceDate, ClosePrice) VALUES ('INS-BD-002', '2025-01-21', 222.43);
INSERT INTO PriceEOD (InstrumentId, PriceDate, ClosePrice) VALUES ('INS-BD-002', '2025-01-22', 220.59);
INSERT INTO PriceEOD (InstrumentId, PriceDate, ClosePrice) VALUES ('INS-BD-002', '2025-01-23', 222.83);
INSERT INTO PriceEOD (InstrumentId, PriceDate, ClosePrice) VALUES ('INS-BD-002', '2025-01-24', 224.85);
INSERT INTO PriceEOD (InstrumentId, PriceDate, ClosePrice) VALUES ('INS-BD-002', '2025-01-25', 224.29);
INSERT INTO PriceEOD (InstrumentId, PriceDate, ClosePrice) VALUES ('INS-BD-002', '2025-01-26', 223.71);
INSERT INTO PriceEOD (InstrumentId, PriceDate, ClosePrice) VALUES ('INS-BD-002', '2025-01-27', 226.11);
INSERT INTO PriceEOD (InstrumentId, PriceDate, ClosePrice) VALUES ('INS-BD-002', '2025-01-28', 227.14);
INSERT INTO PriceEOD (InstrumentId, PriceDate, ClosePrice) VALUES ('INS-BD-002', '2025-01-29', 224.93);
INSERT INTO PriceEOD (InstrumentId, PriceDate, ClosePrice) VALUES ('INS-BD-002', '2025-01-30', 227.61);
INSERT INTO PriceEOD (InstrumentId, PriceDate, ClosePrice) VALUES ('INS-BD-002', '2025-01-31', 226.30);
INSERT INTO PriceEOD (InstrumentId, PriceDate, ClosePrice) VALUES ('INS-BD-002', '2025-02-01', 224.92);
INSERT INTO PriceEOD (InstrumentId, PriceDate, ClosePrice) VALUES ('INS-BD-002', '2025-02-02', 223.57);
INSERT INTO PriceEOD (InstrumentId, PriceDate, ClosePrice) VALUES ('INS-BD-002', '2025-02-03', 221.67);
INSERT INTO PriceEOD (InstrumentId, PriceDate, ClosePrice) VALUES ('INS-BD-002', '2025-02-04', 222.28);
INSERT INTO PriceEOD (InstrumentId, PriceDate, ClosePrice) VALUES ('INS-BD-002', '2025-02-05', 222.09);
INSERT INTO PriceEOD (InstrumentId, PriceDate, ClosePrice) VALUES ('INS-BD-002', '2025-02-06', 224.39);
INSERT INTO PriceEOD (InstrumentId, PriceDate, ClosePrice) VALUES ('INS-BD-002', '2025-02-07', 222.62);
INSERT INTO PriceEOD (InstrumentId, PriceDate, ClosePrice) VALUES ('INS-BD-002', '2025-02-08', 223.06);
INSERT INTO PriceEOD (InstrumentId, PriceDate, ClosePrice) VALUES ('INS-BD-002', '2025-02-09', 222.04);
INSERT INTO PriceEOD (InstrumentId, PriceDate, ClosePrice) VALUES ('INS-BD-002', '2025-02-10', 224.12);
INSERT INTO PriceEOD (InstrumentId, PriceDate, ClosePrice) VALUES ('INS-BD-002', '2025-02-11', 223.87);
INSERT INTO PriceEOD (InstrumentId, PriceDate, ClosePrice) VALUES ('INS-BD-002', '2025-02-12', 223.26);
INSERT INTO PriceEOD (InstrumentId, PriceDate, ClosePrice) VALUES ('INS-BD-002', '2025-02-13', 223.78);
INSERT INTO PriceEOD (InstrumentId, PriceDate, ClosePrice) VALUES ('INS-BD-002', '2025-02-14', 221.87);
INSERT INTO PriceEOD (InstrumentId, PriceDate, ClosePrice) VALUES ('INS-BD-002', '2025-02-15', 222.28);
INSERT INTO PriceEOD (InstrumentId, PriceDate, ClosePrice) VALUES ('INS-BD-002', '2025-02-16', 222.93);
INSERT INTO PriceEOD (InstrumentId, PriceDate, ClosePrice) VALUES ('INS-BD-002', '2025-02-17', 221.00);
INSERT INTO PriceEOD (InstrumentId, PriceDate, ClosePrice) VALUES ('INS-BD-002', '2025-02-18', 221.38);
INSERT INTO PriceEOD (InstrumentId, PriceDate, ClosePrice) VALUES ('INS-BD-002', '2025-02-19', 223.36);
INSERT INTO PriceEOD (InstrumentId, PriceDate, ClosePrice) VALUES ('INS-BD-002', '2025-02-20', 223.48);
INSERT INTO PriceEOD (InstrumentId, PriceDate, ClosePrice) VALUES ('INS-BD-002', '2025-02-21', 222.47);
INSERT INTO PriceEOD (InstrumentId, PriceDate, ClosePrice) VALUES ('INS-BD-002', '2025-02-22', 223.83);
INSERT INTO PriceEOD (InstrumentId, PriceDate, ClosePrice) VALUES ('INS-BD-002', '2025-02-23', 222.72);
INSERT INTO PriceEOD (InstrumentId, PriceDate, ClosePrice) VALUES ('INS-BD-002', '2025-02-24', 222.43);
INSERT INTO PriceEOD (InstrumentId, PriceDate, ClosePrice) VALUES ('INS-BD-002', '2025-02-25', 221.47);
INSERT INTO PriceEOD (InstrumentId, PriceDate, ClosePrice) VALUES ('INS-BD-002', '2025-02-26', 220.21);
INSERT INTO PriceEOD (InstrumentId, PriceDate, ClosePrice) VALUES ('INS-BD-002', '2025-02-27', 219.01);
INSERT INTO PriceEOD (InstrumentId, PriceDate, ClosePrice) VALUES ('INS-BD-002', '2025-02-28', 220.90);
INSERT INTO PriceEOD (InstrumentId, PriceDate, ClosePrice) VALUES ('INS-BD-002', '2025-03-01', 222.96);
INSERT INTO PriceEOD (InstrumentId, PriceDate, ClosePrice) VALUES ('INS-BD-002', '2025-03-02', 225.31);
INSERT INTO PriceEOD (InstrumentId, PriceDate, ClosePrice) VALUES ('INS-BD-002', '2025-03-03', 228.00);
INSERT INTO PriceEOD (InstrumentId, PriceDate, ClosePrice) VALUES ('INS-BD-002', '2025-03-04', 227.32);
INSERT INTO PriceEOD (InstrumentId, PriceDate, ClosePrice) VALUES ('INS-BD-002', '2025-03-05', 226.80);
INSERT INTO PriceEOD (InstrumentId, PriceDate, ClosePrice) VALUES ('INS-BD-002', '2025-03-06', 224.84);
INSERT INTO PriceEOD (InstrumentId, PriceDate, ClosePrice) VALUES ('INS-BD-002', '2025-03-07', 225.04);
INSERT INTO PriceEOD (InstrumentId, PriceDate, ClosePrice) VALUES ('INS-BD-002', '2025-03-08', 223.76);
INSERT INTO PriceEOD (InstrumentId, PriceDate, ClosePrice) VALUES ('INS-BD-002', '2025-03-09', 221.71);
INSERT INTO PriceEOD (InstrumentId, PriceDate, ClosePrice) VALUES ('INS-BD-002', '2025-03-10', 222.49);
INSERT INTO PriceEOD (InstrumentId, PriceDate, ClosePrice) VALUES ('INS-BD-002', '2025-03-11', 223.68);
INSERT INTO PriceEOD (InstrumentId, PriceDate, ClosePrice) VALUES ('INS-BD-002', '2025-03-12', 223.36);
INSERT INTO PriceEOD (InstrumentId, PriceDate, ClosePrice) VALUES ('INS-BD-002', '2025-03-13', 223.64);
INSERT INTO PriceEOD (InstrumentId, PriceDate, ClosePrice) VALUES ('INS-BD-002', '2025-03-14', 224.54);
INSERT INTO PriceEOD (InstrumentId, PriceDate, ClosePrice) VALUES ('INS-BD-002', '2025-03-15', 222.96);
INSERT INTO PriceEOD (InstrumentId, PriceDate, ClosePrice) VALUES ('INS-BD-002', '2025-03-16', 224.42);
INSERT INTO PriceEOD (InstrumentId, PriceDate, ClosePrice) VALUES ('INS-BD-002', '2025-03-17', 223.61);
INSERT INTO PriceEOD (InstrumentId, PriceDate, ClosePrice) VALUES ('INS-BD-002', '2025-03-18', 225.22);
INSERT INTO PriceEOD (InstrumentId, PriceDate, ClosePrice) VALUES ('INS-BD-002', '2025-03-19', 223.52);
INSERT INTO PriceEOD (InstrumentId, PriceDate, ClosePrice) VALUES ('INS-BD-002', '2025-03-20', 221.99);
INSERT INTO PriceEOD (InstrumentId, PriceDate, ClosePrice) VALUES ('INS-BD-002', '2025-03-21', 222.19);
INSERT INTO PriceEOD (InstrumentId, PriceDate, ClosePrice) VALUES ('INS-BD-002', '2025-03-22', 223.63);
INSERT INTO PriceEOD (InstrumentId, PriceDate, ClosePrice) VALUES ('INS-BD-002', '2025-03-23', 222.64);
INSERT INTO PriceEOD (InstrumentId, PriceDate, ClosePrice) VALUES ('INS-BD-002', '2025-03-24', 222.80);
INSERT INTO PriceEOD (InstrumentId, PriceDate, ClosePrice) VALUES ('INS-BD-002', '2025-03-25', 221.07);
INSERT INTO PriceEOD (InstrumentId, PriceDate, ClosePrice) VALUES ('INS-BD-002', '2025-03-26', 219.29);
INSERT INTO PriceEOD (InstrumentId, PriceDate, ClosePrice) VALUES ('INS-BD-002', '2025-03-27', 221.19);
INSERT INTO PriceEOD (InstrumentId, PriceDate, ClosePrice) VALUES ('INS-BD-002', '2025-03-28', 222.10);
INSERT INTO PriceEOD (InstrumentId, PriceDate, ClosePrice) VALUES ('INS-BD-002', '2025-03-29', 221.30);
INSERT INTO PriceEOD (InstrumentId, PriceDate, ClosePrice) VALUES ('INS-BD-002', '2025-03-30', 219.60);
INSERT INTO PriceEOD (InstrumentId, PriceDate, ClosePrice) VALUES ('INS-BD-002', '2025-03-31', 217.53);
INSERT INTO PriceEOD (InstrumentId, PriceDate, ClosePrice) VALUES ('INS-EQ-003', '2025-01-01', 170.37);
INSERT INTO PriceEOD (InstrumentId, PriceDate, ClosePrice) VALUES ('INS-EQ-003', '2025-01-02', 170.86);
INSERT INTO PriceEOD (InstrumentId, PriceDate, ClosePrice) VALUES ('INS-EQ-003', '2025-01-03', 172.12);
INSERT INTO PriceEOD (InstrumentId, PriceDate, ClosePrice) VALUES ('INS-EQ-003', '2025-01-04', 172.12);
INSERT INTO PriceEOD (InstrumentId, PriceDate, ClosePrice) VALUES ('INS-EQ-003', '2025-01-05', 173.88);
INSERT INTO PriceEOD (InstrumentId, PriceDate, ClosePrice) VALUES ('INS-EQ-003', '2025-01-06', 175.89);
INSERT INTO PriceEOD (InstrumentId, PriceDate, ClosePrice) VALUES ('INS-EQ-003', '2025-01-07', 175.64);
INSERT INTO PriceEOD (InstrumentId, PriceDate, ClosePrice) VALUES ('INS-EQ-003', '2025-01-08', 176.00);
INSERT INTO PriceEOD (InstrumentId, PriceDate, ClosePrice) VALUES ('INS-EQ-003', '2025-01-09', 175.56);
INSERT INTO PriceEOD (InstrumentId, PriceDate, ClosePrice) VALUES ('INS-EQ-003', '2025-01-10', 176.17);
INSERT INTO PriceEOD (InstrumentId, PriceDate, ClosePrice) VALUES ('INS-EQ-003', '2025-01-11', 176.07);
INSERT INTO PriceEOD (InstrumentId, PriceDate, ClosePrice) VALUES ('INS-EQ-003', '2025-01-12', 175.49);
INSERT INTO PriceEOD (InstrumentId, PriceDate, ClosePrice) VALUES ('INS-EQ-003', '2025-01-13', 175.19);
INSERT INTO PriceEOD (InstrumentId, PriceDate, ClosePrice) VALUES ('INS-EQ-003', '2025-01-14', 176.53);
INSERT INTO PriceEOD (InstrumentId, PriceDate, ClosePrice) VALUES ('INS-EQ-003', '2025-01-15', 178.48);
INSERT INTO PriceEOD (InstrumentId, PriceDate, ClosePrice) VALUES ('INS-EQ-003', '2025-01-16', 177.92);
INSERT INTO PriceEOD (InstrumentId, PriceDate, ClosePrice) VALUES ('INS-EQ-003', '2025-01-17', 179.11);
INSERT INTO PriceEOD (InstrumentId, PriceDate, ClosePrice) VALUES ('INS-EQ-003', '2025-01-18', 179.49);
INSERT INTO PriceEOD (InstrumentId, PriceDate, ClosePrice) VALUES ('INS-EQ-003', '2025-01-19', 179.94);
INSERT INTO PriceEOD (InstrumentId, PriceDate, ClosePrice) VALUES ('INS-EQ-003', '2025-01-20', 181.32);
INSERT INTO PriceEOD (InstrumentId, PriceDate, ClosePrice) VALUES ('INS-EQ-003', '2025-01-21', 179.61);
INSERT INTO PriceEOD (InstrumentId, PriceDate, ClosePrice) VALUES ('INS-EQ-003', '2025-01-22', 181.27);
INSERT INTO PriceEOD (InstrumentId, PriceDate, ClosePrice) VALUES ('INS-EQ-003', '2025-01-23', 181.64);
INSERT INTO PriceEOD (InstrumentId, PriceDate, ClosePrice) VALUES ('INS-EQ-003', '2025-01-24', 183.13);
INSERT INTO PriceEOD (InstrumentId, PriceDate, ClosePrice) VALUES ('INS-EQ-003', '2025-01-25', 182.79);
INSERT INTO PriceEOD (InstrumentId, PriceDate, ClosePrice) VALUES ('INS-EQ-003', '2025-01-26', 181.01);
INSERT INTO PriceEOD (InstrumentId, PriceDate, ClosePrice) VALUES ('INS-EQ-003', '2025-01-27', 181.16);
INSERT INTO PriceEOD (InstrumentId, PriceDate, ClosePrice) VALUES ('INS-EQ-003', '2025-01-28', 179.97);
INSERT INTO PriceEOD (InstrumentId, PriceDate, ClosePrice) VALUES ('INS-EQ-003', '2025-01-29', 181.42);
INSERT INTO PriceEOD (InstrumentId, PriceDate, ClosePrice) VALUES ('INS-EQ-003', '2025-01-30', 179.90);
INSERT INTO PriceEOD (InstrumentId, PriceDate, ClosePrice) VALUES ('INS-EQ-003', '2025-01-31', 180.75);
INSERT INTO PriceEOD (InstrumentId, PriceDate, ClosePrice) VALUES ('INS-EQ-003', '2025-02-01', 181.29);
INSERT INTO PriceEOD (InstrumentId, PriceDate, ClosePrice) VALUES ('INS-EQ-003', '2025-02-02', 180.38);
INSERT INTO PriceEOD (InstrumentId, PriceDate, ClosePrice) VALUES ('INS-EQ-003', '2025-02-03', 182.54);
INSERT INTO PriceEOD (InstrumentId, PriceDate, ClosePrice) VALUES ('INS-EQ-003', '2025-02-04', 183.71);
INSERT INTO PriceEOD (InstrumentId, PriceDate, ClosePrice) VALUES ('INS-EQ-003', '2025-02-05', 183.34);
INSERT INTO PriceEOD (InstrumentId, PriceDate, ClosePrice) VALUES ('INS-EQ-003', '2025-02-06', 183.08);
INSERT INTO PriceEOD (InstrumentId, PriceDate, ClosePrice) VALUES ('INS-EQ-003', '2025-02-07', 183.24);
INSERT INTO PriceEOD (InstrumentId, PriceDate, ClosePrice) VALUES ('INS-EQ-003', '2025-02-08', 183.48);
INSERT INTO PriceEOD (InstrumentId, PriceDate, ClosePrice) VALUES ('INS-EQ-003', '2025-02-09', 184.65);
INSERT INTO PriceEOD (InstrumentId, PriceDate, ClosePrice) VALUES ('INS-EQ-003', '2025-02-10', 185.17);
INSERT INTO PriceEOD (InstrumentId, PriceDate, ClosePrice) VALUES ('INS-EQ-003', '2025-02-11', 186.89);
INSERT INTO PriceEOD (InstrumentId, PriceDate, ClosePrice) VALUES ('INS-EQ-003', '2025-02-12', 187.99);
INSERT INTO PriceEOD (InstrumentId, PriceDate, ClosePrice) VALUES ('INS-EQ-003', '2025-02-13', 189.67);
INSERT INTO PriceEOD (InstrumentId, PriceDate, ClosePrice) VALUES ('INS-EQ-003', '2025-02-14', 191.35);
INSERT INTO PriceEOD (InstrumentId, PriceDate, ClosePrice) VALUES ('INS-EQ-003', '2025-02-15', 189.59);
INSERT INTO PriceEOD (InstrumentId, PriceDate, ClosePrice) VALUES ('INS-EQ-003', '2025-02-16', 189.73);
INSERT INTO PriceEOD (InstrumentId, PriceDate, ClosePrice) VALUES ('INS-EQ-003', '2025-02-17', 191.96);
INSERT INTO PriceEOD (InstrumentId, PriceDate, ClosePrice) VALUES ('INS-EQ-003', '2025-02-18', 192.96);
INSERT INTO PriceEOD (InstrumentId, PriceDate, ClosePrice) VALUES ('INS-EQ-003', '2025-02-19', 192.03);
INSERT INTO PriceEOD (InstrumentId, PriceDate, ClosePrice) VALUES ('INS-EQ-003', '2025-02-20', 193.72);
INSERT INTO PriceEOD (InstrumentId, PriceDate, ClosePrice) VALUES ('INS-EQ-003', '2025-02-21', 192.29);
INSERT INTO PriceEOD (InstrumentId, PriceDate, ClosePrice) VALUES ('INS-EQ-003', '2025-02-22', 193.35);
INSERT INTO PriceEOD (InstrumentId, PriceDate, ClosePrice) VALUES ('INS-EQ-003', '2025-02-23', 192.75);
INSERT INTO PriceEOD (InstrumentId, PriceDate, ClosePrice) VALUES ('INS-EQ-003', '2025-02-24', 194.59);
INSERT INTO PriceEOD (InstrumentId, PriceDate, ClosePrice) VALUES ('INS-EQ-003', '2025-02-25', 196.38);
INSERT INTO PriceEOD (InstrumentId, PriceDate, ClosePrice) VALUES ('INS-EQ-003', '2025-02-26', 195.89);
INSERT INTO PriceEOD (InstrumentId, PriceDate, ClosePrice) VALUES ('INS-EQ-003', '2025-02-27', 196.04);
INSERT INTO PriceEOD (InstrumentId, PriceDate, ClosePrice) VALUES ('INS-EQ-003', '2025-02-28', 194.96);
INSERT INTO PriceEOD (InstrumentId, PriceDate, ClosePrice) VALUES ('INS-EQ-003', '2025-03-01', 195.25);
INSERT INTO PriceEOD (InstrumentId, PriceDate, ClosePrice) VALUES ('INS-EQ-003', '2025-03-02', 194.23);
INSERT INTO PriceEOD (InstrumentId, PriceDate, ClosePrice) VALUES ('INS-EQ-003', '2025-03-03', 192.49);
INSERT INTO PriceEOD (InstrumentId, PriceDate, ClosePrice) VALUES ('INS-EQ-003', '2025-03-04', 190.99);
INSERT INTO PriceEOD (InstrumentId, PriceDate, ClosePrice) VALUES ('INS-EQ-003', '2025-03-05', 191.14);
INSERT INTO PriceEOD (InstrumentId, PriceDate, ClosePrice) VALUES ('INS-EQ-003', '2025-03-06', 192.96);
INSERT INTO PriceEOD (InstrumentId, PriceDate, ClosePrice) VALUES ('INS-EQ-003', '2025-03-07', 193.98);
INSERT INTO PriceEOD (InstrumentId, PriceDate, ClosePrice) VALUES ('INS-EQ-003', '2025-03-08', 192.45);
INSERT INTO PriceEOD (InstrumentId, PriceDate, ClosePrice) VALUES ('INS-EQ-003', '2025-03-09', 192.65);
INSERT INTO PriceEOD (InstrumentId, PriceDate, ClosePrice) VALUES ('INS-EQ-003', '2025-03-10', 194.64);
INSERT INTO PriceEOD (InstrumentId, PriceDate, ClosePrice) VALUES ('INS-EQ-003', '2025-03-11', 195.05);
INSERT INTO PriceEOD (InstrumentId, PriceDate, ClosePrice) VALUES ('INS-EQ-003', '2025-03-12', 196.40);
INSERT INTO PriceEOD (InstrumentId, PriceDate, ClosePrice) VALUES ('INS-EQ-003', '2025-03-13', 195.98);
INSERT INTO PriceEOD (InstrumentId, PriceDate, ClosePrice) VALUES ('INS-EQ-003', '2025-03-14', 196.15);
INSERT INTO PriceEOD (InstrumentId, PriceDate, ClosePrice) VALUES ('INS-EQ-003', '2025-03-15', 194.84);
INSERT INTO PriceEOD (InstrumentId, PriceDate, ClosePrice) VALUES ('INS-EQ-003', '2025-03-16', 193.13);
INSERT INTO PriceEOD (InstrumentId, PriceDate, ClosePrice) VALUES ('INS-EQ-003', '2025-03-17', 192.66);
INSERT INTO PriceEOD (InstrumentId, PriceDate, ClosePrice) VALUES ('INS-EQ-003', '2025-03-18', 191.59);
INSERT INTO PriceEOD (InstrumentId, PriceDate, ClosePrice) VALUES ('INS-EQ-003', '2025-03-19', 190.00);
INSERT INTO PriceEOD (InstrumentId, PriceDate, ClosePrice) VALUES ('INS-EQ-003', '2025-03-20', 191.09);
INSERT INTO PriceEOD (InstrumentId, PriceDate, ClosePrice) VALUES ('INS-EQ-003', '2025-03-21', 191.49);
INSERT INTO PriceEOD (InstrumentId, PriceDate, ClosePrice) VALUES ('INS-EQ-003', '2025-03-22', 190.01);
INSERT INTO PriceEOD (InstrumentId, PriceDate, ClosePrice) VALUES ('INS-EQ-003', '2025-03-23', 190.50);
INSERT INTO PriceEOD (InstrumentId, PriceDate, ClosePrice) VALUES ('INS-EQ-003', '2025-03-24', 190.18);
INSERT INTO PriceEOD (InstrumentId, PriceDate, ClosePrice) VALUES ('INS-EQ-003', '2025-03-25', 191.33);
INSERT INTO PriceEOD (InstrumentId, PriceDate, ClosePrice) VALUES ('INS-EQ-003', '2025-03-26', 193.44);
INSERT INTO PriceEOD (InstrumentId, PriceDate, ClosePrice) VALUES ('INS-EQ-003', '2025-03-27', 195.32);
INSERT INTO PriceEOD (InstrumentId, PriceDate, ClosePrice) VALUES ('INS-EQ-003', '2025-03-28', 194.82);
INSERT INTO PriceEOD (InstrumentId, PriceDate, ClosePrice) VALUES ('INS-EQ-003', '2025-03-29', 195.16);
INSERT INTO PriceEOD (InstrumentId, PriceDate, ClosePrice) VALUES ('INS-EQ-003', '2025-03-30', 194.01);
INSERT INTO PriceEOD (InstrumentId, PriceDate, ClosePrice) VALUES ('INS-EQ-003', '2025-03-31', 195.34);
INSERT INTO PriceEOD (InstrumentId, PriceDate, ClosePrice) VALUES ('INS-BD-003', '2025-01-01', 181.05);
INSERT INTO PriceEOD (InstrumentId, PriceDate, ClosePrice) VALUES ('INS-BD-003', '2025-01-02', 181.83);
INSERT INTO PriceEOD (InstrumentId, PriceDate, ClosePrice) VALUES ('INS-BD-003', '2025-01-03', 183.24);
INSERT INTO PriceEOD (InstrumentId, PriceDate, ClosePrice) VALUES ('INS-BD-003', '2025-01-04', 184.43);
INSERT INTO PriceEOD (InstrumentId, PriceDate, ClosePrice) VALUES ('INS-BD-003', '2025-01-05', 184.83);
INSERT INTO PriceEOD (InstrumentId, PriceDate, ClosePrice) VALUES ('INS-BD-003', '2025-01-06', 186.83);
INSERT INTO PriceEOD (InstrumentId, PriceDate, ClosePrice) VALUES ('INS-BD-003', '2025-01-07', 188.00);
INSERT INTO PriceEOD (InstrumentId, PriceDate, ClosePrice) VALUES ('INS-BD-003', '2025-01-08', 187.88);
INSERT INTO PriceEOD (InstrumentId, PriceDate, ClosePrice) VALUES ('INS-BD-003', '2025-01-09', 187.32);
INSERT INTO PriceEOD (InstrumentId, PriceDate, ClosePrice) VALUES ('INS-BD-003', '2025-01-10', 188.70);
INSERT INTO PriceEOD (InstrumentId, PriceDate, ClosePrice) VALUES ('INS-BD-003', '2025-01-11', 186.88);
INSERT INTO PriceEOD (InstrumentId, PriceDate, ClosePrice) VALUES ('INS-BD-003', '2025-01-12', 188.48);
INSERT INTO PriceEOD (InstrumentId, PriceDate, ClosePrice) VALUES ('INS-BD-003', '2025-01-13', 186.77);
INSERT INTO PriceEOD (InstrumentId, PriceDate, ClosePrice) VALUES ('INS-BD-003', '2025-01-14', 187.51);
INSERT INTO PriceEOD (InstrumentId, PriceDate, ClosePrice) VALUES ('INS-BD-003', '2025-01-15', 187.80);
INSERT INTO PriceEOD (InstrumentId, PriceDate, ClosePrice) VALUES ('INS-BD-003', '2025-01-16', 186.33);
INSERT INTO PriceEOD (InstrumentId, PriceDate, ClosePrice) VALUES ('INS-BD-003', '2025-01-17', 186.16);
INSERT INTO PriceEOD (InstrumentId, PriceDate, ClosePrice) VALUES ('INS-BD-003', '2025-01-18', 186.12);
INSERT INTO PriceEOD (InstrumentId, PriceDate, ClosePrice) VALUES ('INS-BD-003', '2025-01-19', 184.30);
INSERT INTO PriceEOD (InstrumentId, PriceDate, ClosePrice) VALUES ('INS-BD-003', '2025-01-20', 184.67);
INSERT INTO PriceEOD (InstrumentId, PriceDate, ClosePrice) VALUES ('INS-BD-003', '2025-01-21', 184.22);
INSERT INTO PriceEOD (InstrumentId, PriceDate, ClosePrice) VALUES ('INS-BD-003', '2025-01-22', 183.29);
INSERT INTO PriceEOD (InstrumentId, PriceDate, ClosePrice) VALUES ('INS-BD-003', '2025-01-23', 184.10);
INSERT INTO PriceEOD (InstrumentId, PriceDate, ClosePrice) VALUES ('INS-BD-003', '2025-01-24', 185.93);
INSERT INTO PriceEOD (InstrumentId, PriceDate, ClosePrice) VALUES ('INS-BD-003', '2025-01-25', 185.28);
INSERT INTO PriceEOD (InstrumentId, PriceDate, ClosePrice) VALUES ('INS-BD-003', '2025-01-26', 183.57);
INSERT INTO PriceEOD (InstrumentId, PriceDate, ClosePrice) VALUES ('INS-BD-003', '2025-01-27', 185.10);
INSERT INTO PriceEOD (InstrumentId, PriceDate, ClosePrice) VALUES ('INS-BD-003', '2025-01-28', 183.80);
INSERT INTO PriceEOD (InstrumentId, PriceDate, ClosePrice) VALUES ('INS-BD-003', '2025-01-29', 184.92);
INSERT INTO PriceEOD (InstrumentId, PriceDate, ClosePrice) VALUES ('INS-BD-003', '2025-01-30', 185.54);
INSERT INTO PriceEOD (InstrumentId, PriceDate, ClosePrice) VALUES ('INS-BD-003', '2025-01-31', 184.15);
INSERT INTO PriceEOD (InstrumentId, PriceDate, ClosePrice) VALUES ('INS-BD-003', '2025-02-01', 185.67);
INSERT INTO PriceEOD (InstrumentId, PriceDate, ClosePrice) VALUES ('INS-BD-003', '2025-02-02', 184.85);
INSERT INTO PriceEOD (InstrumentId, PriceDate, ClosePrice) VALUES ('INS-BD-003', '2025-02-03', 186.08);
INSERT INTO PriceEOD (InstrumentId, PriceDate, ClosePrice) VALUES ('INS-BD-003', '2025-02-04', 186.71);
INSERT INTO PriceEOD (InstrumentId, PriceDate, ClosePrice) VALUES ('INS-BD-003', '2025-02-05', 185.69);
INSERT INTO PriceEOD (InstrumentId, PriceDate, ClosePrice) VALUES ('INS-BD-003', '2025-02-06', 186.43);
INSERT INTO PriceEOD (InstrumentId, PriceDate, ClosePrice) VALUES ('INS-BD-003', '2025-02-07', 188.47);
INSERT INTO PriceEOD (InstrumentId, PriceDate, ClosePrice) VALUES ('INS-BD-003', '2025-02-08', 188.43);
INSERT INTO PriceEOD (InstrumentId, PriceDate, ClosePrice) VALUES ('INS-BD-003', '2025-02-09', 188.64);
INSERT INTO PriceEOD (InstrumentId, PriceDate, ClosePrice) VALUES ('INS-BD-003', '2025-02-10', 190.49);
INSERT INTO PriceEOD (InstrumentId, PriceDate, ClosePrice) VALUES ('INS-BD-003', '2025-02-11', 190.10);
INSERT INTO PriceEOD (InstrumentId, PriceDate, ClosePrice) VALUES ('INS-BD-003', '2025-02-12', 190.27);
INSERT INTO PriceEOD (InstrumentId, PriceDate, ClosePrice) VALUES ('INS-BD-003', '2025-02-13', 188.37);
INSERT INTO PriceEOD (InstrumentId, PriceDate, ClosePrice) VALUES ('INS-BD-003', '2025-02-14', 187.80);
INSERT INTO PriceEOD (InstrumentId, PriceDate, ClosePrice) VALUES ('INS-BD-003', '2025-02-15', 187.81);
INSERT INTO PriceEOD (InstrumentId, PriceDate, ClosePrice) VALUES ('INS-BD-003', '2025-02-16', 188.83);
INSERT INTO PriceEOD (InstrumentId, PriceDate, ClosePrice) VALUES ('INS-BD-003', '2025-02-17', 187.87);
INSERT INTO PriceEOD (InstrumentId, PriceDate, ClosePrice) VALUES ('INS-BD-003', '2025-02-18', 188.56);
INSERT INTO PriceEOD (InstrumentId, PriceDate, ClosePrice) VALUES ('INS-BD-003', '2025-02-19', 187.06);
INSERT INTO PriceEOD (InstrumentId, PriceDate, ClosePrice) VALUES ('INS-BD-003', '2025-02-20', 185.74);
INSERT INTO PriceEOD (InstrumentId, PriceDate, ClosePrice) VALUES ('INS-BD-003', '2025-02-21', 185.19);
INSERT INTO PriceEOD (InstrumentId, PriceDate, ClosePrice) VALUES ('INS-BD-003', '2025-02-22', 184.87);
INSERT INTO PriceEOD (InstrumentId, PriceDate, ClosePrice) VALUES ('INS-BD-003', '2025-02-23', 185.52);
INSERT INTO PriceEOD (InstrumentId, PriceDate, ClosePrice) VALUES ('INS-BD-003', '2025-02-24', 186.22);
INSERT INTO PriceEOD (InstrumentId, PriceDate, ClosePrice) VALUES ('INS-BD-003', '2025-02-25', 184.79);
INSERT INTO PriceEOD (InstrumentId, PriceDate, ClosePrice) VALUES ('INS-BD-003', '2025-02-26', 185.97);
INSERT INTO PriceEOD (InstrumentId, PriceDate, ClosePrice) VALUES ('INS-BD-003', '2025-02-27', 187.57);
INSERT INTO PriceEOD (InstrumentId, PriceDate, ClosePrice) VALUES ('INS-BD-003', '2025-02-28', 187.34);
INSERT INTO PriceEOD (InstrumentId, PriceDate, ClosePrice) VALUES ('INS-BD-003', '2025-03-01', 187.03);
INSERT INTO PriceEOD (InstrumentId, PriceDate, ClosePrice) VALUES ('INS-BD-003', '2025-03-02', 187.13);
INSERT INTO PriceEOD (InstrumentId, PriceDate, ClosePrice) VALUES ('INS-BD-003', '2025-03-03', 188.54);
INSERT INTO PriceEOD (InstrumentId, PriceDate, ClosePrice) VALUES ('INS-BD-003', '2025-03-04', 188.65);
INSERT INTO PriceEOD (InstrumentId, PriceDate, ClosePrice) VALUES ('INS-BD-003', '2025-03-05', 188.45);
INSERT INTO PriceEOD (InstrumentId, PriceDate, ClosePrice) VALUES ('INS-BD-003', '2025-03-06', 189.32);
INSERT INTO PriceEOD (InstrumentId, PriceDate, ClosePrice) VALUES ('INS-BD-003', '2025-03-07', 188.95);
INSERT INTO PriceEOD (InstrumentId, PriceDate, ClosePrice) VALUES ('INS-BD-003', '2025-03-08', 187.49);
INSERT INTO PriceEOD (InstrumentId, PriceDate, ClosePrice) VALUES ('INS-BD-003', '2025-03-09', 187.65);
INSERT INTO PriceEOD (InstrumentId, PriceDate, ClosePrice) VALUES ('INS-BD-003', '2025-03-10', 186.78);
INSERT INTO PriceEOD (InstrumentId, PriceDate, ClosePrice) VALUES ('INS-BD-003', '2025-03-11', 185.98);
INSERT INTO PriceEOD (InstrumentId, PriceDate, ClosePrice) VALUES ('INS-BD-003', '2025-03-12', 187.83);
INSERT INTO PriceEOD (InstrumentId, PriceDate, ClosePrice) VALUES ('INS-BD-003', '2025-03-13', 188.01);
INSERT INTO PriceEOD (InstrumentId, PriceDate, ClosePrice) VALUES ('INS-BD-003', '2025-03-14', 187.07);
INSERT INTO PriceEOD (InstrumentId, PriceDate, ClosePrice) VALUES ('INS-BD-003', '2025-03-15', 187.49);
INSERT INTO PriceEOD (InstrumentId, PriceDate, ClosePrice) VALUES ('INS-BD-003', '2025-03-16', 189.47);
INSERT INTO PriceEOD (InstrumentId, PriceDate, ClosePrice) VALUES ('INS-BD-003', '2025-03-17', 187.66);
INSERT INTO PriceEOD (InstrumentId, PriceDate, ClosePrice) VALUES ('INS-BD-003', '2025-03-18', 189.23);
INSERT INTO PriceEOD (InstrumentId, PriceDate, ClosePrice) VALUES ('INS-BD-003', '2025-03-19', 189.56);
INSERT INTO PriceEOD (InstrumentId, PriceDate, ClosePrice) VALUES ('INS-BD-003', '2025-03-20', 188.07);
INSERT INTO PriceEOD (InstrumentId, PriceDate, ClosePrice) VALUES ('INS-BD-003', '2025-03-21', 187.92);
INSERT INTO PriceEOD (InstrumentId, PriceDate, ClosePrice) VALUES ('INS-BD-003', '2025-03-22', 188.25);
INSERT INTO PriceEOD (InstrumentId, PriceDate, ClosePrice) VALUES ('INS-BD-003', '2025-03-23', 187.73);
INSERT INTO PriceEOD (InstrumentId, PriceDate, ClosePrice) VALUES ('INS-BD-003', '2025-03-24', 188.48);
INSERT INTO PriceEOD (InstrumentId, PriceDate, ClosePrice) VALUES ('INS-BD-003', '2025-03-25', 186.71);
INSERT INTO PriceEOD (InstrumentId, PriceDate, ClosePrice) VALUES ('INS-BD-003', '2025-03-26', 186.35);
INSERT INTO PriceEOD (InstrumentId, PriceDate, ClosePrice) VALUES ('INS-BD-003', '2025-03-27', 186.61);
INSERT INTO PriceEOD (InstrumentId, PriceDate, ClosePrice) VALUES ('INS-BD-003', '2025-03-28', 186.72);
INSERT INTO PriceEOD (InstrumentId, PriceDate, ClosePrice) VALUES ('INS-BD-003', '2025-03-29', 187.73);
INSERT INTO PriceEOD (InstrumentId, PriceDate, ClosePrice) VALUES ('INS-BD-003', '2025-03-30', 186.13);
INSERT INTO PriceEOD (InstrumentId, PriceDate, ClosePrice) VALUES ('INS-BD-003', '2025-03-31', 186.75);

-- Holding
INSERT INTO Holding (HoldingId, FundId, InstrumentId, HoldingDate, Quantity) VALUES ('HLD00001', 'FUND-NEQ', 'INS-EQ-001', '2025-03-31', 18000);
INSERT INTO Holding (HoldingId, FundId, InstrumentId, HoldingDate, Quantity) VALUES ('HLD00002', 'FUND-NEQ', 'INS-EQ-002', '2025-03-31', 37000);
INSERT INTO Holding (HoldingId, FundId, InstrumentId, HoldingDate, Quantity) VALUES ('HLD00003', 'FUND-GBD', 'INS-BD-001', '2025-03-31', 38000);
INSERT INTO Holding (HoldingId, FundId, InstrumentId, HoldingDate, Quantity) VALUES ('HLD00004', 'FUND-GBD', 'INS-BD-002', '2025-03-31', 45000);
INSERT INTO Holding (HoldingId, FundId, InstrumentId, HoldingDate, Quantity) VALUES ('HLD00005', 'FUND-BAL', 'INS-EQ-003', '2025-03-31', 30000);
INSERT INTO Holding (HoldingId, FundId, InstrumentId, HoldingDate, Quantity) VALUES ('HLD00006', 'FUND-BAL', 'INS-BD-003', '2025-03-31', 6000);

-- Valuation (NAV) -- NetAssetValue is the official daily NAV per share class
INSERT INTO Valuation (ValuationId, ShareClassId, AsOfDate, NetAssetValue) VALUES ('VAL00001', 'SC-NEQ-A', '2025-01-01', 9312861.90);
INSERT INTO Valuation (ValuationId, ShareClassId, AsOfDate, NetAssetValue) VALUES ('VAL00002', 'SC-NEQ-A', '2025-01-02', 9310323.00);
INSERT INTO Valuation (ValuationId, ShareClassId, AsOfDate, NetAssetValue) VALUES ('VAL00003', 'SC-NEQ-A', '2025-01-03', 9278414.70);
INSERT INTO Valuation (ValuationId, ShareClassId, AsOfDate, NetAssetValue) VALUES ('VAL00004', 'SC-NEQ-A', '2025-01-04', 9260121.60);
INSERT INTO Valuation (ValuationId, ShareClassId, AsOfDate, NetAssetValue) VALUES ('VAL00005', 'SC-NEQ-A', '2025-01-05', 9249445.20);
INSERT INTO Valuation (ValuationId, ShareClassId, AsOfDate, NetAssetValue) VALUES ('VAL00006', 'SC-NEQ-A', '2025-01-06', 9275429.40);
INSERT INTO Valuation (ValuationId, ShareClassId, AsOfDate, NetAssetValue) VALUES ('VAL00007', 'SC-NEQ-A', '2025-01-07', 9289072.50);
INSERT INTO Valuation (ValuationId, ShareClassId, AsOfDate, NetAssetValue) VALUES ('VAL00008', 'SC-NEQ-A', '2025-01-08', 9271774.50);
INSERT INTO Valuation (ValuationId, ShareClassId, AsOfDate, NetAssetValue) VALUES ('VAL00009', 'SC-NEQ-A', '2025-01-09', 9309634.80);
INSERT INTO Valuation (ValuationId, ShareClassId, AsOfDate, NetAssetValue) VALUES ('VAL00010', 'SC-NEQ-A', '2025-01-10', 9301339.20);
INSERT INTO Valuation (ValuationId, ShareClassId, AsOfDate, NetAssetValue) VALUES ('VAL00011', 'SC-NEQ-A', '2025-01-11', 9314963.70);
INSERT INTO Valuation (ValuationId, ShareClassId, AsOfDate, NetAssetValue) VALUES ('VAL00012', 'SC-NEQ-A', '2025-01-12', 9354107.40);
INSERT INTO Valuation (ValuationId, ShareClassId, AsOfDate, NetAssetValue) VALUES ('VAL00013', 'SC-NEQ-A', '2025-01-13', 9343105.50);
INSERT INTO Valuation (ValuationId, ShareClassId, AsOfDate, NetAssetValue) VALUES ('VAL00014', 'SC-NEQ-A', '2025-01-14', 9324152.10);
INSERT INTO Valuation (ValuationId, ShareClassId, AsOfDate, NetAssetValue) VALUES ('VAL00015', 'SC-NEQ-A', '2025-01-15', 9356097.60);
INSERT INTO Valuation (ValuationId, ShareClassId, AsOfDate, NetAssetValue) VALUES ('VAL00016', 'SC-NEQ-A', '2025-01-16', 9340827.00);
INSERT INTO Valuation (ValuationId, ShareClassId, AsOfDate, NetAssetValue) VALUES ('VAL00017', 'SC-NEQ-A', '2025-01-17', 9320041.50);
INSERT INTO Valuation (ValuationId, ShareClassId, AsOfDate, NetAssetValue) VALUES ('VAL00018', 'SC-NEQ-A', '2025-01-18', 9371916.90);
INSERT INTO Valuation (ValuationId, ShareClassId, AsOfDate, NetAssetValue) VALUES ('VAL00019', 'SC-NEQ-A', '2025-01-19', 9413683.20);
INSERT INTO Valuation (ValuationId, ShareClassId, AsOfDate, NetAssetValue) VALUES ('VAL00020', 'SC-NEQ-A', '2025-01-20', 9463122.00);
INSERT INTO Valuation (ValuationId, ShareClassId, AsOfDate, NetAssetValue) VALUES ('VAL00021', 'SC-NEQ-A', '2025-01-21', 9427875.00);
INSERT INTO Valuation (ValuationId, ShareClassId, AsOfDate, NetAssetValue) VALUES ('VAL00022', 'SC-NEQ-A', '2025-01-22', 9441257.70);
INSERT INTO Valuation (ValuationId, ShareClassId, AsOfDate, NetAssetValue) VALUES ('VAL00023', 'SC-NEQ-A', '2025-01-23', 9439472.10);
INSERT INTO Valuation (ValuationId, ShareClassId, AsOfDate, NetAssetValue) VALUES ('VAL00024', 'SC-NEQ-A', '2025-01-24', 9422787.90);
INSERT INTO Valuation (ValuationId, ShareClassId, AsOfDate, NetAssetValue) VALUES ('VAL00025', 'SC-NEQ-A', '2025-01-25', 9439844.10);
INSERT INTO Valuation (ValuationId, ShareClassId, AsOfDate, NetAssetValue) VALUES ('VAL00026', 'SC-NEQ-A', '2025-01-26', 9992638.60);
INSERT INTO Valuation (ValuationId, ShareClassId, AsOfDate, NetAssetValue) VALUES ('VAL00027', 'SC-NEQ-A', '2025-01-27', 10041442.60);
INSERT INTO Valuation (ValuationId, ShareClassId, AsOfDate, NetAssetValue) VALUES ('VAL00028', 'SC-NEQ-A', '2025-01-28', 9907413.75);
INSERT INTO Valuation (ValuationId, ShareClassId, AsOfDate, NetAssetValue) VALUES ('VAL00029', 'SC-NEQ-A', '2025-01-29', 9870425.30);
INSERT INTO Valuation (ValuationId, ShareClassId, AsOfDate, NetAssetValue) VALUES ('VAL00030', 'SC-NEQ-A', '2025-01-30', 9856259.10);
INSERT INTO Valuation (ValuationId, ShareClassId, AsOfDate, NetAssetValue) VALUES ('VAL00031', 'SC-NEQ-A', '2025-01-31', 9860939.35);
INSERT INTO Valuation (ValuationId, ShareClassId, AsOfDate, NetAssetValue) VALUES ('VAL00032', 'SC-NEQ-A', '2025-02-01', 10338962.55);
INSERT INTO Valuation (ValuationId, ShareClassId, AsOfDate, NetAssetValue) VALUES ('VAL00033', 'SC-NEQ-A', '2025-02-02', 10376882.95);
INSERT INTO Valuation (ValuationId, ShareClassId, AsOfDate, NetAssetValue) VALUES ('VAL00034', 'SC-NEQ-A', '2025-02-03', 10360977.90);
INSERT INTO Valuation (ValuationId, ShareClassId, AsOfDate, NetAssetValue) VALUES ('VAL00035', 'SC-NEQ-A', '2025-02-04', 10277719.60);
INSERT INTO Valuation (ValuationId, ShareClassId, AsOfDate, NetAssetValue) VALUES ('VAL00036', 'SC-NEQ-A', '2025-02-05', 10246540.90);
INSERT INTO Valuation (ValuationId, ShareClassId, AsOfDate, NetAssetValue) VALUES ('VAL00037', 'SC-NEQ-A', '2025-02-06', 10276739.90);
INSERT INTO Valuation (ValuationId, ShareClassId, AsOfDate, NetAssetValue) VALUES ('VAL00038', 'SC-NEQ-A', '2025-02-07', 10276901.50);
INSERT INTO Valuation (ValuationId, ShareClassId, AsOfDate, NetAssetValue) VALUES ('VAL00039', 'SC-NEQ-A', '2025-02-08', 10257156.00);
INSERT INTO Valuation (ValuationId, ShareClassId, AsOfDate, NetAssetValue) VALUES ('VAL00040', 'SC-NEQ-A', '2025-02-09', 10250500.10);
INSERT INTO Valuation (ValuationId, ShareClassId, AsOfDate, NetAssetValue) VALUES ('VAL00041', 'SC-NEQ-A', '2025-02-10', 10305757.20);
INSERT INTO Valuation (ValuationId, ShareClassId, AsOfDate, NetAssetValue) VALUES ('VAL00042', 'SC-NEQ-A', '2025-02-11', 10266326.80);
INSERT INTO Valuation (ValuationId, ShareClassId, AsOfDate, NetAssetValue) VALUES ('VAL00043', 'SC-NEQ-A', '2025-02-12', 10276750.00);
INSERT INTO Valuation (ValuationId, ShareClassId, AsOfDate, NetAssetValue) VALUES ('VAL00044', 'SC-NEQ-A', '2025-02-13', 10274871.40);
INSERT INTO Valuation (ValuationId, ShareClassId, AsOfDate, NetAssetValue) VALUES ('VAL00045', 'SC-NEQ-A', '2025-02-14', 10265145.10);
INSERT INTO Valuation (ValuationId, ShareClassId, AsOfDate, NetAssetValue) VALUES ('VAL00046', 'SC-NEQ-A', '2025-02-15', 10236986.30);
INSERT INTO Valuation (ValuationId, ShareClassId, AsOfDate, NetAssetValue) VALUES ('VAL00047', 'SC-NEQ-A', '2025-02-16', 10961244.00);
INSERT INTO Valuation (ValuationId, ShareClassId, AsOfDate, NetAssetValue) VALUES ('VAL00048', 'SC-NEQ-A', '2025-02-17', 10985349.60);
INSERT INTO Valuation (ValuationId, ShareClassId, AsOfDate, NetAssetValue) VALUES ('VAL00049', 'SC-NEQ-A', '2025-02-18', 11015136.00);
INSERT INTO Valuation (ValuationId, ShareClassId, AsOfDate, NetAssetValue) VALUES ('VAL00050', 'SC-NEQ-A', '2025-02-19', 10973480.40);
INSERT INTO Valuation (ValuationId, ShareClassId, AsOfDate, NetAssetValue) VALUES ('VAL00051', 'SC-NEQ-A', '2025-02-20', 11004044.40);
INSERT INTO Valuation (ValuationId, ShareClassId, AsOfDate, NetAssetValue) VALUES ('VAL00052', 'SC-NEQ-A', '2025-02-21', 11000577.60);
INSERT INTO Valuation (ValuationId, ShareClassId, AsOfDate, NetAssetValue) VALUES ('VAL00053', 'SC-NEQ-A', '2025-02-22', 11757347.00);
INSERT INTO Valuation (ValuationId, ShareClassId, AsOfDate, NetAssetValue) VALUES ('VAL00054', 'SC-NEQ-A', '2025-02-23', 11724848.00);
INSERT INTO Valuation (ValuationId, ShareClassId, AsOfDate, NetAssetValue) VALUES ('VAL00055', 'SC-NEQ-A', '2025-02-24', 11692843.50);
INSERT INTO Valuation (ValuationId, ShareClassId, AsOfDate, NetAssetValue) VALUES ('VAL00056', 'SC-NEQ-A', '2025-02-25', 11705815.50);
INSERT INTO Valuation (ValuationId, ShareClassId, AsOfDate, NetAssetValue) VALUES ('VAL00057', 'SC-NEQ-A', '2025-02-26', 11685897.50);
INSERT INTO Valuation (ValuationId, ShareClassId, AsOfDate, NetAssetValue) VALUES ('VAL00058', 'SC-NEQ-A', '2025-02-27', 11705585.50);
INSERT INTO Valuation (ValuationId, ShareClassId, AsOfDate, NetAssetValue) VALUES ('VAL00059', 'SC-NEQ-A', '2025-02-28', 11660045.50);
INSERT INTO Valuation (ValuationId, ShareClassId, AsOfDate, NetAssetValue) VALUES ('VAL00060', 'SC-NEQ-A', '2025-03-01', 11634308.50);
INSERT INTO Valuation (ValuationId, ShareClassId, AsOfDate, NetAssetValue) VALUES ('VAL00061', 'SC-NEQ-A', '2025-03-02', 11663162.00);
INSERT INTO Valuation (ValuationId, ShareClassId, AsOfDate, NetAssetValue) VALUES ('VAL00062', 'SC-NEQ-A', '2025-03-03', 11660551.50);
INSERT INTO Valuation (ValuationId, ShareClassId, AsOfDate, NetAssetValue) VALUES ('VAL00063', 'SC-NEQ-A', '2025-03-04', 11682585.50);
INSERT INTO Valuation (ValuationId, ShareClassId, AsOfDate, NetAssetValue) VALUES ('VAL00064', 'SC-NEQ-A', '2025-03-05', 11641381.00);
INSERT INTO Valuation (ValuationId, ShareClassId, AsOfDate, NetAssetValue) VALUES ('VAL00065', 'SC-NEQ-A', '2025-03-06', 11611952.50);
INSERT INTO Valuation (ValuationId, ShareClassId, AsOfDate, NetAssetValue) VALUES ('VAL00066', 'SC-NEQ-A', '2025-03-07', 11578292.00);
INSERT INTO Valuation (ValuationId, ShareClassId, AsOfDate, NetAssetValue) VALUES ('VAL00067', 'SC-NEQ-A', '2025-03-08', 11595450.00);
INSERT INTO Valuation (ValuationId, ShareClassId, AsOfDate, NetAssetValue) VALUES ('VAL00068', 'SC-NEQ-A', '2025-03-09', 11664576.50);
INSERT INTO Valuation (ValuationId, ShareClassId, AsOfDate, NetAssetValue) VALUES ('VAL00069', 'SC-NEQ-A', '2025-03-10', 11666244.00);
INSERT INTO Valuation (ValuationId, ShareClassId, AsOfDate, NetAssetValue) VALUES ('VAL00070', 'SC-NEQ-A', '2025-03-11', 11709840.50);
INSERT INTO Valuation (ValuationId, ShareClassId, AsOfDate, NetAssetValue) VALUES ('VAL00071', 'SC-NEQ-A', '2025-03-12', 11736739.00);
INSERT INTO Valuation (ValuationId, ShareClassId, AsOfDate, NetAssetValue) VALUES ('VAL00072', 'SC-NEQ-A', '2025-03-13', 11694430.50);
INSERT INTO Valuation (ValuationId, ShareClassId, AsOfDate, NetAssetValue) VALUES ('VAL00073', 'SC-NEQ-A', '2025-03-14', 11752252.50);
INSERT INTO Valuation (ValuationId, ShareClassId, AsOfDate, NetAssetValue) VALUES ('VAL00074', 'SC-NEQ-A', '2025-03-15', 11787201.00);
INSERT INTO Valuation (ValuationId, ShareClassId, AsOfDate, NetAssetValue) VALUES ('VAL00075', 'SC-NEQ-A', '2025-03-16', 11781554.50);
INSERT INTO Valuation (ValuationId, ShareClassId, AsOfDate, NetAssetValue) VALUES ('VAL00076', 'SC-NEQ-A', '2025-03-17', 11761452.50);
INSERT INTO Valuation (ValuationId, ShareClassId, AsOfDate, NetAssetValue) VALUES ('VAL00077', 'SC-NEQ-A', '2025-03-18', 11759451.50);
INSERT INTO Valuation (ValuationId, ShareClassId, AsOfDate, NetAssetValue) VALUES ('VAL00078', 'SC-NEQ-A', '2025-03-19', 11815353.00);
INSERT INTO Valuation (ValuationId, ShareClassId, AsOfDate, NetAssetValue) VALUES ('VAL00079', 'SC-NEQ-A', '2025-03-20', 11788523.50);
INSERT INTO Valuation (ValuationId, ShareClassId, AsOfDate, NetAssetValue) VALUES ('VAL00080', 'SC-NEQ-A', '2025-03-21', 11748641.50);
INSERT INTO Valuation (ValuationId, ShareClassId, AsOfDate, NetAssetValue) VALUES ('VAL00081', 'SC-NEQ-A', '2025-03-22', 11683969.30);
INSERT INTO Valuation (ValuationId, ShareClassId, AsOfDate, NetAssetValue) VALUES ('VAL00082', 'SC-NEQ-A', '2025-03-23', 11685308.95);
INSERT INTO Valuation (ValuationId, ShareClassId, AsOfDate, NetAssetValue) VALUES ('VAL00083', 'SC-NEQ-A', '2025-03-24', 11739272.80);
INSERT INTO Valuation (ValuationId, ShareClassId, AsOfDate, NetAssetValue) VALUES ('VAL00084', 'SC-NEQ-A', '2025-03-25', 11753344.85);
INSERT INTO Valuation (ValuationId, ShareClassId, AsOfDate, NetAssetValue) VALUES ('VAL00085', 'SC-NEQ-A', '2025-03-26', 11779519.55);
INSERT INTO Valuation (ValuationId, ShareClassId, AsOfDate, NetAssetValue) VALUES ('VAL00086', 'SC-NEQ-A', '2025-03-27', 11849181.35);
INSERT INTO Valuation (ValuationId, ShareClassId, AsOfDate, NetAssetValue) VALUES ('VAL00087', 'SC-NEQ-A', '2025-03-28', 11852020.95);
INSERT INTO Valuation (ValuationId, ShareClassId, AsOfDate, NetAssetValue) VALUES ('VAL00088', 'SC-NEQ-A', '2025-03-29', 11914446.35);
INSERT INTO Valuation (ValuationId, ShareClassId, AsOfDate, NetAssetValue) VALUES ('VAL00089', 'SC-NEQ-A', '2025-03-30', 11926961.20);
INSERT INTO Valuation (ValuationId, ShareClassId, AsOfDate, NetAssetValue) VALUES ('VAL00090', 'SC-NEQ-A', '2025-03-31', 11968387.30);
INSERT INTO Valuation (ValuationId, ShareClassId, AsOfDate, NetAssetValue) VALUES ('VAL00091', 'SC-NEQ-I', '2025-01-01', 7692007.40);
INSERT INTO Valuation (ValuationId, ShareClassId, AsOfDate, NetAssetValue) VALUES ('VAL00092', 'SC-NEQ-I', '2025-01-02', 7732101.30);
INSERT INTO Valuation (ValuationId, ShareClassId, AsOfDate, NetAssetValue) VALUES ('VAL00093', 'SC-NEQ-I', '2025-01-03', 7736151.50);
INSERT INTO Valuation (ValuationId, ShareClassId, AsOfDate, NetAssetValue) VALUES ('VAL00094', 'SC-NEQ-I', '2025-01-04', 7755493.90);
INSERT INTO Valuation (ValuationId, ShareClassId, AsOfDate, NetAssetValue) VALUES ('VAL00095', 'SC-NEQ-I', '2025-01-05', 7751366.70);
INSERT INTO Valuation (ValuationId, ShareClassId, AsOfDate, NetAssetValue) VALUES ('VAL00096', 'SC-NEQ-I', '2025-01-06', 7780688.30);
INSERT INTO Valuation (ValuationId, ShareClassId, AsOfDate, NetAssetValue) VALUES ('VAL00097', 'SC-NEQ-I', '2025-01-07', 7771271.20);
INSERT INTO Valuation (ValuationId, ShareClassId, AsOfDate, NetAssetValue) VALUES ('VAL00098', 'SC-NEQ-I', '2025-01-08', 7740979.40);
INSERT INTO Valuation (ValuationId, ShareClassId, AsOfDate, NetAssetValue) VALUES ('VAL00099', 'SC-NEQ-I', '2025-01-09', 7714345.10);
INSERT INTO Valuation (ValuationId, ShareClassId, AsOfDate, NetAssetValue) VALUES ('VAL00100', 'SC-NEQ-I', '2025-01-10', 7691506.90);
INSERT INTO Valuation (ValuationId, ShareClassId, AsOfDate, NetAssetValue) VALUES ('VAL00101', 'SC-NEQ-I', '2025-01-11', 7728520.80);
INSERT INTO Valuation (ValuationId, ShareClassId, AsOfDate, NetAssetValue) VALUES ('VAL00102', 'SC-NEQ-I', '2025-01-12', 7701147.30);
INSERT INTO Valuation (ValuationId, ShareClassId, AsOfDate, NetAssetValue) VALUES ('VAL00103', 'SC-NEQ-I', '2025-01-13', 7729098.30);
INSERT INTO Valuation (ValuationId, ShareClassId, AsOfDate, NetAssetValue) VALUES ('VAL00104', 'SC-NEQ-I', '2025-01-14', 7765935.10);
INSERT INTO Valuation (ValuationId, ShareClassId, AsOfDate, NetAssetValue) VALUES ('VAL00105', 'SC-NEQ-I', '2025-01-15', 8569394.00);
INSERT INTO Valuation (ValuationId, ShareClassId, AsOfDate, NetAssetValue) VALUES ('VAL00106', 'SC-NEQ-I', '2025-01-16', 8564557.50);
INSERT INTO Valuation (ValuationId, ShareClassId, AsOfDate, NetAssetValue) VALUES ('VAL00107', 'SC-NEQ-I', '2025-01-17', 8563104.00);
INSERT INTO Valuation (ValuationId, ShareClassId, AsOfDate, NetAssetValue) VALUES ('VAL00108', 'SC-NEQ-I', '2025-01-18', 9006141.40);
INSERT INTO Valuation (ValuationId, ShareClassId, AsOfDate, NetAssetValue) VALUES ('VAL00109', 'SC-NEQ-I', '2025-01-19', 9013555.10);
INSERT INTO Valuation (ValuationId, ShareClassId, AsOfDate, NetAssetValue) VALUES ('VAL00110', 'SC-NEQ-I', '2025-01-20', 9041287.50);
INSERT INTO Valuation (ValuationId, ShareClassId, AsOfDate, NetAssetValue) VALUES ('VAL00111', 'SC-NEQ-I', '2025-01-21', 9018912.90);
INSERT INTO Valuation (ValuationId, ShareClassId, AsOfDate, NetAssetValue) VALUES ('VAL00112', 'SC-NEQ-I', '2025-01-22', 9037416.00);
INSERT INTO Valuation (ValuationId, ShareClassId, AsOfDate, NetAssetValue) VALUES ('VAL00113', 'SC-NEQ-I', '2025-01-23', 9024137.20);
INSERT INTO Valuation (ValuationId, ShareClassId, AsOfDate, NetAssetValue) VALUES ('VAL00114', 'SC-NEQ-I', '2025-01-24', 9046244.80);
INSERT INTO Valuation (ValuationId, ShareClassId, AsOfDate, NetAssetValue) VALUES ('VAL00115', 'SC-NEQ-I', '2025-01-25', 9015958.10);
INSERT INTO Valuation (ValuationId, ShareClassId, AsOfDate, NetAssetValue) VALUES ('VAL00116', 'SC-NEQ-I', '2025-01-26', 9068735.10);
INSERT INTO Valuation (ValuationId, ShareClassId, AsOfDate, NetAssetValue) VALUES ('VAL00117', 'SC-NEQ-I', '2025-01-27', 9046138.00);
INSERT INTO Valuation (ValuationId, ShareClassId, AsOfDate, NetAssetValue) VALUES ('VAL00118', 'SC-NEQ-I', '2025-01-28', 9019794.00);
INSERT INTO Valuation (ValuationId, ShareClassId, AsOfDate, NetAssetValue) VALUES ('VAL00119', 'SC-NEQ-I', '2025-01-29', 9057245.20);
INSERT INTO Valuation (ValuationId, ShareClassId, AsOfDate, NetAssetValue) VALUES ('VAL00120', 'SC-NEQ-I', '2025-01-30', 9070933.40);
INSERT INTO Valuation (ValuationId, ShareClassId, AsOfDate, NetAssetValue) VALUES ('VAL00121', 'SC-NEQ-I', '2025-01-31', 9084737.30);
INSERT INTO Valuation (ValuationId, ShareClassId, AsOfDate, NetAssetValue) VALUES ('VAL00122', 'SC-NEQ-I', '2025-02-01', 9097348.60);
INSERT INTO Valuation (ValuationId, ShareClassId, AsOfDate, NetAssetValue) VALUES ('VAL00123', 'SC-NEQ-I', '2025-02-02', 9093388.10);
INSERT INTO Valuation (ValuationId, ShareClassId, AsOfDate, NetAssetValue) VALUES ('VAL00124', 'SC-NEQ-I', '2025-02-03', 9447590.40);
INSERT INTO Valuation (ValuationId, ShareClassId, AsOfDate, NetAssetValue) VALUES ('VAL00125', 'SC-NEQ-I', '2025-02-04', 9428997.20);
INSERT INTO Valuation (ValuationId, ShareClassId, AsOfDate, NetAssetValue) VALUES ('VAL00126', 'SC-NEQ-I', '2025-02-05', 9479928.40);
INSERT INTO Valuation (ValuationId, ShareClassId, AsOfDate, NetAssetValue) VALUES ('VAL00127', 'SC-NEQ-I', '2025-02-06', 9471722.00);
INSERT INTO Valuation (ValuationId, ShareClassId, AsOfDate, NetAssetValue) VALUES ('VAL00128', 'SC-NEQ-I', '2025-02-07', 9471473.60);
INSERT INTO Valuation (ValuationId, ShareClassId, AsOfDate, NetAssetValue) VALUES ('VAL00129', 'SC-NEQ-I', '2025-02-08', 9523840.00);
INSERT INTO Valuation (ValuationId, ShareClassId, AsOfDate, NetAssetValue) VALUES ('VAL00130', 'SC-NEQ-I', '2025-02-09', 9412932.15);
INSERT INTO Valuation (ValuationId, ShareClassId, AsOfDate, NetAssetValue) VALUES ('VAL00131', 'SC-NEQ-I', '2025-02-10', 9438064.00);
INSERT INTO Valuation (ValuationId, ShareClassId, AsOfDate, NetAssetValue) VALUES ('VAL00132', 'SC-NEQ-I', '2025-02-11', 9408624.35);
INSERT INTO Valuation (ValuationId, ShareClassId, AsOfDate, NetAssetValue) VALUES ('VAL00133', 'SC-NEQ-I', '2025-02-12', 10028762.50);
INSERT INTO Valuation (ValuationId, ShareClassId, AsOfDate, NetAssetValue) VALUES ('VAL00134', 'SC-NEQ-I', '2025-02-13', 10051633.00);
INSERT INTO Valuation (ValuationId, ShareClassId, AsOfDate, NetAssetValue) VALUES ('VAL00135', 'SC-NEQ-I', '2025-02-14', 10018292.25);
INSERT INTO Valuation (ValuationId, ShareClassId, AsOfDate, NetAssetValue) VALUES ('VAL00136', 'SC-NEQ-I', '2025-02-15', 10044742.90);
INSERT INTO Valuation (ValuationId, ShareClassId, AsOfDate, NetAssetValue) VALUES ('VAL00137', 'SC-NEQ-I', '2025-02-16', 10016449.10);
INSERT INTO Valuation (ValuationId, ShareClassId, AsOfDate, NetAssetValue) VALUES ('VAL00138', 'SC-NEQ-I', '2025-02-17', 9993047.85);
INSERT INTO Valuation (ValuationId, ShareClassId, AsOfDate, NetAssetValue) VALUES ('VAL00139', 'SC-NEQ-I', '2025-02-18', 10405830.30);
INSERT INTO Valuation (ValuationId, ShareClassId, AsOfDate, NetAssetValue) VALUES ('VAL00140', 'SC-NEQ-I', '2025-02-19', 10416222.00);
INSERT INTO Valuation (ValuationId, ShareClassId, AsOfDate, NetAssetValue) VALUES ('VAL00141', 'SC-NEQ-I', '2025-02-20', 10421146.50);
INSERT INTO Valuation (ValuationId, ShareClassId, AsOfDate, NetAssetValue) VALUES ('VAL00142', 'SC-NEQ-I', '2025-02-21', 10478823.45);
INSERT INTO Valuation (ValuationId, ShareClassId, AsOfDate, NetAssetValue) VALUES ('VAL00143', 'SC-NEQ-I', '2025-02-22', 10450904.55);
INSERT INTO Valuation (ValuationId, ShareClassId, AsOfDate, NetAssetValue) VALUES ('VAL00144', 'SC-NEQ-I', '2025-02-23', 10423377.60);
INSERT INTO Valuation (ValuationId, ShareClassId, AsOfDate, NetAssetValue) VALUES ('VAL00145', 'SC-NEQ-I', '2025-02-24', 10398423.45);
INSERT INTO Valuation (ValuationId, ShareClassId, AsOfDate, NetAssetValue) VALUES ('VAL00146', 'SC-NEQ-I', '2025-02-25', 11264014.30);
INSERT INTO Valuation (ValuationId, ShareClassId, AsOfDate, NetAssetValue) VALUES ('VAL00147', 'SC-NEQ-I', '2025-02-26', 11277240.45);
INSERT INTO Valuation (ValuationId, ShareClassId, AsOfDate, NetAssetValue) VALUES ('VAL00148', 'SC-NEQ-I', '2025-02-27', 11250712.20);
INSERT INTO Valuation (ValuationId, ShareClassId, AsOfDate, NetAssetValue) VALUES ('VAL00149', 'SC-NEQ-I', '2025-02-28', 11272965.55);
INSERT INTO Valuation (ValuationId, ShareClassId, AsOfDate, NetAssetValue) VALUES ('VAL00150', 'SC-NEQ-I', '2025-03-01', 11263341.60);
INSERT INTO Valuation (ValuationId, ShareClassId, AsOfDate, NetAssetValue) VALUES ('VAL00151', 'SC-NEQ-I', '2025-03-02', 11320054.55);
INSERT INTO Valuation (ValuationId, ShareClassId, AsOfDate, NetAssetValue) VALUES ('VAL00152', 'SC-NEQ-I', '2025-03-03', 11328691.15);
INSERT INTO Valuation (ValuationId, ShareClassId, AsOfDate, NetAssetValue) VALUES ('VAL00153', 'SC-NEQ-I', '2025-03-04', 11372481.75);
INSERT INTO Valuation (ValuationId, ShareClassId, AsOfDate, NetAssetValue) VALUES ('VAL00154', 'SC-NEQ-I', '2025-03-05', 11368510.65);
INSERT INTO Valuation (ValuationId, ShareClassId, AsOfDate, NetAssetValue) VALUES ('VAL00155', 'SC-NEQ-I', '2025-03-06', 11381020.70);
INSERT INTO Valuation (ValuationId, ShareClassId, AsOfDate, NetAssetValue) VALUES ('VAL00156', 'SC-NEQ-I', '2025-03-07', 11351858.40);
INSERT INTO Valuation (ValuationId, ShareClassId, AsOfDate, NetAssetValue) VALUES ('VAL00157', 'SC-NEQ-I', '2025-03-08', 11323335.60);
INSERT INTO Valuation (ValuationId, ShareClassId, AsOfDate, NetAssetValue) VALUES ('VAL00158', 'SC-NEQ-I', '2025-03-09', 11283721.20);
INSERT INTO Valuation (ValuationId, ShareClassId, AsOfDate, NetAssetValue) VALUES ('VAL00159', 'SC-NEQ-I', '2025-03-10', 11342743.20);
INSERT INTO Valuation (ValuationId, ShareClassId, AsOfDate, NetAssetValue) VALUES ('VAL00160', 'SC-NEQ-I', '2025-03-11', 11306995.20);
INSERT INTO Valuation (ValuationId, ShareClassId, AsOfDate, NetAssetValue) VALUES ('VAL00161', 'SC-NEQ-I', '2025-03-12', 11312600.40);
INSERT INTO Valuation (ValuationId, ShareClassId, AsOfDate, NetAssetValue) VALUES ('VAL00162', 'SC-NEQ-I', '2025-03-13', 11272813.20);
INSERT INTO Valuation (ValuationId, ShareClassId, AsOfDate, NetAssetValue) VALUES ('VAL00163', 'SC-NEQ-I', '2025-03-14', 11269886.40);
INSERT INTO Valuation (ValuationId, ShareClassId, AsOfDate, NetAssetValue) VALUES ('VAL00164', 'SC-NEQ-I', '2025-03-15', 11253934.80);
INSERT INTO Valuation (ValuationId, ShareClassId, AsOfDate, NetAssetValue) VALUES ('VAL00165', 'SC-NEQ-I', '2025-03-16', 11202504.10);
INSERT INTO Valuation (ValuationId, ShareClassId, AsOfDate, NetAssetValue) VALUES ('VAL00166', 'SC-NEQ-I', '2025-03-17', 11229628.60);
INSERT INTO Valuation (ValuationId, ShareClassId, AsOfDate, NetAssetValue) VALUES ('VAL00167', 'SC-NEQ-I', '2025-03-18', 11192938.30);
INSERT INTO Valuation (ValuationId, ShareClassId, AsOfDate, NetAssetValue) VALUES ('VAL00168', 'SC-NEQ-I', '2025-03-19', 11182270.40);
INSERT INTO Valuation (ValuationId, ShareClassId, AsOfDate, NetAssetValue) VALUES ('VAL00169', 'SC-NEQ-I', '2025-03-20', 11243955.90);
INSERT INTO Valuation (ValuationId, ShareClassId, AsOfDate, NetAssetValue) VALUES ('VAL00170', 'SC-NEQ-I', '2025-03-21', 11241462.80);
INSERT INTO Valuation (ValuationId, ShareClassId, AsOfDate, NetAssetValue) VALUES ('VAL00171', 'SC-NEQ-I', '2025-03-22', 11243164.10);
INSERT INTO Valuation (ValuationId, ShareClassId, AsOfDate, NetAssetValue) VALUES ('VAL00172', 'SC-NEQ-I', '2025-03-23', 11260080.80);
INSERT INTO Valuation (ValuationId, ShareClassId, AsOfDate, NetAssetValue) VALUES ('VAL00173', 'SC-NEQ-I', '2025-03-24', 11280143.30);
INSERT INTO Valuation (ValuationId, ShareClassId, AsOfDate, NetAssetValue) VALUES ('VAL00174', 'SC-NEQ-I', '2025-03-25', 11272343.00);
INSERT INTO Valuation (ValuationId, ShareClassId, AsOfDate, NetAssetValue) VALUES ('VAL00175', 'SC-NEQ-I', '2025-03-26', 11278067.50);
INSERT INTO Valuation (ValuationId, ShareClassId, AsOfDate, NetAssetValue) VALUES ('VAL00176', 'SC-NEQ-I', '2025-03-27', 11245807.00);
INSERT INTO Valuation (ValuationId, ShareClassId, AsOfDate, NetAssetValue) VALUES ('VAL00177', 'SC-NEQ-I', '2025-03-28', 12066996.00);
INSERT INTO Valuation (ValuationId, ShareClassId, AsOfDate, NetAssetValue) VALUES ('VAL00178', 'SC-NEQ-I', '2025-03-29', 12942761.10);
INSERT INTO Valuation (ValuationId, ShareClassId, AsOfDate, NetAssetValue) VALUES ('VAL00179', 'SC-NEQ-I', '2025-03-30', 13015614.00);
INSERT INTO Valuation (ValuationId, ShareClassId, AsOfDate, NetAssetValue) VALUES ('VAL00180', 'SC-NEQ-I', '2025-03-31', 13003129.50);
INSERT INTO Valuation (ValuationId, ShareClassId, AsOfDate, NetAssetValue) VALUES ('VAL00181', 'SC-GBD-A', '2025-01-01', 2560613.10);
INSERT INTO Valuation (ValuationId, ShareClassId, AsOfDate, NetAssetValue) VALUES ('VAL00182', 'SC-GBD-A', '2025-01-02', 2567972.40);
INSERT INTO Valuation (ValuationId, ShareClassId, AsOfDate, NetAssetValue) VALUES ('VAL00183', 'SC-GBD-A', '2025-01-03', 2558639.40);
INSERT INTO Valuation (ValuationId, ShareClassId, AsOfDate, NetAssetValue) VALUES ('VAL00184', 'SC-GBD-A', '2025-01-04', 2563010.10);
INSERT INTO Valuation (ValuationId, ShareClassId, AsOfDate, NetAssetValue) VALUES ('VAL00185', 'SC-GBD-A', '2025-01-05', 2563994.40);
INSERT INTO Valuation (ValuationId, ShareClassId, AsOfDate, NetAssetValue) VALUES ('VAL00186', 'SC-GBD-A', '2025-01-06', 2565233.70);
INSERT INTO Valuation (ValuationId, ShareClassId, AsOfDate, NetAssetValue) VALUES ('VAL00187', 'SC-GBD-A', '2025-01-07', 2565636.60);
INSERT INTO Valuation (ValuationId, ShareClassId, AsOfDate, NetAssetValue) VALUES ('VAL00188', 'SC-GBD-A', '2025-01-08', 2564310.60);
INSERT INTO Valuation (ValuationId, ShareClassId, AsOfDate, NetAssetValue) VALUES ('VAL00189', 'SC-GBD-A', '2025-01-09', 2561133.30);
INSERT INTO Valuation (ValuationId, ShareClassId, AsOfDate, NetAssetValue) VALUES ('VAL00190', 'SC-GBD-A', '2025-01-10', 2572174.80);
INSERT INTO Valuation (ValuationId, ShareClassId, AsOfDate, NetAssetValue) VALUES ('VAL00191', 'SC-GBD-A', '2025-01-11', 2568660.90);
INSERT INTO Valuation (ValuationId, ShareClassId, AsOfDate, NetAssetValue) VALUES ('VAL00192', 'SC-GBD-A', '2025-01-12', 2574729.90);
INSERT INTO Valuation (ValuationId, ShareClassId, AsOfDate, NetAssetValue) VALUES ('VAL00193', 'SC-GBD-A', '2025-01-13', 2570961.00);
INSERT INTO Valuation (ValuationId, ShareClassId, AsOfDate, NetAssetValue) VALUES ('VAL00194', 'SC-GBD-A', '2025-01-14', 2547987.60);
INSERT INTO Valuation (ValuationId, ShareClassId, AsOfDate, NetAssetValue) VALUES ('VAL00195', 'SC-GBD-A', '2025-01-15', 2538938.00);
INSERT INTO Valuation (ValuationId, ShareClassId, AsOfDate, NetAssetValue) VALUES ('VAL00196', 'SC-GBD-A', '2025-01-16', 2548714.80);
INSERT INTO Valuation (ValuationId, ShareClassId, AsOfDate, NetAssetValue) VALUES ('VAL00197', 'SC-GBD-A', '2025-01-17', 2548795.60);
INSERT INTO Valuation (ValuationId, ShareClassId, AsOfDate, NetAssetValue) VALUES ('VAL00198', 'SC-GBD-A', '2025-01-18', 2546518.05);
INSERT INTO Valuation (ValuationId, ShareClassId, AsOfDate, NetAssetValue) VALUES ('VAL00199', 'SC-GBD-A', '2025-01-19', 2544755.60);
INSERT INTO Valuation (ValuationId, ShareClassId, AsOfDate, NetAssetValue) VALUES ('VAL00200', 'SC-GBD-A', '2025-01-20', 2552426.55);
INSERT INTO Valuation (ValuationId, ShareClassId, AsOfDate, NetAssetValue) VALUES ('VAL00201', 'SC-GBD-A', '2025-01-21', 2546664.50);
INSERT INTO Valuation (ValuationId, ShareClassId, AsOfDate, NetAssetValue) VALUES ('VAL00202', 'SC-GBD-A', '2025-01-22', 2544846.50);
INSERT INTO Valuation (ValuationId, ShareClassId, AsOfDate, NetAssetValue) VALUES ('VAL00203', 'SC-GBD-A', '2025-01-23', 2558734.00);
INSERT INTO Valuation (ValuationId, ShareClassId, AsOfDate, NetAssetValue) VALUES ('VAL00204', 'SC-GBD-A', '2025-01-24', 2549699.55);
INSERT INTO Valuation (ValuationId, ShareClassId, AsOfDate, NetAssetValue) VALUES ('VAL00205', 'SC-GBD-A', '2025-01-25', 2542079.10);
INSERT INTO Valuation (ValuationId, ShareClassId, AsOfDate, NetAssetValue) VALUES ('VAL00206', 'SC-GBD-A', '2025-01-26', 2540988.30);
INSERT INTO Valuation (ValuationId, ShareClassId, AsOfDate, NetAssetValue) VALUES ('VAL00207', 'SC-GBD-A', '2025-01-27', 2551694.30);
INSERT INTO Valuation (ValuationId, ShareClassId, AsOfDate, NetAssetValue) VALUES ('VAL00208', 'SC-GBD-A', '2025-01-28', 2547957.30);
INSERT INTO Valuation (ValuationId, ShareClassId, AsOfDate, NetAssetValue) VALUES ('VAL00209', 'SC-GBD-A', '2025-01-29', 2560496.45);
INSERT INTO Valuation (ValuationId, ShareClassId, AsOfDate, NetAssetValue) VALUES ('VAL00210', 'SC-GBD-A', '2025-01-30', 2560789.35);
INSERT INTO Valuation (ValuationId, ShareClassId, AsOfDate, NetAssetValue) VALUES ('VAL00211', 'SC-GBD-A', '2025-01-31', 2564172.85);
INSERT INTO Valuation (ValuationId, ShareClassId, AsOfDate, NetAssetValue) VALUES ('VAL00212', 'SC-GBD-A', '2025-02-01', 2574449.60);
INSERT INTO Valuation (ValuationId, ShareClassId, AsOfDate, NetAssetValue) VALUES ('VAL00213', 'SC-GBD-A', '2025-02-02', 2580954.00);
INSERT INTO Valuation (ValuationId, ShareClassId, AsOfDate, NetAssetValue) VALUES ('VAL00214', 'SC-GBD-A', '2025-02-03', 2576287.80);
INSERT INTO Valuation (ValuationId, ShareClassId, AsOfDate, NetAssetValue) VALUES ('VAL00215', 'SC-GBD-A', '2025-02-04', 2488525.30);
INSERT INTO Valuation (ValuationId, ShareClassId, AsOfDate, NetAssetValue) VALUES ('VAL00216', 'SC-GBD-A', '2025-02-05', 2487676.55);
INSERT INTO Valuation (ValuationId, ShareClassId, AsOfDate, NetAssetValue) VALUES ('VAL00217', 'SC-GBD-A', '2025-02-06', 2493433.50);
INSERT INTO Valuation (ValuationId, ShareClassId, AsOfDate, NetAssetValue) VALUES ('VAL00218', 'SC-GBD-A', '2025-02-07', 2494136.75);
INSERT INTO Valuation (ValuationId, ShareClassId, AsOfDate, NetAssetValue) VALUES ('VAL00219', 'SC-GBD-A', '2025-02-08', 2495470.50);
INSERT INTO Valuation (ValuationId, ShareClassId, AsOfDate, NetAssetValue) VALUES ('VAL00220', 'SC-GBD-A', '2025-02-09', 2496173.75);
INSERT INTO Valuation (ValuationId, ShareClassId, AsOfDate, NetAssetValue) VALUES ('VAL00221', 'SC-GBD-A', '2025-02-10', 2503676.70);
INSERT INTO Valuation (ValuationId, ShareClassId, AsOfDate, NetAssetValue) VALUES ('VAL00222', 'SC-GBD-A', '2025-02-11', 2518508.00);
INSERT INTO Valuation (ValuationId, ShareClassId, AsOfDate, NetAssetValue) VALUES ('VAL00223', 'SC-GBD-A', '2025-02-12', 2531360.50);
INSERT INTO Valuation (ValuationId, ShareClassId, AsOfDate, NetAssetValue) VALUES ('VAL00224', 'SC-GBD-A', '2025-02-13', 2540604.60);
INSERT INTO Valuation (ValuationId, ShareClassId, AsOfDate, NetAssetValue) VALUES ('VAL00225', 'SC-GBD-A', '2025-02-14', 2553180.65);
INSERT INTO Valuation (ValuationId, ShareClassId, AsOfDate, NetAssetValue) VALUES ('VAL00226', 'SC-GBD-A', '2025-02-15', 2556270.10);
INSERT INTO Valuation (ValuationId, ShareClassId, AsOfDate, NetAssetValue) VALUES ('VAL00227', 'SC-GBD-A', '2025-02-16', 2555217.65);
INSERT INTO Valuation (ValuationId, ShareClassId, AsOfDate, NetAssetValue) VALUES ('VAL00228', 'SC-GBD-A', '2025-02-17', 2564840.05);
INSERT INTO Valuation (ValuationId, ShareClassId, AsOfDate, NetAssetValue) VALUES ('VAL00229', 'SC-GBD-A', '2025-02-18', 2573196.60);
INSERT INTO Valuation (ValuationId, ShareClassId, AsOfDate, NetAssetValue) VALUES ('VAL00230', 'SC-GBD-A', '2025-02-19', 2547849.60);
INSERT INTO Valuation (ValuationId, ShareClassId, AsOfDate, NetAssetValue) VALUES ('VAL00231', 'SC-GBD-A', '2025-02-20', 2544921.60);
INSERT INTO Valuation (ValuationId, ShareClassId, AsOfDate, NetAssetValue) VALUES ('VAL00232', 'SC-GBD-A', '2025-02-21', 2544086.40);
INSERT INTO Valuation (ValuationId, ShareClassId, AsOfDate, NetAssetValue) VALUES ('VAL00233', 'SC-GBD-A', '2025-02-22', 2645345.00);
INSERT INTO Valuation (ValuationId, ShareClassId, AsOfDate, NetAssetValue) VALUES ('VAL00234', 'SC-GBD-A', '2025-02-23', 2644035.00);
INSERT INTO Valuation (ValuationId, ShareClassId, AsOfDate, NetAssetValue) VALUES ('VAL00235', 'SC-GBD-A', '2025-02-24', 2646010.00);
INSERT INTO Valuation (ValuationId, ShareClassId, AsOfDate, NetAssetValue) VALUES ('VAL00236', 'SC-GBD-A', '2025-02-25', 2647880.00);
INSERT INTO Valuation (ValuationId, ShareClassId, AsOfDate, NetAssetValue) VALUES ('VAL00237', 'SC-GBD-A', '2025-02-26', 2656475.00);
INSERT INTO Valuation (ValuationId, ShareClassId, AsOfDate, NetAssetValue) VALUES ('VAL00238', 'SC-GBD-A', '2025-02-27', 2671845.00);
INSERT INTO Valuation (ValuationId, ShareClassId, AsOfDate, NetAssetValue) VALUES ('VAL00239', 'SC-GBD-A', '2025-02-28', 2680355.00);
INSERT INTO Valuation (ValuationId, ShareClassId, AsOfDate, NetAssetValue) VALUES ('VAL00240', 'SC-GBD-A', '2025-03-01', 2694325.00);
INSERT INTO Valuation (ValuationId, ShareClassId, AsOfDate, NetAssetValue) VALUES ('VAL00241', 'SC-GBD-A', '2025-03-02', 2683935.00);
INSERT INTO Valuation (ValuationId, ShareClassId, AsOfDate, NetAssetValue) VALUES ('VAL00242', 'SC-GBD-A', '2025-03-03', 2694230.00);
INSERT INTO Valuation (ValuationId, ShareClassId, AsOfDate, NetAssetValue) VALUES ('VAL00243', 'SC-GBD-A', '2025-03-04', 2685145.00);
INSERT INTO Valuation (ValuationId, ShareClassId, AsOfDate, NetAssetValue) VALUES ('VAL00244', 'SC-GBD-A', '2025-03-05', 2698275.00);
INSERT INTO Valuation (ValuationId, ShareClassId, AsOfDate, NetAssetValue) VALUES ('VAL00245', 'SC-GBD-A', '2025-03-06', 2695895.00);
INSERT INTO Valuation (ValuationId, ShareClassId, AsOfDate, NetAssetValue) VALUES ('VAL00246', 'SC-GBD-A', '2025-03-07', 2688305.00);
INSERT INTO Valuation (ValuationId, ShareClassId, AsOfDate, NetAssetValue) VALUES ('VAL00247', 'SC-GBD-A', '2025-03-08', 2695840.00);
INSERT INTO Valuation (ValuationId, ShareClassId, AsOfDate, NetAssetValue) VALUES ('VAL00248', 'SC-GBD-A', '2025-03-09', 2759661.00);
INSERT INTO Valuation (ValuationId, ShareClassId, AsOfDate, NetAssetValue) VALUES ('VAL00249', 'SC-GBD-A', '2025-03-10', 2755259.70);
INSERT INTO Valuation (ValuationId, ShareClassId, AsOfDate, NetAssetValue) VALUES ('VAL00250', 'SC-GBD-A', '2025-03-11', 2763914.40);
INSERT INTO Valuation (ValuationId, ShareClassId, AsOfDate, NetAssetValue) VALUES ('VAL00251', 'SC-GBD-A', '2025-03-12', 2778260.70);
INSERT INTO Valuation (ValuationId, ShareClassId, AsOfDate, NetAssetValue) VALUES ('VAL00252', 'SC-GBD-A', '2025-03-13', 2774022.60);
INSERT INTO Valuation (ValuationId, ShareClassId, AsOfDate, NetAssetValue) VALUES ('VAL00253', 'SC-GBD-A', '2025-03-14', 3215494.10);
INSERT INTO Valuation (ValuationId, ShareClassId, AsOfDate, NetAssetValue) VALUES ('VAL00254', 'SC-GBD-A', '2025-03-15', 3233176.40);
INSERT INTO Valuation (ValuationId, ShareClassId, AsOfDate, NetAssetValue) VALUES ('VAL00255', 'SC-GBD-A', '2025-03-16', 3229199.80);
INSERT INTO Valuation (ValuationId, ShareClassId, AsOfDate, NetAssetValue) VALUES ('VAL00256', 'SC-GBD-A', '2025-03-17', 3242356.80);
INSERT INTO Valuation (ValuationId, ShareClassId, AsOfDate, NetAssetValue) VALUES ('VAL00257', 'SC-GBD-A', '2025-03-18', 3240032.20);
INSERT INTO Valuation (ValuationId, ShareClassId, AsOfDate, NetAssetValue) VALUES ('VAL00258', 'SC-GBD-A', '2025-03-19', 3248728.80);
INSERT INTO Valuation (ValuationId, ShareClassId, AsOfDate, NetAssetValue) VALUES ('VAL00259', 'SC-GBD-A', '2025-03-20', 3244817.10);
INSERT INTO Valuation (ValuationId, ShareClassId, AsOfDate, NetAssetValue) VALUES ('VAL00260', 'SC-GBD-A', '2025-03-21', 3214188.90);
INSERT INTO Valuation (ValuationId, ShareClassId, AsOfDate, NetAssetValue) VALUES ('VAL00261', 'SC-GBD-A', '2025-03-22', 3226380.30);
INSERT INTO Valuation (ValuationId, ShareClassId, AsOfDate, NetAssetValue) VALUES ('VAL00262', 'SC-GBD-A', '2025-03-23', 3222665.55);
INSERT INTO Valuation (ValuationId, ShareClassId, AsOfDate, NetAssetValue) VALUES ('VAL00263', 'SC-GBD-A', '2025-03-24', 3222396.45);
INSERT INTO Valuation (ValuationId, ShareClassId, AsOfDate, NetAssetValue) VALUES ('VAL00264', 'SC-GBD-A', '2025-03-25', 3275046.60);
INSERT INTO Valuation (ValuationId, ShareClassId, AsOfDate, NetAssetValue) VALUES ('VAL00265', 'SC-GBD-A', '2025-03-26', 3282972.00);
INSERT INTO Valuation (ValuationId, ShareClassId, AsOfDate, NetAssetValue) VALUES ('VAL00266', 'SC-GBD-A', '2025-03-27', 3284120.35);
INSERT INTO Valuation (ValuationId, ShareClassId, AsOfDate, NetAssetValue) VALUES ('VAL00267', 'SC-GBD-A', '2025-03-28', 3292908.50);
INSERT INTO Valuation (ValuationId, ShareClassId, AsOfDate, NetAssetValue) VALUES ('VAL00268', 'SC-GBD-A', '2025-03-29', 3308693.85);
INSERT INTO Valuation (ValuationId, ShareClassId, AsOfDate, NetAssetValue) VALUES ('VAL00269', 'SC-GBD-A', '2025-03-30', 3301262.30);
INSERT INTO Valuation (ValuationId, ShareClassId, AsOfDate, NetAssetValue) VALUES ('VAL00270', 'SC-GBD-A', '2025-03-31', 3293336.90);
INSERT INTO Valuation (ValuationId, ShareClassId, AsOfDate, NetAssetValue) VALUES ('VAL00271', 'SC-GBD-I', '2025-01-01', 6635191.20);
INSERT INTO Valuation (ValuationId, ShareClassId, AsOfDate, NetAssetValue) VALUES ('VAL00272', 'SC-GBD-I', '2025-01-02', 6664402.80);
INSERT INTO Valuation (ValuationId, ShareClassId, AsOfDate, NetAssetValue) VALUES ('VAL00273', 'SC-GBD-I', '2025-01-03', 6645355.20);
INSERT INTO Valuation (ValuationId, ShareClassId, AsOfDate, NetAssetValue) VALUES ('VAL00274', 'SC-GBD-I', '2025-01-04', 6670897.20);
INSERT INTO Valuation (ValuationId, ShareClassId, AsOfDate, NetAssetValue) VALUES ('VAL00275', 'SC-GBD-I', '2025-01-05', 6678724.80);
INSERT INTO Valuation (ValuationId, ShareClassId, AsOfDate, NetAssetValue) VALUES ('VAL00276', 'SC-GBD-I', '2025-01-06', 6690274.80);
INSERT INTO Valuation (ValuationId, ShareClassId, AsOfDate, NetAssetValue) VALUES ('VAL00277', 'SC-GBD-I', '2025-01-07', 6712252.80);
INSERT INTO Valuation (ValuationId, ShareClassId, AsOfDate, NetAssetValue) VALUES ('VAL00278', 'SC-GBD-I', '2025-01-08', 6694063.20);
INSERT INTO Valuation (ValuationId, ShareClassId, AsOfDate, NetAssetValue) VALUES ('VAL00279', 'SC-GBD-I', '2025-01-09', 6714074.40);
INSERT INTO Valuation (ValuationId, ShareClassId, AsOfDate, NetAssetValue) VALUES ('VAL00280', 'SC-GBD-I', '2025-01-10', 6707461.20);
INSERT INTO Valuation (ValuationId, ShareClassId, AsOfDate, NetAssetValue) VALUES ('VAL00281', 'SC-GBD-I', '2025-01-11', 6705600.00);
INSERT INTO Valuation (ValuationId, ShareClassId, AsOfDate, NetAssetValue) VALUES ('VAL00282', 'SC-GBD-I', '2025-01-12', 6692928.00);
INSERT INTO Valuation (ValuationId, ShareClassId, AsOfDate, NetAssetValue) VALUES ('VAL00283', 'SC-GBD-I', '2025-01-13', 6708121.20);
INSERT INTO Valuation (ValuationId, ShareClassId, AsOfDate, NetAssetValue) VALUES ('VAL00284', 'SC-GBD-I', '2025-01-14', 6686948.40);
INSERT INTO Valuation (ValuationId, ShareClassId, AsOfDate, NetAssetValue) VALUES ('VAL00285', 'SC-GBD-I', '2025-01-15', 6720912.00);
INSERT INTO Valuation (ValuationId, ShareClassId, AsOfDate, NetAssetValue) VALUES ('VAL00286', 'SC-GBD-I', '2025-01-16', 6709203.60);
INSERT INTO Valuation (ValuationId, ShareClassId, AsOfDate, NetAssetValue) VALUES ('VAL00287', 'SC-GBD-I', '2025-01-17', 6743721.60);
INSERT INTO Valuation (ValuationId, ShareClassId, AsOfDate, NetAssetValue) VALUES ('VAL00288', 'SC-GBD-I', '2025-01-18', 6756010.80);
INSERT INTO Valuation (ValuationId, ShareClassId, AsOfDate, NetAssetValue) VALUES ('VAL00289', 'SC-GBD-I', '2025-01-19', 6745926.00);
INSERT INTO Valuation (ValuationId, ShareClassId, AsOfDate, NetAssetValue) VALUES ('VAL00290', 'SC-GBD-I', '2025-01-20', 6733848.00);
INSERT INTO Valuation (ValuationId, ShareClassId, AsOfDate, NetAssetValue) VALUES ('VAL00291', 'SC-GBD-I', '2025-01-21', 7014509.60);
INSERT INTO Valuation (ValuationId, ShareClassId, AsOfDate, NetAssetValue) VALUES ('VAL00292', 'SC-GBD-I', '2025-01-22', 6996069.40);
INSERT INTO Valuation (ValuationId, ShareClassId, AsOfDate, NetAssetValue) VALUES ('VAL00293', 'SC-GBD-I', '2025-01-23', 6998192.90);
INSERT INTO Valuation (ValuationId, ShareClassId, AsOfDate, NetAssetValue) VALUES ('VAL00294', 'SC-GBD-I', '2025-01-24', 6975327.60);
INSERT INTO Valuation (ValuationId, ShareClassId, AsOfDate, NetAssetValue) VALUES ('VAL00295', 'SC-GBD-I', '2025-01-25', 7002070.00);
INSERT INTO Valuation (ValuationId, ShareClassId, AsOfDate, NetAssetValue) VALUES ('VAL00296', 'SC-GBD-I', '2025-01-26', 6975834.50);
INSERT INTO Valuation (ValuationId, ShareClassId, AsOfDate, NetAssetValue) VALUES ('VAL00297', 'SC-GBD-I', '2025-01-27', 6962490.70);
INSERT INTO Valuation (ValuationId, ShareClassId, AsOfDate, NetAssetValue) VALUES ('VAL00298', 'SC-GBD-I', '2025-01-28', 6952434.90);
INSERT INTO Valuation (ValuationId, ShareClassId, AsOfDate, NetAssetValue) VALUES ('VAL00299', 'SC-GBD-I', '2025-01-29', 6928692.80);
INSERT INTO Valuation (ValuationId, ShareClassId, AsOfDate, NetAssetValue) VALUES ('VAL00300', 'SC-GBD-I', '2025-01-30', 6942995.60);
INSERT INTO Valuation (ValuationId, ShareClassId, AsOfDate, NetAssetValue) VALUES ('VAL00301', 'SC-GBD-I', '2025-01-31', 6923884.10);
INSERT INTO Valuation (ValuationId, ShareClassId, AsOfDate, NetAssetValue) VALUES ('VAL00302', 'SC-GBD-I', '2025-02-01', 6900224.20);
INSERT INTO Valuation (ValuationId, ShareClassId, AsOfDate, NetAssetValue) VALUES ('VAL00303', 'SC-GBD-I', '2025-02-02', 7101873.90);
INSERT INTO Valuation (ValuationId, ShareClassId, AsOfDate, NetAssetValue) VALUES ('VAL00304', 'SC-GBD-I', '2025-02-03', 7464631.60);
INSERT INTO Valuation (ValuationId, ShareClassId, AsOfDate, NetAssetValue) VALUES ('VAL00305', 'SC-GBD-I', '2025-02-04', 7440685.20);
INSERT INTO Valuation (ValuationId, ShareClassId, AsOfDate, NetAssetValue) VALUES ('VAL00306', 'SC-GBD-I', '2025-02-05', 7459303.60);
INSERT INTO Valuation (ValuationId, ShareClassId, AsOfDate, NetAssetValue) VALUES ('VAL00307', 'SC-GBD-I', '2025-02-06', 7487867.60);
INSERT INTO Valuation (ValuationId, ShareClassId, AsOfDate, NetAssetValue) VALUES ('VAL00308', 'SC-GBD-I', '2025-02-07', 7531616.40);
INSERT INTO Valuation (ValuationId, ShareClassId, AsOfDate, NetAssetValue) VALUES ('VAL00309', 'SC-GBD-I', '2025-02-08', 7562977.60);
INSERT INTO Valuation (ValuationId, ShareClassId, AsOfDate, NetAssetValue) VALUES ('VAL00310', 'SC-GBD-I', '2025-02-09', 7533407.20);
INSERT INTO Valuation (ValuationId, ShareClassId, AsOfDate, NetAssetValue) VALUES ('VAL00311', 'SC-GBD-I', '2025-02-10', 7525918.40);
INSERT INTO Valuation (ValuationId, ShareClassId, AsOfDate, NetAssetValue) VALUES ('VAL00312', 'SC-GBD-I', '2025-02-11', 7797033.00);
INSERT INTO Valuation (ValuationId, ShareClassId, AsOfDate, NetAssetValue) VALUES ('VAL00313', 'SC-GBD-I', '2025-02-12', 7796971.80);
INSERT INTO Valuation (ValuationId, ShareClassId, AsOfDate, NetAssetValue) VALUES ('VAL00314', 'SC-GBD-I', '2025-02-13', 7836644.70);
INSERT INTO Valuation (ValuationId, ShareClassId, AsOfDate, NetAssetValue) VALUES ('VAL00315', 'SC-GBD-I', '2025-02-14', 7818575.40);
INSERT INTO Valuation (ValuationId, ShareClassId, AsOfDate, NetAssetValue) VALUES ('VAL00316', 'SC-GBD-I', '2025-02-15', 7842581.10);
INSERT INTO Valuation (ValuationId, ShareClassId, AsOfDate, NetAssetValue) VALUES ('VAL00317', 'SC-GBD-I', '2025-02-16', 7874741.70);
INSERT INTO Valuation (ValuationId, ShareClassId, AsOfDate, NetAssetValue) VALUES ('VAL00318', 'SC-GBD-I', '2025-02-17', 7862440.50);
INSERT INTO Valuation (ValuationId, ShareClassId, AsOfDate, NetAssetValue) VALUES ('VAL00319', 'SC-GBD-I', '2025-02-18', 7883263.80);
INSERT INTO Valuation (ValuationId, ShareClassId, AsOfDate, NetAssetValue) VALUES ('VAL00320', 'SC-GBD-I', '2025-02-19', 7859931.30);
INSERT INTO Valuation (ValuationId, ShareClassId, AsOfDate, NetAssetValue) VALUES ('VAL00321', 'SC-GBD-I', '2025-02-20', 7779055.35);
INSERT INTO Valuation (ValuationId, ShareClassId, AsOfDate, NetAssetValue) VALUES ('VAL00322', 'SC-GBD-I', '2025-02-21', 7750558.20);
INSERT INTO Valuation (ValuationId, ShareClassId, AsOfDate, NetAssetValue) VALUES ('VAL00323', 'SC-GBD-I', '2025-02-22', 7788266.55);
INSERT INTO Valuation (ValuationId, ShareClassId, AsOfDate, NetAssetValue) VALUES ('VAL00324', 'SC-GBD-I', '2025-02-23', 7816536.45);
INSERT INTO Valuation (ValuationId, ShareClassId, AsOfDate, NetAssetValue) VALUES ('VAL00325', 'SC-GBD-I', '2025-02-24', 7734480.95);
INSERT INTO Valuation (ValuationId, ShareClassId, AsOfDate, NetAssetValue) VALUES ('VAL00326', 'SC-GBD-I', '2025-02-25', 7761540.85);
INSERT INTO Valuation (ValuationId, ShareClassId, AsOfDate, NetAssetValue) VALUES ('VAL00327', 'SC-GBD-I', '2025-02-26', 7746641.35);
INSERT INTO Valuation (ValuationId, ShareClassId, AsOfDate, NetAssetValue) VALUES ('VAL00328', 'SC-GBD-I', '2025-02-27', 7768298.30);
INSERT INTO Valuation (ValuationId, ShareClassId, AsOfDate, NetAssetValue) VALUES ('VAL00329', 'SC-GBD-I', '2025-02-28', 7788284.70);
INSERT INTO Valuation (ValuationId, ShareClassId, AsOfDate, NetAssetValue) VALUES ('VAL00330', 'SC-GBD-I', '2025-03-01', 7827249.15);
INSERT INTO Valuation (ValuationId, ShareClassId, AsOfDate, NetAssetValue) VALUES ('VAL00331', 'SC-GBD-I', '2025-03-02', 7854700.35);
INSERT INTO Valuation (ValuationId, ShareClassId, AsOfDate, NetAssetValue) VALUES ('VAL00332', 'SC-GBD-I', '2025-03-03', 7844195.45);
INSERT INTO Valuation (ValuationId, ShareClassId, AsOfDate, NetAssetValue) VALUES ('VAL00333', 'SC-GBD-I', '2025-03-04', 7826707.35);
INSERT INTO Valuation (ValuationId, ShareClassId, AsOfDate, NetAssetValue) VALUES ('VAL00334', 'SC-GBD-I', '2025-03-05', 8021910.00);
INSERT INTO Valuation (ValuationId, ShareClassId, AsOfDate, NetAssetValue) VALUES ('VAL00335', 'SC-GBD-I', '2025-03-06', 8040544.90);
INSERT INTO Valuation (ValuationId, ShareClassId, AsOfDate, NetAssetValue) VALUES ('VAL00336', 'SC-GBD-I', '2025-03-07', 8029753.85);
INSERT INTO Valuation (ValuationId, ShareClassId, AsOfDate, NetAssetValue) VALUES ('VAL00337', 'SC-GBD-I', '2025-03-08', 8059978.00);
INSERT INTO Valuation (ValuationId, ShareClassId, AsOfDate, NetAssetValue) VALUES ('VAL00338', 'SC-GBD-I', '2025-03-09', 8034926.80);
INSERT INTO Valuation (ValuationId, ShareClassId, AsOfDate, NetAssetValue) VALUES ('VAL00339', 'SC-GBD-I', '2025-03-10', 8078351.95);
INSERT INTO Valuation (ValuationId, ShareClassId, AsOfDate, NetAssetValue) VALUES ('VAL00340', 'SC-GBD-I', '2025-03-11', 8079856.25);
INSERT INTO Valuation (ValuationId, ShareClassId, AsOfDate, NetAssetValue) VALUES ('VAL00341', 'SC-GBD-I', '2025-03-12', 8110203.20);
INSERT INTO Valuation (ValuationId, ShareClassId, AsOfDate, NetAssetValue) VALUES ('VAL00342', 'SC-GBD-I', '2025-03-13', 8088974.15);
INSERT INTO Valuation (ValuationId, ShareClassId, AsOfDate, NetAssetValue) VALUES ('VAL00343', 'SC-GBD-I', '2025-03-14', 8130840.60);
INSERT INTO Valuation (ValuationId, ShareClassId, AsOfDate, NetAssetValue) VALUES ('VAL00344', 'SC-GBD-I', '2025-03-15', 8142783.45);
INSERT INTO Valuation (ValuationId, ShareClassId, AsOfDate, NetAssetValue) VALUES ('VAL00345', 'SC-GBD-I', '2025-03-16', 8116178.55);
INSERT INTO Valuation (ValuationId, ShareClassId, AsOfDate, NetAssetValue) VALUES ('VAL00346', 'SC-GBD-I', '2025-03-17', 8148330.00);
INSERT INTO Valuation (ValuationId, ShareClassId, AsOfDate, NetAssetValue) VALUES ('VAL00347', 'SC-GBD-I', '2025-03-18', 8172771.90);
INSERT INTO Valuation (ValuationId, ShareClassId, AsOfDate, NetAssetValue) VALUES ('VAL00348', 'SC-GBD-I', '2025-03-19', 8215970.10);
INSERT INTO Valuation (ValuationId, ShareClassId, AsOfDate, NetAssetValue) VALUES ('VAL00349', 'SC-GBD-I', '2025-03-20', 8229782.40);
INSERT INTO Valuation (ValuationId, ShareClassId, AsOfDate, NetAssetValue) VALUES ('VAL00350', 'SC-GBD-I', '2025-03-21', 8267264.10);
INSERT INTO Valuation (ValuationId, ShareClassId, AsOfDate, NetAssetValue) VALUES ('VAL00351', 'SC-GBD-I', '2025-03-22', 8301995.70);
INSERT INTO Valuation (ValuationId, ShareClassId, AsOfDate, NetAssetValue) VALUES ('VAL00352', 'SC-GBD-I', '2025-03-23', 8301779.40);
INSERT INTO Valuation (ValuationId, ShareClassId, AsOfDate, NetAssetValue) VALUES ('VAL00353', 'SC-GBD-I', '2025-03-24', 8293637.25);
INSERT INTO Valuation (ValuationId, ShareClassId, AsOfDate, NetAssetValue) VALUES ('VAL00354', 'SC-GBD-I', '2025-03-25', 8309071.80);
INSERT INTO Valuation (ValuationId, ShareClassId, AsOfDate, NetAssetValue) VALUES ('VAL00355', 'SC-GBD-I', '2025-03-26', 8271417.00);
INSERT INTO Valuation (ValuationId, ShareClassId, AsOfDate, NetAssetValue) VALUES ('VAL00356', 'SC-GBD-I', '2025-03-27', 8262454.20);
INSERT INTO Valuation (ValuationId, ShareClassId, AsOfDate, NetAssetValue) VALUES ('VAL00357', 'SC-GBD-I', '2025-03-28', 8240216.60);
INSERT INTO Valuation (ValuationId, ShareClassId, AsOfDate, NetAssetValue) VALUES ('VAL00358', 'SC-GBD-I', '2025-03-29', 8274527.80);
INSERT INTO Valuation (ValuationId, ShareClassId, AsOfDate, NetAssetValue) VALUES ('VAL00359', 'SC-GBD-I', '2025-03-30', 8247223.60);
INSERT INTO Valuation (ValuationId, ShareClassId, AsOfDate, NetAssetValue) VALUES ('VAL00360', 'SC-GBD-I', '2025-03-31', 8220797.20);
INSERT INTO Valuation (ValuationId, ShareClassId, AsOfDate, NetAssetValue) VALUES ('VAL00361', 'SC-BAL-A', '2025-01-01', 2861787.60);
INSERT INTO Valuation (ValuationId, ShareClassId, AsOfDate, NetAssetValue) VALUES ('VAL00362', 'SC-BAL-A', '2025-01-02', 2862266.40);
INSERT INTO Valuation (ValuationId, ShareClassId, AsOfDate, NetAssetValue) VALUES ('VAL00363', 'SC-BAL-A', '2025-01-03', 2871979.20);
INSERT INTO Valuation (ValuationId, ShareClassId, AsOfDate, NetAssetValue) VALUES ('VAL00364', 'SC-BAL-A', '2025-01-04', 2872002.00);
INSERT INTO Valuation (ValuationId, ShareClassId, AsOfDate, NetAssetValue) VALUES ('VAL00365', 'SC-BAL-A', '2025-01-05', 2866655.40);
INSERT INTO Valuation (ValuationId, ShareClassId, AsOfDate, NetAssetValue) VALUES ('VAL00366', 'SC-BAL-A', '2025-01-06', 2858994.60);
INSERT INTO Valuation (ValuationId, ShareClassId, AsOfDate, NetAssetValue) VALUES ('VAL00367', 'SC-BAL-A', '2025-01-07', 2866644.00);
INSERT INTO Valuation (ValuationId, ShareClassId, AsOfDate, NetAssetValue) VALUES ('VAL00368', 'SC-BAL-A', '2025-01-08', 2859564.60);
INSERT INTO Valuation (ValuationId, ShareClassId, AsOfDate, NetAssetValue) VALUES ('VAL00369', 'SC-BAL-A', '2025-01-09', 2851938.00);
INSERT INTO Valuation (ValuationId, ShareClassId, AsOfDate, NetAssetValue) VALUES ('VAL00370', 'SC-BAL-A', '2025-01-10', 2845975.80);
INSERT INTO Valuation (ValuationId, ShareClassId, AsOfDate, NetAssetValue) VALUES ('VAL00371', 'SC-BAL-A', '2025-01-11', 2850991.80);
INSERT INTO Valuation (ValuationId, ShareClassId, AsOfDate, NetAssetValue) VALUES ('VAL00372', 'SC-BAL-A', '2025-01-12', 2855779.80);
INSERT INTO Valuation (ValuationId, ShareClassId, AsOfDate, NetAssetValue) VALUES ('VAL00373', 'SC-BAL-A', '2025-01-13', 3059174.40);
INSERT INTO Valuation (ValuationId, ShareClassId, AsOfDate, NetAssetValue) VALUES ('VAL00374', 'SC-BAL-A', '2025-01-14', 3061236.20);
INSERT INTO Valuation (ValuationId, ShareClassId, AsOfDate, NetAssetValue) VALUES ('VAL00375', 'SC-BAL-A', '2025-01-15', 3247691.10);
INSERT INTO Valuation (ValuationId, ShareClassId, AsOfDate, NetAssetValue) VALUES ('VAL00376', 'SC-BAL-A', '2025-01-16', 3242518.20);
INSERT INTO Valuation (ValuationId, ShareClassId, AsOfDate, NetAssetValue) VALUES ('VAL00377', 'SC-BAL-A', '2025-01-17', 3251664.30);
INSERT INTO Valuation (ValuationId, ShareClassId, AsOfDate, NetAssetValue) VALUES ('VAL00378', 'SC-BAL-A', '2025-01-18', 3247020.30);
INSERT INTO Valuation (ValuationId, ShareClassId, AsOfDate, NetAssetValue) VALUES ('VAL00379', 'SC-BAL-A', '2025-01-19', 3245704.50);
INSERT INTO Valuation (ValuationId, ShareClassId, AsOfDate, NetAssetValue) VALUES ('VAL00380', 'SC-BAL-A', '2025-01-20', 3259701.00);
INSERT INTO Valuation (ValuationId, ShareClassId, AsOfDate, NetAssetValue) VALUES ('VAL00381', 'SC-BAL-A', '2025-01-21', 3271852.80);
INSERT INTO Valuation (ValuationId, ShareClassId, AsOfDate, NetAssetValue) VALUES ('VAL00382', 'SC-BAL-A', '2025-01-22', 3262397.10);
INSERT INTO Valuation (ValuationId, ShareClassId, AsOfDate, NetAssetValue) VALUES ('VAL00383', 'SC-BAL-A', '2025-01-23', 3266615.40);
INSERT INTO Valuation (ValuationId, ShareClassId, AsOfDate, NetAssetValue) VALUES ('VAL00384', 'SC-BAL-A', '2025-01-24', 3435632.00);
INSERT INTO Valuation (ValuationId, ShareClassId, AsOfDate, NetAssetValue) VALUES ('VAL00385', 'SC-BAL-A', '2025-01-25', 3437277.60);
INSERT INTO Valuation (ValuationId, ShareClassId, AsOfDate, NetAssetValue) VALUES ('VAL00386', 'SC-BAL-A', '2025-01-26', 3487549.80);
INSERT INTO Valuation (ValuationId, ShareClassId, AsOfDate, NetAssetValue) VALUES ('VAL00387', 'SC-BAL-A', '2025-01-27', 3475395.00);
INSERT INTO Valuation (ValuationId, ShareClassId, AsOfDate, NetAssetValue) VALUES ('VAL00388', 'SC-BAL-A', '2025-01-28', 3495855.00);
INSERT INTO Valuation (ValuationId, ShareClassId, AsOfDate, NetAssetValue) VALUES ('VAL00389', 'SC-BAL-A', '2025-01-29', 3506525.00);
INSERT INTO Valuation (ValuationId, ShareClassId, AsOfDate, NetAssetValue) VALUES ('VAL00390', 'SC-BAL-A', '2025-01-30', 3517717.50);
INSERT INTO Valuation (ValuationId, ShareClassId, AsOfDate, NetAssetValue) VALUES ('VAL00391', 'SC-BAL-A', '2025-01-31', 3528662.50);
INSERT INTO Valuation (ValuationId, ShareClassId, AsOfDate, NetAssetValue) VALUES ('VAL00392', 'SC-BAL-A', '2025-02-01', 3532883.75);
INSERT INTO Valuation (ValuationId, ShareClassId, AsOfDate, NetAssetValue) VALUES ('VAL00393', 'SC-BAL-A', '2025-02-02', 3519903.75);
INSERT INTO Valuation (ValuationId, ShareClassId, AsOfDate, NetAssetValue) VALUES ('VAL00394', 'SC-BAL-A', '2025-02-03', 3510787.50);
INSERT INTO Valuation (ValuationId, ShareClassId, AsOfDate, NetAssetValue) VALUES ('VAL00395', 'SC-BAL-A', '2025-02-04', 3605763.90);
INSERT INTO Valuation (ValuationId, ShareClassId, AsOfDate, NetAssetValue) VALUES ('VAL00396', 'SC-BAL-A', '2025-02-05', 3612578.15);
INSERT INTO Valuation (ValuationId, ShareClassId, AsOfDate, NetAssetValue) VALUES ('VAL00397', 'SC-BAL-A', '2025-02-06', 3627232.30);
INSERT INTO Valuation (ValuationId, ShareClassId, AsOfDate, NetAssetValue) VALUES ('VAL00398', 'SC-BAL-A', '2025-02-07', 3641001.30);
INSERT INTO Valuation (ValuationId, ShareClassId, AsOfDate, NetAssetValue) VALUES ('VAL00399', 'SC-BAL-A', '2025-02-08', 3840091.20);
INSERT INTO Valuation (ValuationId, ShareClassId, AsOfDate, NetAssetValue) VALUES ('VAL00400', 'SC-BAL-A', '2025-02-09', 3838041.90);
INSERT INTO Valuation (ValuationId, ShareClassId, AsOfDate, NetAssetValue) VALUES ('VAL00401', 'SC-BAL-A', '2025-02-10', 3824513.55);
INSERT INTO Valuation (ValuationId, ShareClassId, AsOfDate, NetAssetValue) VALUES ('VAL00402', 'SC-BAL-A', '2025-02-11', 3846937.05);
INSERT INTO Valuation (ValuationId, ShareClassId, AsOfDate, NetAssetValue) VALUES ('VAL00403', 'SC-BAL-A', '2025-02-12', 3832814.70);
INSERT INTO Valuation (ValuationId, ShareClassId, AsOfDate, NetAssetValue) VALUES ('VAL00404', 'SC-BAL-A', '2025-02-13', 3833943.30);
INSERT INTO Valuation (ValuationId, ShareClassId, AsOfDate, NetAssetValue) VALUES ('VAL00405', 'SC-BAL-A', '2025-02-14', 3823210.00);
INSERT INTO Valuation (ValuationId, ShareClassId, AsOfDate, NetAssetValue) VALUES ('VAL00406', 'SC-BAL-A', '2025-02-15', 3811843.60);
INSERT INTO Valuation (ValuationId, ShareClassId, AsOfDate, NetAssetValue) VALUES ('VAL00407', 'SC-BAL-A', '2025-02-16', 3797458.00);
INSERT INTO Valuation (ValuationId, ShareClassId, AsOfDate, NetAssetValue) VALUES ('VAL00408', 'SC-BAL-A', '2025-02-17', 3794068.80);
INSERT INTO Valuation (ValuationId, ShareClassId, AsOfDate, NetAssetValue) VALUES ('VAL00409', 'SC-BAL-A', '2025-02-18', 3797961.20);
INSERT INTO Valuation (ValuationId, ShareClassId, AsOfDate, NetAssetValue) VALUES ('VAL00410', 'SC-BAL-A', '2025-02-19', 3791893.20);
INSERT INTO Valuation (ValuationId, ShareClassId, AsOfDate, NetAssetValue) VALUES ('VAL00411', 'SC-BAL-A', '2025-02-20', 3812332.00);
INSERT INTO Valuation (ValuationId, ShareClassId, AsOfDate, NetAssetValue) VALUES ('VAL00412', 'SC-BAL-A', '2025-02-21', 3813146.00);
INSERT INTO Valuation (ValuationId, ShareClassId, AsOfDate, NetAssetValue) VALUES ('VAL00413', 'SC-BAL-A', '2025-02-22', 3830180.80);
INSERT INTO Valuation (ValuationId, ShareClassId, AsOfDate, NetAssetValue) VALUES ('VAL00414', 'SC-BAL-A', '2025-02-23', 3849968.40);
INSERT INTO Valuation (ValuationId, ShareClassId, AsOfDate, NetAssetValue) VALUES ('VAL00415', 'SC-BAL-A', '2025-02-24', 3850782.40);
INSERT INTO Valuation (ValuationId, ShareClassId, AsOfDate, NetAssetValue) VALUES ('VAL00416', 'SC-BAL-A', '2025-02-25', 3866204.00);
INSERT INTO Valuation (ValuationId, ShareClassId, AsOfDate, NetAssetValue) VALUES ('VAL00417', 'SC-BAL-A', '2025-02-26', 3851626.00);
INSERT INTO Valuation (ValuationId, ShareClassId, AsOfDate, NetAssetValue) VALUES ('VAL00418', 'SC-BAL-A', '2025-02-27', 3864886.80);
INSERT INTO Valuation (ValuationId, ShareClassId, AsOfDate, NetAssetValue) VALUES ('VAL00419', 'SC-BAL-A', '2025-02-28', 3868838.40);
INSERT INTO Valuation (ValuationId, ShareClassId, AsOfDate, NetAssetValue) VALUES ('VAL00420', 'SC-BAL-A', '2025-03-01', 3855873.60);
INSERT INTO Valuation (ValuationId, ShareClassId, AsOfDate, NetAssetValue) VALUES ('VAL00421', 'SC-BAL-A', '2025-03-02', 3847452.40);
INSERT INTO Valuation (ValuationId, ShareClassId, AsOfDate, NetAssetValue) VALUES ('VAL00422', 'SC-BAL-A', '2025-03-03', 3869504.40);
INSERT INTO Valuation (ValuationId, ShareClassId, AsOfDate, NetAssetValue) VALUES ('VAL00423', 'SC-BAL-A', '2025-03-04', 3881684.80);
INSERT INTO Valuation (ValuationId, ShareClassId, AsOfDate, NetAssetValue) VALUES ('VAL00424', 'SC-BAL-A', '2025-03-05', 3873692.80);
INSERT INTO Valuation (ValuationId, ShareClassId, AsOfDate, NetAssetValue) VALUES ('VAL00425', 'SC-BAL-A', '2025-03-06', 3860964.80);
INSERT INTO Valuation (ValuationId, ShareClassId, AsOfDate, NetAssetValue) VALUES ('VAL00426', 'SC-BAL-A', '2025-03-07', 3868157.60);
INSERT INTO Valuation (ValuationId, ShareClassId, AsOfDate, NetAssetValue) VALUES ('VAL00427', 'SC-BAL-A', '2025-03-08', 3862770.40);
INSERT INTO Valuation (ValuationId, ShareClassId, AsOfDate, NetAssetValue) VALUES ('VAL00428', 'SC-BAL-A', '2025-03-09', 3850812.00);
INSERT INTO Valuation (ValuationId, ShareClassId, AsOfDate, NetAssetValue) VALUES ('VAL00429', 'SC-BAL-A', '2025-03-10', 3859766.00);
INSERT INTO Valuation (ValuationId, ShareClassId, AsOfDate, NetAssetValue) VALUES ('VAL00430', 'SC-BAL-A', '2025-03-11', 3875838.80);
INSERT INTO Valuation (ValuationId, ShareClassId, AsOfDate, NetAssetValue) VALUES ('VAL00431', 'SC-BAL-A', '2025-03-12', 4005060.60);
INSERT INTO Valuation (ValuationId, ShareClassId, AsOfDate, NetAssetValue) VALUES ('VAL00432', 'SC-BAL-A', '2025-03-13', 4015575.35);
INSERT INTO Valuation (ValuationId, ShareClassId, AsOfDate, NetAssetValue) VALUES ('VAL00433', 'SC-BAL-A', '2025-03-14', 4018016.00);
INSERT INTO Valuation (ValuationId, ShareClassId, AsOfDate, NetAssetValue) VALUES ('VAL00434', 'SC-BAL-A', '2025-03-15', 4024232.75);
INSERT INTO Valuation (ValuationId, ShareClassId, AsOfDate, NetAssetValue) VALUES ('VAL00435', 'SC-BAL-A', '2025-03-16', 4033212.50);
INSERT INTO Valuation (ValuationId, ShareClassId, AsOfDate, NetAssetValue) VALUES ('VAL00436', 'SC-BAL-A', '2025-03-17', 4051586.45);
INSERT INTO Valuation (ValuationId, ShareClassId, AsOfDate, NetAssetValue) VALUES ('VAL00437', 'SC-BAL-A', '2025-03-18', 4040258.15);
INSERT INTO Valuation (ValuationId, ShareClassId, AsOfDate, NetAssetValue) VALUES ('VAL00438', 'SC-BAL-A', '2025-03-19', 3981793.55);
INSERT INTO Valuation (ValuationId, ShareClassId, AsOfDate, NetAssetValue) VALUES ('VAL00439', 'SC-BAL-A', '2025-03-20', 3984818.60);
INSERT INTO Valuation (ValuationId, ShareClassId, AsOfDate, NetAssetValue) VALUES ('VAL00440', 'SC-BAL-A', '2025-03-21', 4002803.35);
INSERT INTO Valuation (ValuationId, ShareClassId, AsOfDate, NetAssetValue) VALUES ('VAL00441', 'SC-BAL-A', '2025-03-22', 4020818.20);
INSERT INTO Valuation (ValuationId, ShareClassId, AsOfDate, NetAssetValue) VALUES ('VAL00442', 'SC-BAL-A', '2025-03-23', 4042655.75);
INSERT INTO Valuation (ValuationId, ShareClassId, AsOfDate, NetAssetValue) VALUES ('VAL00443', 'SC-BAL-A', '2025-03-24', 4063635.45);
INSERT INTO Valuation (ValuationId, ShareClassId, AsOfDate, NetAssetValue) VALUES ('VAL00444', 'SC-BAL-A', '2025-03-25', 4062431.45);
INSERT INTO Valuation (ValuationId, ShareClassId, AsOfDate, NetAssetValue) VALUES ('VAL00445', 'SC-BAL-A', '2025-03-26', 4083245.60);
INSERT INTO Valuation (ValuationId, ShareClassId, AsOfDate, NetAssetValue) VALUES ('VAL00446', 'SC-BAL-A', '2025-03-27', 4090695.35);
INSERT INTO Valuation (ValuationId, ShareClassId, AsOfDate, NetAssetValue) VALUES ('VAL00447', 'SC-BAL-A', '2025-03-28', 4082854.30);
INSERT INTO Valuation (ValuationId, ShareClassId, AsOfDate, NetAssetValue) VALUES ('VAL00448', 'SC-BAL-A', '2025-03-29', 4071416.30);
INSERT INTO Valuation (ValuationId, ShareClassId, AsOfDate, NetAssetValue) VALUES ('VAL00449', 'SC-BAL-A', '2025-03-30', 4066976.55);
INSERT INTO Valuation (ValuationId, ShareClassId, AsOfDate, NetAssetValue) VALUES ('VAL00450', 'SC-BAL-A', '2025-03-31', 4086872.65);
INSERT INTO Valuation (ValuationId, ShareClassId, AsOfDate, NetAssetValue) VALUES ('VAL00451', 'SC-BAL-I', '2025-01-01', 2421527.40);
INSERT INTO Valuation (ValuationId, ShareClassId, AsOfDate, NetAssetValue) VALUES ('VAL00452', 'SC-BAL-I', '2025-01-02', 2424641.10);
INSERT INTO Valuation (ValuationId, ShareClassId, AsOfDate, NetAssetValue) VALUES ('VAL00453', 'SC-BAL-I', '2025-01-03', 2417201.20);
INSERT INTO Valuation (ValuationId, ShareClassId, AsOfDate, NetAssetValue) VALUES ('VAL00454', 'SC-BAL-I', '2025-01-04', 2420150.00);
INSERT INTO Valuation (ValuationId, ShareClassId, AsOfDate, NetAssetValue) VALUES ('VAL00455', 'SC-BAL-I', '2025-01-05', 2433506.90);
INSERT INTO Valuation (ValuationId, ShareClassId, AsOfDate, NetAssetValue) VALUES ('VAL00456', 'SC-BAL-I', '2025-01-06', 2442353.30);
INSERT INTO Valuation (ValuationId, ShareClassId, AsOfDate, NetAssetValue) VALUES ('VAL00457', 'SC-BAL-I', '2025-01-07', 2421040.25);
INSERT INTO Valuation (ValuationId, ShareClassId, AsOfDate, NetAssetValue) VALUES ('VAL00458', 'SC-BAL-I', '2025-01-08', 2417942.60);
INSERT INTO Valuation (ValuationId, ShareClassId, AsOfDate, NetAssetValue) VALUES ('VAL00459', 'SC-BAL-I', '2025-01-09', 2429648.05);
INSERT INTO Valuation (ValuationId, ShareClassId, AsOfDate, NetAssetValue) VALUES ('VAL00460', 'SC-BAL-I', '2025-01-10', 2439877.05);
INSERT INTO Valuation (ValuationId, ShareClassId, AsOfDate, NetAssetValue) VALUES ('VAL00461', 'SC-BAL-I', '2025-01-11', 2451978.15);
INSERT INTO Valuation (ValuationId, ShareClassId, AsOfDate, NetAssetValue) VALUES ('VAL00462', 'SC-BAL-I', '2025-01-12', 2456060.10);
INSERT INTO Valuation (ValuationId, ShareClassId, AsOfDate, NetAssetValue) VALUES ('VAL00463', 'SC-BAL-I', '2025-01-13', 2454834.55);
INSERT INTO Valuation (ValuationId, ShareClassId, AsOfDate, NetAssetValue) VALUES ('VAL00464', 'SC-BAL-I', '2025-01-14', 2466733.00);
INSERT INTO Valuation (ValuationId, ShareClassId, AsOfDate, NetAssetValue) VALUES ('VAL00465', 'SC-BAL-I', '2025-01-15', 2477801.55);
INSERT INTO Valuation (ValuationId, ShareClassId, AsOfDate, NetAssetValue) VALUES ('VAL00466', 'SC-BAL-I', '2025-01-16', 2484575.85);
INSERT INTO Valuation (ValuationId, ShareClassId, AsOfDate, NetAssetValue) VALUES ('VAL00467', 'SC-BAL-I', '2025-01-17', 2492508.15);
INSERT INTO Valuation (ValuationId, ShareClassId, AsOfDate, NetAssetValue) VALUES ('VAL00468', 'SC-BAL-I', '2025-01-18', 2499948.30);
INSERT INTO Valuation (ValuationId, ShareClassId, AsOfDate, NetAssetValue) VALUES ('VAL00469', 'SC-BAL-I', '2025-01-19', 2507957.80);
INSERT INTO Valuation (ValuationId, ShareClassId, AsOfDate, NetAssetValue) VALUES ('VAL00470', 'SC-BAL-I', '2025-01-20', 2504860.15);
INSERT INTO Valuation (ValuationId, ShareClassId, AsOfDate, NetAssetValue) VALUES ('VAL00471', 'SC-BAL-I', '2025-01-21', 2509337.75);
INSERT INTO Valuation (ValuationId, ShareClassId, AsOfDate, NetAssetValue) VALUES ('VAL00472', 'SC-BAL-I', '2025-01-22', 2499880.75);
INSERT INTO Valuation (ValuationId, ShareClassId, AsOfDate, NetAssetValue) VALUES ('VAL00473', 'SC-BAL-I', '2025-01-23', 2500508.00);
INSERT INTO Valuation (ValuationId, ShareClassId, AsOfDate, NetAssetValue) VALUES ('VAL00474', 'SC-BAL-I', '2025-01-24', 2510061.50);
INSERT INTO Valuation (ValuationId, ShareClassId, AsOfDate, NetAssetValue) VALUES ('VAL00475', 'SC-BAL-I', '2025-01-25', 2509299.15);
INSERT INTO Valuation (ValuationId, ShareClassId, AsOfDate, NetAssetValue) VALUES ('VAL00476', 'SC-BAL-I', '2025-01-26', 2502592.40);
INSERT INTO Valuation (ValuationId, ShareClassId, AsOfDate, NetAssetValue) VALUES ('VAL00477', 'SC-BAL-I', '2025-01-27', 2504908.40);
INSERT INTO Valuation (ValuationId, ShareClassId, AsOfDate, NetAssetValue) VALUES ('VAL00478', 'SC-BAL-I', '2025-01-28', 2510244.85);
INSERT INTO Valuation (ValuationId, ShareClassId, AsOfDate, NetAssetValue) VALUES ('VAL00479', 'SC-BAL-I', '2025-01-29', 2514973.35);
INSERT INTO Valuation (ValuationId, ShareClassId, AsOfDate, NetAssetValue) VALUES ('VAL00480', 'SC-BAL-I', '2025-01-30', 2517897.30);
INSERT INTO Valuation (ValuationId, ShareClassId, AsOfDate, NetAssetValue) VALUES ('VAL00481', 'SC-BAL-I', '2025-01-31', 2527122.70);
INSERT INTO Valuation (ValuationId, ShareClassId, AsOfDate, NetAssetValue) VALUES ('VAL00482', 'SC-BAL-I', '2025-02-01', 2520975.65);
INSERT INTO Valuation (ValuationId, ShareClassId, AsOfDate, NetAssetValue) VALUES ('VAL00483', 'SC-BAL-I', '2025-02-02', 2512174.85);
INSERT INTO Valuation (ValuationId, ShareClassId, AsOfDate, NetAssetValue) VALUES ('VAL00484', 'SC-BAL-I', '2025-02-03', 2513120.55);
INSERT INTO Valuation (ValuationId, ShareClassId, AsOfDate, NetAssetValue) VALUES ('VAL00485', 'SC-BAL-I', '2025-02-04', 2505603.20);
INSERT INTO Valuation (ValuationId, ShareClassId, AsOfDate, NetAssetValue) VALUES ('VAL00486', 'SC-BAL-I', '2025-02-05', 2500527.30);
INSERT INTO Valuation (ValuationId, ShareClassId, AsOfDate, NetAssetValue) VALUES ('VAL00487', 'SC-BAL-I', '2025-02-06', 2674678.05);
INSERT INTO Valuation (ValuationId, ShareClassId, AsOfDate, NetAssetValue) VALUES ('VAL00488', 'SC-BAL-I', '2025-02-07', 2667971.25);
INSERT INTO Valuation (ValuationId, ShareClassId, AsOfDate, NetAssetValue) VALUES ('VAL00489', 'SC-BAL-I', '2025-02-08', 2674139.85);
INSERT INTO Valuation (ValuationId, ShareClassId, AsOfDate, NetAssetValue) VALUES ('VAL00490', 'SC-BAL-I', '2025-02-09', 2683765.35);
INSERT INTO Valuation (ValuationId, ShareClassId, AsOfDate, NetAssetValue) VALUES ('VAL00491', 'SC-BAL-I', '2025-02-10', 2673829.35);
INSERT INTO Valuation (ValuationId, ShareClassId, AsOfDate, NetAssetValue) VALUES ('VAL00492', 'SC-BAL-I', '2025-02-11', 2676685.95);
INSERT INTO Valuation (ValuationId, ShareClassId, AsOfDate, NetAssetValue) VALUES ('VAL00493', 'SC-BAL-I', '2025-02-12', 2687584.50);
INSERT INTO Valuation (ValuationId, ShareClassId, AsOfDate, NetAssetValue) VALUES ('VAL00494', 'SC-BAL-I', '2025-02-13', 2679201.00);
INSERT INTO Valuation (ValuationId, ShareClassId, AsOfDate, NetAssetValue) VALUES ('VAL00495', 'SC-BAL-I', '2025-02-14', 2670434.55);
INSERT INTO Valuation (ValuationId, ShareClassId, AsOfDate, NetAssetValue) VALUES ('VAL00496', 'SC-BAL-I', '2025-02-15', 2681571.15);
INSERT INTO Valuation (ValuationId, ShareClassId, AsOfDate, NetAssetValue) VALUES ('VAL00497', 'SC-BAL-I', '2025-02-16', 2693908.35);
INSERT INTO Valuation (ValuationId, ShareClassId, AsOfDate, NetAssetValue) VALUES ('VAL00498', 'SC-BAL-I', '2025-02-17', 2703316.50);
INSERT INTO Valuation (ValuationId, ShareClassId, AsOfDate, NetAssetValue) VALUES ('VAL00499', 'SC-BAL-I', '2025-02-18', 2706204.15);
INSERT INTO Valuation (ValuationId, ShareClassId, AsOfDate, NetAssetValue) VALUES ('VAL00500', 'SC-BAL-I', '2025-02-19', 2704123.80);
INSERT INTO Valuation (ValuationId, ShareClassId, AsOfDate, NetAssetValue) VALUES ('VAL00501', 'SC-BAL-I', '2025-02-20', 2696216.40);
INSERT INTO Valuation (ValuationId, ShareClassId, AsOfDate, NetAssetValue) VALUES ('VAL00502', 'SC-BAL-I', '2025-02-21', 2830385.25);
INSERT INTO Valuation (ValuationId, ShareClassId, AsOfDate, NetAssetValue) VALUES ('VAL00503', 'SC-BAL-I', '2025-02-22', 2834725.25);
INSERT INTO Valuation (ValuationId, ShareClassId, AsOfDate, NetAssetValue) VALUES ('VAL00504', 'SC-BAL-I', '2025-02-23', 2844208.15);
INSERT INTO Valuation (ValuationId, ShareClassId, AsOfDate, NetAssetValue) VALUES ('VAL00505', 'SC-BAL-I', '2025-02-24', 2860711.00);
INSERT INTO Valuation (ValuationId, ShareClassId, AsOfDate, NetAssetValue) VALUES ('VAL00506', 'SC-BAL-I', '2025-02-25', 2861003.95);
INSERT INTO Valuation (ValuationId, ShareClassId, AsOfDate, NetAssetValue) VALUES ('VAL00507', 'SC-BAL-I', '2025-02-26', 2870237.30);
INSERT INTO Valuation (ValuationId, ShareClassId, AsOfDate, NetAssetValue) VALUES ('VAL00508', 'SC-BAL-I', '2025-02-27', 2880599.05);
INSERT INTO Valuation (ValuationId, ShareClassId, AsOfDate, NetAssetValue) VALUES ('VAL00509', 'SC-BAL-I', '2025-02-28', 2873980.55);
INSERT INTO Valuation (ValuationId, ShareClassId, AsOfDate, NetAssetValue) VALUES ('VAL00510', 'SC-BAL-I', '2025-03-01', 2870736.40);
INSERT INTO Valuation (ValuationId, ShareClassId, AsOfDate, NetAssetValue) VALUES ('VAL00511', 'SC-BAL-I', '2025-03-02', 2876790.70);
INSERT INTO Valuation (ValuationId, ShareClassId, AsOfDate, NetAssetValue) VALUES ('VAL00512', 'SC-BAL-I', '2025-03-03', 2866070.90);
INSERT INTO Valuation (ValuationId, ShareClassId, AsOfDate, NetAssetValue) VALUES ('VAL00513', 'SC-BAL-I', '2025-03-04', 2868555.55);
INSERT INTO Valuation (ValuationId, ShareClassId, AsOfDate, NetAssetValue) VALUES ('VAL00514', 'SC-BAL-I', '2025-03-05', 2877495.95);
INSERT INTO Valuation (ValuationId, ShareClassId, AsOfDate, NetAssetValue) VALUES ('VAL00515', 'SC-BAL-I', '2025-03-06', 2888736.55);
INSERT INTO Valuation (ValuationId, ShareClassId, AsOfDate, NetAssetValue) VALUES ('VAL00516', 'SC-BAL-I', '2025-03-07', 2889378.00);
INSERT INTO Valuation (ValuationId, ShareClassId, AsOfDate, NetAssetValue) VALUES ('VAL00517', 'SC-BAL-I', '2025-03-08', 2879398.80);
INSERT INTO Valuation (ValuationId, ShareClassId, AsOfDate, NetAssetValue) VALUES ('VAL00518', 'SC-BAL-I', '2025-03-09', 2889205.20);
INSERT INTO Valuation (ValuationId, ShareClassId, AsOfDate, NetAssetValue) VALUES ('VAL00519', 'SC-BAL-I', '2025-03-10', 2905729.20);
INSERT INTO Valuation (ValuationId, ShareClassId, AsOfDate, NetAssetValue) VALUES ('VAL00520', 'SC-BAL-I', '2025-03-11', 2906647.20);
INSERT INTO Valuation (ValuationId, ShareClassId, AsOfDate, NetAssetValue) VALUES ('VAL00521', 'SC-BAL-I', '2025-03-12', 2922102.00);
INSERT INTO Valuation (ValuationId, ShareClassId, AsOfDate, NetAssetValue) VALUES ('VAL00522', 'SC-BAL-I', '2025-03-13', 2917360.80);
INSERT INTO Valuation (ValuationId, ShareClassId, AsOfDate, NetAssetValue) VALUES ('VAL00523', 'SC-BAL-I', '2025-03-14', 2913667.20);
INSERT INTO Valuation (ValuationId, ShareClassId, AsOfDate, NetAssetValue) VALUES ('VAL00524', 'SC-BAL-I', '2025-03-15', 2919121.20);
INSERT INTO Valuation (ValuationId, ShareClassId, AsOfDate, NetAssetValue) VALUES ('VAL00525', 'SC-BAL-I', '2025-03-16', 2931476.40);
INSERT INTO Valuation (ValuationId, ShareClassId, AsOfDate, NetAssetValue) VALUES ('VAL00526', 'SC-BAL-I', '2025-03-17', 2928355.20);
INSERT INTO Valuation (ValuationId, ShareClassId, AsOfDate, NetAssetValue) VALUES ('VAL00527', 'SC-BAL-I', '2025-03-18', 2903059.80);
INSERT INTO Valuation (ValuationId, ShareClassId, AsOfDate, NetAssetValue) VALUES ('VAL00528', 'SC-BAL-I', '2025-03-19', 2908591.70);
INSERT INTO Valuation (ValuationId, ShareClassId, AsOfDate, NetAssetValue) VALUES ('VAL00529', 'SC-BAL-I', '2025-03-20', 2923507.50);
INSERT INTO Valuation (ValuationId, ShareClassId, AsOfDate, NetAssetValue) VALUES ('VAL00530', 'SC-BAL-I', '2025-03-21', 2917547.60);
INSERT INTO Valuation (ValuationId, ShareClassId, AsOfDate, NetAssetValue) VALUES ('VAL00531', 'SC-BAL-I', '2025-03-22', 2932623.90);
INSERT INTO Valuation (ValuationId, ShareClassId, AsOfDate, NetAssetValue) VALUES ('VAL00532', 'SC-BAL-I', '2025-03-23', 2932688.10);
INSERT INTO Valuation (ValuationId, ShareClassId, AsOfDate, NetAssetValue) VALUES ('VAL00533', 'SC-BAL-I', '2025-03-24', 3098821.60);
INSERT INTO Valuation (ValuationId, ShareClassId, AsOfDate, NetAssetValue) VALUES ('VAL00534', 'SC-BAL-I', '2025-03-25', 3105974.50);
INSERT INTO Valuation (ValuationId, ShareClassId, AsOfDate, NetAssetValue) VALUES ('VAL00535', 'SC-BAL-I', '2025-03-26', 3111387.20);
INSERT INTO Valuation (ValuationId, ShareClassId, AsOfDate, NetAssetValue) VALUES ('VAL00536', 'SC-BAL-I', '2025-03-27', 3124732.50);
INSERT INTO Valuation (ValuationId, ShareClassId, AsOfDate, NetAssetValue) VALUES ('VAL00537', 'SC-BAL-I', '2025-03-28', 3219719.20);
INSERT INTO Valuation (ValuationId, ShareClassId, AsOfDate, NetAssetValue) VALUES ('VAL00538', 'SC-BAL-I', '2025-03-29', 3211715.20);
INSERT INTO Valuation (ValuationId, ShareClassId, AsOfDate, NetAssetValue) VALUES ('VAL00539', 'SC-BAL-I', '2025-03-30', 3263596.80);
INSERT INTO Valuation (ValuationId, ShareClassId, AsOfDate, NetAssetValue) VALUES ('VAL00540', 'SC-BAL-I', '2025-03-31', 3262936.00);
INSERT INTO Valuation (ValuationId, ShareClassId, AsOfDate, NetAssetValue) VALUES ('VAL00541', 'SC-BAL-C', '2025-01-01', 2098437.60);
INSERT INTO Valuation (ValuationId, ShareClassId, AsOfDate, NetAssetValue) VALUES ('VAL00542', 'SC-BAL-C', '2025-01-02', 2098933.20);
INSERT INTO Valuation (ValuationId, ShareClassId, AsOfDate, NetAssetValue) VALUES ('VAL00543', 'SC-BAL-C', '2025-01-03', 2094304.80);
INSERT INTO Valuation (ValuationId, ShareClassId, AsOfDate, NetAssetValue) VALUES ('VAL00544', 'SC-BAL-C', '2025-01-04', 2088508.80);
INSERT INTO Valuation (ValuationId, ShareClassId, AsOfDate, NetAssetValue) VALUES ('VAL00545', 'SC-BAL-C', '2025-01-05', 2096581.20);
INSERT INTO Valuation (ValuationId, ShareClassId, AsOfDate, NetAssetValue) VALUES ('VAL00546', 'SC-BAL-C', '2025-01-06', 2104552.80);
INSERT INTO Valuation (ValuationId, ShareClassId, AsOfDate, NetAssetValue) VALUES ('VAL00547', 'SC-BAL-C', '2025-01-07', 2101150.80);
INSERT INTO Valuation (ValuationId, ShareClassId, AsOfDate, NetAssetValue) VALUES ('VAL00548', 'SC-BAL-C', '2025-01-08', 2111768.40);
INSERT INTO Valuation (ValuationId, ShareClassId, AsOfDate, NetAssetValue) VALUES ('VAL00549', 'SC-BAL-C', '2025-01-09', 2096480.40);
INSERT INTO Valuation (ValuationId, ShareClassId, AsOfDate, NetAssetValue) VALUES ('VAL00550', 'SC-BAL-C', '2025-01-10', 2088993.80);
INSERT INTO Valuation (ValuationId, ShareClassId, AsOfDate, NetAssetValue) VALUES ('VAL00551', 'SC-BAL-C', '2025-01-11', 2099451.80);
INSERT INTO Valuation (ValuationId, ShareClassId, AsOfDate, NetAssetValue) VALUES ('VAL00552', 'SC-BAL-C', '2025-01-12', 2110100.70);
INSERT INTO Valuation (ValuationId, ShareClassId, AsOfDate, NetAssetValue) VALUES ('VAL00553', 'SC-BAL-C', '2025-01-13', 2102813.30);
INSERT INTO Valuation (ValuationId, ShareClassId, AsOfDate, NetAssetValue) VALUES ('VAL00554', 'SC-BAL-C', '2025-01-14', 2102464.70);
INSERT INTO Valuation (ValuationId, ShareClassId, AsOfDate, NetAssetValue) VALUES ('VAL00555', 'SC-BAL-C', '2025-01-15', 2104282.40);
INSERT INTO Valuation (ValuationId, ShareClassId, AsOfDate, NetAssetValue) VALUES ('VAL00556', 'SC-BAL-C', '2025-01-16', 2110598.70);
INSERT INTO Valuation (ValuationId, ShareClassId, AsOfDate, NetAssetValue) VALUES ('VAL00557', 'SC-BAL-C', '2025-01-17', 2118931.90);
INSERT INTO Valuation (ValuationId, ShareClassId, AsOfDate, NetAssetValue) VALUES ('VAL00558', 'SC-BAL-C', '2025-01-18', 2127804.60);
INSERT INTO Valuation (ValuationId, ShareClassId, AsOfDate, NetAssetValue) VALUES ('VAL00559', 'SC-BAL-C', '2025-01-19', 2124999.20);
INSERT INTO Valuation (ValuationId, ShareClassId, AsOfDate, NetAssetValue) VALUES ('VAL00560', 'SC-BAL-C', '2025-01-20', 2136312.10);
INSERT INTO Valuation (ValuationId, ShareClassId, AsOfDate, NetAssetValue) VALUES ('VAL00561', 'SC-BAL-C', '2025-01-21', 2145500.20);
INSERT INTO Valuation (ValuationId, ShareClassId, AsOfDate, NetAssetValue) VALUES ('VAL00562', 'SC-BAL-C', '2025-01-22', 2150886.90);
INSERT INTO Valuation (ValuationId, ShareClassId, AsOfDate, NetAssetValue) VALUES ('VAL00563', 'SC-BAL-C', '2025-01-23', 2158871.50);
INSERT INTO Valuation (ValuationId, ShareClassId, AsOfDate, NetAssetValue) VALUES ('VAL00564', 'SC-BAL-C', '2025-01-24', 2162183.20);
INSERT INTO Valuation (ValuationId, ShareClassId, AsOfDate, NetAssetValue) VALUES ('VAL00565', 'SC-BAL-C', '2025-01-25', 2157070.40);
INSERT INTO Valuation (ValuationId, ShareClassId, AsOfDate, NetAssetValue) VALUES ('VAL00566', 'SC-BAL-C', '2025-01-26', 2162075.30);
INSERT INTO Valuation (ValuationId, ShareClassId, AsOfDate, NetAssetValue) VALUES ('VAL00567', 'SC-BAL-C', '2025-01-27', 2157983.40);
INSERT INTO Valuation (ValuationId, ShareClassId, AsOfDate, NetAssetValue) VALUES ('VAL00568', 'SC-BAL-C', '2025-01-28', 2169196.70);
INSERT INTO Valuation (ValuationId, ShareClassId, AsOfDate, NetAssetValue) VALUES ('VAL00569', 'SC-BAL-C', '2025-01-29', 2178193.90);
INSERT INTO Valuation (ValuationId, ShareClassId, AsOfDate, NetAssetValue) VALUES ('VAL00570', 'SC-BAL-C', '2025-01-30', 2172508.40);
INSERT INTO Valuation (ValuationId, ShareClassId, AsOfDate, NetAssetValue) VALUES ('VAL00571', 'SC-BAL-C', '2025-01-31', 2179040.50);
INSERT INTO Valuation (ValuationId, ShareClassId, AsOfDate, NetAssetValue) VALUES ('VAL00572', 'SC-BAL-C', '2025-02-01', 2181082.30);
INSERT INTO Valuation (ValuationId, ShareClassId, AsOfDate, NetAssetValue) VALUES ('VAL00573', 'SC-BAL-C', '2025-02-02', 2173612.30);
INSERT INTO Valuation (ValuationId, ShareClassId, AsOfDate, NetAssetValue) VALUES ('VAL00574', 'SC-BAL-C', '2025-02-03', 2165519.80);
INSERT INTO Valuation (ValuationId, ShareClassId, AsOfDate, NetAssetValue) VALUES ('VAL00575', 'SC-BAL-C', '2025-02-04', 2177986.40);
INSERT INTO Valuation (ValuationId, ShareClassId, AsOfDate, NetAssetValue) VALUES ('VAL00576', 'SC-BAL-C', '2025-02-05', 2184734.30);
INSERT INTO Valuation (ValuationId, ShareClassId, AsOfDate, NetAssetValue) VALUES ('VAL00577', 'SC-BAL-C', '2025-02-06', 2178808.10);
INSERT INTO Valuation (ValuationId, ShareClassId, AsOfDate, NetAssetValue) VALUES ('VAL00578', 'SC-BAL-C', '2025-02-07', 2174160.10);
INSERT INTO Valuation (ValuationId, ShareClassId, AsOfDate, NetAssetValue) VALUES ('VAL00579', 'SC-BAL-C', '2025-02-08', 2170938.00);
INSERT INTO Valuation (ValuationId, ShareClassId, AsOfDate, NetAssetValue) VALUES ('VAL00580', 'SC-BAL-C', '2025-02-09', 2170088.25);
INSERT INTO Valuation (ValuationId, ShareClassId, AsOfDate, NetAssetValue) VALUES ('VAL00581', 'SC-BAL-C', '2025-02-10', 2177835.00);
INSERT INTO Valuation (ValuationId, ShareClassId, AsOfDate, NetAssetValue) VALUES ('VAL00582', 'SC-BAL-C', '2025-02-11', 2172035.25);
INSERT INTO Valuation (ValuationId, ShareClassId, AsOfDate, NetAssetValue) VALUES ('VAL00583', 'SC-BAL-C', '2025-02-12', 2166120.00);
INSERT INTO Valuation (ValuationId, ShareClassId, AsOfDate, NetAssetValue) VALUES ('VAL00584', 'SC-BAL-C', '2025-02-13', 2175483.75);
INSERT INTO Valuation (ValuationId, ShareClassId, AsOfDate, NetAssetValue) VALUES ('VAL00585', 'SC-BAL-C', '2025-02-14', 2167242.00);
INSERT INTO Valuation (ValuationId, ShareClassId, AsOfDate, NetAssetValue) VALUES ('VAL00586', 'SC-BAL-C', '2025-02-15', 2173190.25);
INSERT INTO Valuation (ValuationId, ShareClassId, AsOfDate, NetAssetValue) VALUES ('VAL00587', 'SC-BAL-C', '2025-02-16', 2168925.00);
INSERT INTO Valuation (ValuationId, ShareClassId, AsOfDate, NetAssetValue) VALUES ('VAL00588', 'SC-BAL-C', '2025-02-17', 2161368.00);
INSERT INTO Valuation (ValuationId, ShareClassId, AsOfDate, NetAssetValue) VALUES ('VAL00589', 'SC-BAL-C', '2025-02-18', 2242066.50);
INSERT INTO Valuation (ValuationId, ShareClassId, AsOfDate, NetAssetValue) VALUES ('VAL00590', 'SC-BAL-C', '2025-02-19', 2244785.40);
INSERT INTO Valuation (ValuationId, ShareClassId, AsOfDate, NetAssetValue) VALUES ('VAL00591', 'SC-BAL-C', '2025-02-20', 2248803.90);
INSERT INTO Valuation (ValuationId, ShareClassId, AsOfDate, NetAssetValue) VALUES ('VAL00592', 'SC-BAL-C', '2025-02-21', 2256396.30);
INSERT INTO Valuation (ValuationId, ShareClassId, AsOfDate, NetAssetValue) VALUES ('VAL00593', 'SC-BAL-C', '2025-02-22', 2263424.40);
INSERT INTO Valuation (ValuationId, ShareClassId, AsOfDate, NetAssetValue) VALUES ('VAL00594', 'SC-BAL-C', '2025-02-23', 2258798.85);
INSERT INTO Valuation (ValuationId, ShareClassId, AsOfDate, NetAssetValue) VALUES ('VAL00595', 'SC-BAL-C', '2025-02-24', 2262586.50);
INSERT INTO Valuation (ValuationId, ShareClassId, AsOfDate, NetAssetValue) VALUES ('VAL00596', 'SC-BAL-C', '2025-02-25', 2261731.50);
INSERT INTO Valuation (ValuationId, ShareClassId, AsOfDate, NetAssetValue) VALUES ('VAL00597', 'SC-BAL-C', '2025-02-26', 2261098.80);
INSERT INTO Valuation (ValuationId, ShareClassId, AsOfDate, NetAssetValue) VALUES ('VAL00598', 'SC-BAL-C', '2025-02-27', 2257396.65);
INSERT INTO Valuation (ValuationId, ShareClassId, AsOfDate, NetAssetValue) VALUES ('VAL00599', 'SC-BAL-C', '2025-02-28', 2258636.40);
INSERT INTO Valuation (ValuationId, ShareClassId, AsOfDate, NetAssetValue) VALUES ('VAL00600', 'SC-BAL-C', '2025-03-01', 2261004.75);
INSERT INTO Valuation (ValuationId, ShareClassId, AsOfDate, NetAssetValue) VALUES ('VAL00601', 'SC-BAL-C', '2025-03-02', 2273881.05);
INSERT INTO Valuation (ValuationId, ShareClassId, AsOfDate, NetAssetValue) VALUES ('VAL00602', 'SC-BAL-C', '2025-03-03', 2273812.65);
INSERT INTO Valuation (ValuationId, ShareClassId, AsOfDate, NetAssetValue) VALUES ('VAL00603', 'SC-BAL-C', '2025-03-04', 2266382.70);
INSERT INTO Valuation (ValuationId, ShareClassId, AsOfDate, NetAssetValue) VALUES ('VAL00604', 'SC-BAL-C', '2025-03-05', 2272376.25);
INSERT INTO Valuation (ValuationId, ShareClassId, AsOfDate, NetAssetValue) VALUES ('VAL00605', 'SC-BAL-C', '2025-03-06', 2271487.05);
INSERT INTO Valuation (ValuationId, ShareClassId, AsOfDate, NetAssetValue) VALUES ('VAL00606', 'SC-BAL-C', '2025-03-07', 2268562.95);
INSERT INTO Valuation (ValuationId, ShareClassId, AsOfDate, NetAssetValue) VALUES ('VAL00607', 'SC-BAL-C', '2025-03-08', 2281370.85);
INSERT INTO Valuation (ValuationId, ShareClassId, AsOfDate, NetAssetValue) VALUES ('VAL00608', 'SC-BAL-C', '2025-03-09', 2277600.30);
INSERT INTO Valuation (ValuationId, ShareClassId, AsOfDate, NetAssetValue) VALUES ('VAL00609', 'SC-BAL-C', '2025-03-10', 2285218.35);
INSERT INTO Valuation (ValuationId, ShareClassId, AsOfDate, NetAssetValue) VALUES ('VAL00610', 'SC-BAL-C', '2025-03-11', 2279737.80);
INSERT INTO Valuation (ValuationId, ShareClassId, AsOfDate, NetAssetValue) VALUES ('VAL00611', 'SC-BAL-C', '2025-03-12', 2273325.30);
INSERT INTO Valuation (ValuationId, ShareClassId, AsOfDate, NetAssetValue) VALUES ('VAL00612', 'SC-BAL-C', '2025-03-13', 2271145.05);
INSERT INTO Valuation (ValuationId, ShareClassId, AsOfDate, NetAssetValue) VALUES ('VAL00613', 'SC-BAL-C', '2025-03-14', 2272863.60);
INSERT INTO Valuation (ValuationId, ShareClassId, AsOfDate, NetAssetValue) VALUES ('VAL00614', 'SC-BAL-C', '2025-03-15', 2264510.25);
INSERT INTO Valuation (ValuationId, ShareClassId, AsOfDate, NetAssetValue) VALUES ('VAL00615', 'SC-BAL-C', '2025-03-16', 2260662.75);
INSERT INTO Valuation (ValuationId, ShareClassId, AsOfDate, NetAssetValue) VALUES ('VAL00616', 'SC-BAL-C', '2025-03-17', 2252574.45);
INSERT INTO Valuation (ValuationId, ShareClassId, AsOfDate, NetAssetValue) VALUES ('VAL00617', 'SC-BAL-C', '2025-03-18', 2466137.30);
INSERT INTO Valuation (ValuationId, ShareClassId, AsOfDate, NetAssetValue) VALUES ('VAL00618', 'SC-BAL-C', '2025-03-19', 2463865.25);
INSERT INTO Valuation (ValuationId, ShareClassId, AsOfDate, NetAssetValue) VALUES ('VAL00619', 'SC-BAL-C', '2025-03-20', 2478544.75);
INSERT INTO Valuation (ValuationId, ShareClassId, AsOfDate, NetAssetValue) VALUES ('VAL00620', 'SC-BAL-C', '2025-03-21', 2621262.30);
INSERT INTO Valuation (ValuationId, ShareClassId, AsOfDate, NetAssetValue) VALUES ('VAL00621', 'SC-BAL-C', '2025-03-22', 2636864.70);
INSERT INTO Valuation (ValuationId, ShareClassId, AsOfDate, NetAssetValue) VALUES ('VAL00622', 'SC-BAL-C', '2025-03-23', 2711203.60);
INSERT INTO Valuation (ValuationId, ShareClassId, AsOfDate, NetAssetValue) VALUES ('VAL00623', 'SC-BAL-C', '2025-03-24', 2679830.00);
INSERT INTO Valuation (ValuationId, ShareClassId, AsOfDate, NetAssetValue) VALUES ('VAL00624', 'SC-BAL-C', '2025-03-25', 2682600.00);
INSERT INTO Valuation (ValuationId, ShareClassId, AsOfDate, NetAssetValue) VALUES ('VAL00625', 'SC-BAL-C', '2025-03-26', 2687010.00);
INSERT INTO Valuation (ValuationId, ShareClassId, AsOfDate, NetAssetValue) VALUES ('VAL00626', 'SC-BAL-C', '2025-03-27', 2670719.30);
INSERT INTO Valuation (ValuationId, ShareClassId, AsOfDate, NetAssetValue) VALUES ('VAL00627', 'SC-BAL-C', '2025-03-28', 2674579.90);
INSERT INTO Valuation (ValuationId, ShareClassId, AsOfDate, NetAssetValue) VALUES ('VAL00628', 'SC-BAL-C', '2025-03-29', 2689504.90);
INSERT INTO Valuation (ValuationId, ShareClassId, AsOfDate, NetAssetValue) VALUES ('VAL00629', 'SC-BAL-C', '2025-03-30', 2700609.10);
INSERT INTO Valuation (ValuationId, ShareClassId, AsOfDate, NetAssetValue) VALUES ('VAL00630', 'SC-BAL-C', '2025-03-31', 2707773.10);

-- FeeAccrual is intentionally left EMPTY: the module computes accruals.
