-- =====================================================================
-- seed.sql -- synthetic, deterministic data for the Fund NAV module.
-- GENERATED by facilitator/tools/generate.py -- DO NOT EDIT BY HAND.
-- Seed=20260613  Window=2025-01-01 .. 2025-03-31 (90 days)  Fictional IDs.
-- =====================================================================
SET NOCOUNT ON;

-- Fund
INSERT INTO Fund (FundId, Name, BaseCurrency, InceptionDate) VALUES ('FUND-NEQ', 'Nordic Equity Fund', 'SEK', '2025-01-01');
INSERT INTO Fund (FundId, Name, BaseCurrency, InceptionDate) VALUES ('FUND-GBD', 'Global Bond Fund', 'EUR', '2025-01-01');
INSERT INTO Fund (FundId, Name, BaseCurrency, InceptionDate) VALUES ('FUND-BAL', 'Balanced Fund', 'USD', '2025-01-01');

-- ShareClass
INSERT INTO ShareClass (ShareClassId, FundId, Name, Currency, ManagementFeeBps) VALUES ('SC-NEQ-A', 'FUND-NEQ', 'Nordic Equity Fund Class A (Retail)', 'SEK', 150);
INSERT INTO ShareClass (ShareClassId, FundId, Name, Currency, ManagementFeeBps) VALUES ('SC-NEQ-I', 'FUND-NEQ', 'Nordic Equity Fund Class I (Institutional)', 'SEK', 75);
INSERT INTO ShareClass (ShareClassId, FundId, Name, Currency, ManagementFeeBps) VALUES ('SC-GBD-A', 'FUND-GBD', 'Global Bond Fund Class A (Retail)', 'EUR', 120);
INSERT INTO ShareClass (ShareClassId, FundId, Name, Currency, ManagementFeeBps) VALUES ('SC-GBD-I', 'FUND-GBD', 'Global Bond Fund Class I (Institutional)', 'EUR', 60);
INSERT INTO ShareClass (ShareClassId, FundId, Name, Currency, ManagementFeeBps) VALUES ('SC-BAL-A', 'FUND-BAL', 'Balanced Fund Class A (Retail)', 'USD', 140);
INSERT INTO ShareClass (ShareClassId, FundId, Name, Currency, ManagementFeeBps) VALUES ('SC-BAL-I', 'FUND-BAL', 'Balanced Fund Class I (Institutional)', 'USD', 70);
INSERT INTO ShareClass (ShareClassId, FundId, Name, Currency, ManagementFeeBps) VALUES ('SC-BAL-C', 'FUND-BAL', 'Balanced Fund Class C (Clean)', 'USD', 100);

-- Investor
INSERT INTO Investor (InvestorId, Name, Email, CountryCode) VALUES ('INV001', 'Anna Bergstrom', 'anna.bergstrom@example-investors.test', 'SE');
INSERT INTO Investor (InvestorId, Name, Email, CountryCode) VALUES ('INV002', 'Erik Lindqvist', 'erik.lindqvist@example-investors.test', 'DE');
INSERT INTO Investor (InvestorId, Name, Email, CountryCode) VALUES ('INV003', 'Maria Hagen', 'maria.hagen@example-investors.test', 'NO');
INSERT INTO Investor (InvestorId, Name, Email, CountryCode) VALUES ('INV004', 'Johan Nyberg', 'johan.nyberg@example-investors.test', 'SE');
INSERT INTO Investor (InvestorId, Name, Email, CountryCode) VALUES ('INV005', 'Sofia Sandberg', 'sofia.sandberg@example-investors.test', 'NO');
INSERT INTO Investor (InvestorId, Name, Email, CountryCode) VALUES ('INV006', 'Lars Ekstrom', 'lars.ekstrom@example-investors.test', 'FI');
INSERT INTO Investor (InvestorId, Name, Email, CountryCode) VALUES ('INV007', 'Karin Holm', 'karin.holm@example-investors.test', 'DE');
INSERT INTO Investor (InvestorId, Name, Email, CountryCode) VALUES ('INV008', 'Nils Falk', 'nils.falk@example-investors.test', 'FI');
INSERT INTO Investor (InvestorId, Name, Email, CountryCode) VALUES ('INV009', 'Elin Sundqvist', 'elin.sundqvist@example-investors.test', 'DK');
INSERT INTO Investor (InvestorId, Name, Email, CountryCode) VALUES ('INV010', 'Per Aaltonen', 'per.aaltonen@example-investors.test', 'FI');
INSERT INTO Investor (InvestorId, Name, Email, CountryCode) VALUES ('INV011', 'Ida Bergstrom', 'ida.bergstrom@example-investors.test', 'FI');
INSERT INTO Investor (InvestorId, Name, Email, CountryCode) VALUES ('INV012', 'Oskar Lindqvist', 'oskar.lindqvist@example-investors.test', 'FI');
INSERT INTO Investor (InvestorId, Name, Email, CountryCode) VALUES ('INV013', 'Lena Hagen', 'lena.hagen@example-investors.test', 'FI');
INSERT INTO Investor (InvestorId, Name, Email, CountryCode) VALUES ('INV014', 'Gustav Nyberg', 'gustav.nyberg@example-investors.test', 'SE');
INSERT INTO Investor (InvestorId, Name, Email, CountryCode) VALUES ('INV015', 'Sara Sandberg', 'sara.sandberg@example-investors.test', 'NO');
INSERT INTO Investor (InvestorId, Name, Email, CountryCode) VALUES ('INV016', 'Frida Ekstrom', 'frida.ekstrom@example-investors.test', 'DK');
INSERT INTO Investor (InvestorId, Name, Email, CountryCode) VALUES ('INV017', 'Magnus Holm', 'magnus.holm@example-investors.test', 'DE');
INSERT INTO Investor (InvestorId, Name, Email, CountryCode) VALUES ('INV018', 'Klara Falk', 'klara.falk@example-investors.test', 'FI');
INSERT INTO Investor (InvestorId, Name, Email, CountryCode) VALUES ('INV019', 'Henrik Sundqvist', 'henrik.sundqvist@example-investors.test', 'DE');
INSERT INTO Investor (InvestorId, Name, Email, CountryCode) VALUES ('INV020', 'Astrid Aaltonen', 'astrid.aaltonen@example-investors.test', 'FI');

-- Instrument
INSERT INTO Instrument (InstrumentId, Isin, Name, Currency, AssetClass) VALUES ('INS-EQ-001', 'SE0000000001', 'Volvo-like AB', 'SEK', 'EQUITY');
INSERT INTO Instrument (InstrumentId, Isin, Name, Currency, AssetClass) VALUES ('INS-EQ-002', 'SE0000000002', 'Ericsson-like AB', 'SEK', 'EQUITY');
INSERT INTO Instrument (InstrumentId, Isin, Name, Currency, AssetClass) VALUES ('INS-BD-001', 'DE0000000001', 'Bund-like 2030', 'EUR', 'BOND');
INSERT INTO Instrument (InstrumentId, Isin, Name, Currency, AssetClass) VALUES ('INS-BD-002', 'DE0000000002', 'Bund-like 2035', 'EUR', 'BOND');
INSERT INTO Instrument (InstrumentId, Isin, Name, Currency, AssetClass) VALUES ('INS-EQ-003', 'US0000000001', 'Acme-like Inc', 'USD', 'EQUITY');
INSERT INTO Instrument (InstrumentId, Isin, Name, Currency, AssetClass) VALUES ('INS-BD-003', 'US0000000002', 'Treasury-like 2032', 'USD', 'BOND');

-- Subscription
INSERT INTO Subscription (SubscriptionId, ShareClassId, InvestorId, TradeDate, Units, GrossAmount) VALUES ('SUB00001', 'SC-NEQ-A', 'INV011', '2025-01-01', 18000, 1800000.00);
INSERT INTO Subscription (SubscriptionId, ShareClassId, InvestorId, TradeDate, Units, GrossAmount) VALUES ('SUB00002', 'SC-NEQ-A', 'INV020', '2025-01-01', 14000, 1400000.00);
INSERT INTO Subscription (SubscriptionId, ShareClassId, InvestorId, TradeDate, Units, GrossAmount) VALUES ('SUB00003', 'SC-NEQ-A', 'INV002', '2025-01-01', 30000, 3000000.00);
INSERT INTO Subscription (SubscriptionId, ShareClassId, InvestorId, TradeDate, Units, GrossAmount) VALUES ('SUB00004', 'SC-NEQ-A', 'INV018', '2025-01-01', 31000, 3100000.00);
INSERT INTO Subscription (SubscriptionId, ShareClassId, InvestorId, TradeDate, Units, GrossAmount) VALUES ('SUB00005', 'SC-NEQ-A', 'INV011', '2025-02-27', 7000, 700000.00);
INSERT INTO Subscription (SubscriptionId, ShareClassId, InvestorId, TradeDate, Units, GrossAmount) VALUES ('SUB00006', 'SC-NEQ-A', 'INV006', '2025-02-03', 4000, 400000.00);
INSERT INTO Subscription (SubscriptionId, ShareClassId, InvestorId, TradeDate, Units, GrossAmount) VALUES ('SUB00007', 'SC-NEQ-A', 'INV011', '2025-03-11', 5000, 500000.00);
INSERT INTO Subscription (SubscriptionId, ShareClassId, InvestorId, TradeDate, Units, GrossAmount) VALUES ('SUB00008', 'SC-NEQ-I', 'INV015', '2025-01-01', 21000, 2100000.00);
INSERT INTO Subscription (SubscriptionId, ShareClassId, InvestorId, TradeDate, Units, GrossAmount) VALUES ('SUB00009', 'SC-NEQ-I', 'INV013', '2025-01-01', 11000, 1100000.00);
INSERT INTO Subscription (SubscriptionId, ShareClassId, InvestorId, TradeDate, Units, GrossAmount) VALUES ('SUB00010', 'SC-NEQ-I', 'INV005', '2025-01-01', 32000, 3200000.00);
INSERT INTO Subscription (SubscriptionId, ShareClassId, InvestorId, TradeDate, Units, GrossAmount) VALUES ('SUB00011', 'SC-NEQ-I', 'INV011', '2025-01-01', 13000, 1300000.00);
INSERT INTO Subscription (SubscriptionId, ShareClassId, InvestorId, TradeDate, Units, GrossAmount) VALUES ('SUB00012', 'SC-NEQ-I', 'INV018', '2025-02-12', 6000, 600000.00);
INSERT INTO Subscription (SubscriptionId, ShareClassId, InvestorId, TradeDate, Units, GrossAmount) VALUES ('SUB00013', 'SC-NEQ-I', 'INV009', '2025-03-29', 4000, 400000.00);
INSERT INTO Subscription (SubscriptionId, ShareClassId, InvestorId, TradeDate, Units, GrossAmount) VALUES ('SUB00014', 'SC-NEQ-I', 'INV015', '2025-01-25', 4000, 400000.00);
INSERT INTO Subscription (SubscriptionId, ShareClassId, InvestorId, TradeDate, Units, GrossAmount) VALUES ('SUB00015', 'SC-NEQ-I', 'INV018', '2025-02-28', 6000, 600000.00);
INSERT INTO Subscription (SubscriptionId, ShareClassId, InvestorId, TradeDate, Units, GrossAmount) VALUES ('SUB00016', 'SC-NEQ-I', 'INV016', '2025-01-13', 1000, 100000.00);
INSERT INTO Subscription (SubscriptionId, ShareClassId, InvestorId, TradeDate, Units, GrossAmount) VALUES ('SUB00017', 'SC-NEQ-I', 'INV016', '2025-03-16', 6000, 600000.00);
INSERT INTO Subscription (SubscriptionId, ShareClassId, InvestorId, TradeDate, Units, GrossAmount) VALUES ('SUB00018', 'SC-NEQ-I', 'INV018', '2025-03-05', 1000, 100000.00);
INSERT INTO Subscription (SubscriptionId, ShareClassId, InvestorId, TradeDate, Units, GrossAmount) VALUES ('SUB00019', 'SC-GBD-A', 'INV019', '2025-01-01', 31000, 1550000.00);
INSERT INTO Subscription (SubscriptionId, ShareClassId, InvestorId, TradeDate, Units, GrossAmount) VALUES ('SUB00020', 'SC-GBD-A', 'INV009', '2025-01-01', 12000, 600000.00);
INSERT INTO Subscription (SubscriptionId, ShareClassId, InvestorId, TradeDate, Units, GrossAmount) VALUES ('SUB00021', 'SC-GBD-A', 'INV003', '2025-01-01', 35000, 1750000.00);
INSERT INTO Subscription (SubscriptionId, ShareClassId, InvestorId, TradeDate, Units, GrossAmount) VALUES ('SUB00022', 'SC-GBD-A', 'INV002', '2025-01-01', 38000, 1900000.00);
INSERT INTO Subscription (SubscriptionId, ShareClassId, InvestorId, TradeDate, Units, GrossAmount) VALUES ('SUB00023', 'SC-GBD-A', 'INV001', '2025-01-01', 29000, 1450000.00);
INSERT INTO Subscription (SubscriptionId, ShareClassId, InvestorId, TradeDate, Units, GrossAmount) VALUES ('SUB00024', 'SC-GBD-A', 'INV016', '2025-01-09', 2000, 100000.00);
INSERT INTO Subscription (SubscriptionId, ShareClassId, InvestorId, TradeDate, Units, GrossAmount) VALUES ('SUB00025', 'SC-GBD-A', 'INV020', '2025-02-21', 8000, 400000.00);
INSERT INTO Subscription (SubscriptionId, ShareClassId, InvestorId, TradeDate, Units, GrossAmount) VALUES ('SUB00026', 'SC-GBD-A', 'INV001', '2025-03-14', 2000, 100000.00);
INSERT INTO Subscription (SubscriptionId, ShareClassId, InvestorId, TradeDate, Units, GrossAmount) VALUES ('SUB00027', 'SC-GBD-A', 'INV012', '2025-03-09', 6000, 300000.00);
INSERT INTO Subscription (SubscriptionId, ShareClassId, InvestorId, TradeDate, Units, GrossAmount) VALUES ('SUB00028', 'SC-GBD-A', 'INV017', '2025-01-17', 6000, 300000.00);
INSERT INTO Subscription (SubscriptionId, ShareClassId, InvestorId, TradeDate, Units, GrossAmount) VALUES ('SUB00029', 'SC-GBD-I', 'INV015', '2025-01-01', 29000, 1450000.00);
INSERT INTO Subscription (SubscriptionId, ShareClassId, InvestorId, TradeDate, Units, GrossAmount) VALUES ('SUB00030', 'SC-GBD-I', 'INV020', '2025-01-01', 26000, 1300000.00);
INSERT INTO Subscription (SubscriptionId, ShareClassId, InvestorId, TradeDate, Units, GrossAmount) VALUES ('SUB00031', 'SC-GBD-I', 'INV007', '2025-01-01', 36000, 1800000.00);
INSERT INTO Subscription (SubscriptionId, ShareClassId, InvestorId, TradeDate, Units, GrossAmount) VALUES ('SUB00032', 'SC-GBD-I', 'INV019', '2025-01-01', 11000, 550000.00);
INSERT INTO Subscription (SubscriptionId, ShareClassId, InvestorId, TradeDate, Units, GrossAmount) VALUES ('SUB00033', 'SC-GBD-I', 'INV011', '2025-02-20', 2000, 100000.00);
INSERT INTO Subscription (SubscriptionId, ShareClassId, InvestorId, TradeDate, Units, GrossAmount) VALUES ('SUB00034', 'SC-GBD-I', 'INV002', '2025-02-26', 5000, 250000.00);
INSERT INTO Subscription (SubscriptionId, ShareClassId, InvestorId, TradeDate, Units, GrossAmount) VALUES ('SUB00035', 'SC-GBD-I', 'INV007', '2025-02-28', 4000, 200000.00);
INSERT INTO Subscription (SubscriptionId, ShareClassId, InvestorId, TradeDate, Units, GrossAmount) VALUES ('SUB00036', 'SC-GBD-I', 'INV009', '2025-02-24', 5000, 250000.00);
INSERT INTO Subscription (SubscriptionId, ShareClassId, InvestorId, TradeDate, Units, GrossAmount) VALUES ('SUB00037', 'SC-GBD-I', 'INV006', '2025-03-14', 1000, 50000.00);
INSERT INTO Subscription (SubscriptionId, ShareClassId, InvestorId, TradeDate, Units, GrossAmount) VALUES ('SUB00038', 'SC-GBD-I', 'INV002', '2025-03-24', 3000, 150000.00);
INSERT INTO Subscription (SubscriptionId, ShareClassId, InvestorId, TradeDate, Units, GrossAmount) VALUES ('SUB00039', 'SC-BAL-A', 'INV016', '2025-01-01', 26000, 650000.00);
INSERT INTO Subscription (SubscriptionId, ShareClassId, InvestorId, TradeDate, Units, GrossAmount) VALUES ('SUB00040', 'SC-BAL-A', 'INV006', '2025-01-01', 16000, 400000.00);
INSERT INTO Subscription (SubscriptionId, ShareClassId, InvestorId, TradeDate, Units, GrossAmount) VALUES ('SUB00041', 'SC-BAL-A', 'INV007', '2025-01-01', 33000, 825000.00);
INSERT INTO Subscription (SubscriptionId, ShareClassId, InvestorId, TradeDate, Units, GrossAmount) VALUES ('SUB00042', 'SC-BAL-A', 'INV007', '2025-02-14', 1000, 25000.00);
INSERT INTO Subscription (SubscriptionId, ShareClassId, InvestorId, TradeDate, Units, GrossAmount) VALUES ('SUB00043', 'SC-BAL-A', 'INV004', '2025-03-19', 2000, 50000.00);
INSERT INTO Subscription (SubscriptionId, ShareClassId, InvestorId, TradeDate, Units, GrossAmount) VALUES ('SUB00044', 'SC-BAL-A', 'INV017', '2025-01-13', 8000, 200000.00);
INSERT INTO Subscription (SubscriptionId, ShareClassId, InvestorId, TradeDate, Units, GrossAmount) VALUES ('SUB00045', 'SC-BAL-A', 'INV015', '2025-01-24', 6000, 150000.00);
INSERT INTO Subscription (SubscriptionId, ShareClassId, InvestorId, TradeDate, Units, GrossAmount) VALUES ('SUB00046', 'SC-BAL-A', 'INV017', '2025-02-25', 2000, 50000.00);
INSERT INTO Subscription (SubscriptionId, ShareClassId, InvestorId, TradeDate, Units, GrossAmount) VALUES ('SUB00047', 'SC-BAL-I', 'INV009', '2025-01-01', 24000, 600000.00);
INSERT INTO Subscription (SubscriptionId, ShareClassId, InvestorId, TradeDate, Units, GrossAmount) VALUES ('SUB00048', 'SC-BAL-I', 'INV016', '2025-01-01', 37000, 925000.00);
INSERT INTO Subscription (SubscriptionId, ShareClassId, InvestorId, TradeDate, Units, GrossAmount) VALUES ('SUB00049', 'SC-BAL-I', 'INV019', '2025-01-01', 40000, 1000000.00);
INSERT INTO Subscription (SubscriptionId, ShareClassId, InvestorId, TradeDate, Units, GrossAmount) VALUES ('SUB00050', 'SC-BAL-I', 'INV015', '2025-01-01', 15000, 375000.00);
INSERT INTO Subscription (SubscriptionId, ShareClassId, InvestorId, TradeDate, Units, GrossAmount) VALUES ('SUB00051', 'SC-BAL-I', 'INV010', '2025-03-07', 1000, 25000.00);
INSERT INTO Subscription (SubscriptionId, ShareClassId, InvestorId, TradeDate, Units, GrossAmount) VALUES ('SUB00052', 'SC-BAL-I', 'INV020', '2025-03-20', 4000, 100000.00);
INSERT INTO Subscription (SubscriptionId, ShareClassId, InvestorId, TradeDate, Units, GrossAmount) VALUES ('SUB00053', 'SC-BAL-I', 'INV012', '2025-03-25', 7000, 175000.00);
INSERT INTO Subscription (SubscriptionId, ShareClassId, InvestorId, TradeDate, Units, GrossAmount) VALUES ('SUB00054', 'SC-BAL-C', 'INV010', '2025-01-01', 23000, 575000.00);
INSERT INTO Subscription (SubscriptionId, ShareClassId, InvestorId, TradeDate, Units, GrossAmount) VALUES ('SUB00055', 'SC-BAL-C', 'INV016', '2025-01-01', 30000, 750000.00);
INSERT INTO Subscription (SubscriptionId, ShareClassId, InvestorId, TradeDate, Units, GrossAmount) VALUES ('SUB00056', 'SC-BAL-C', 'INV020', '2025-01-01', 37000, 925000.00);
INSERT INTO Subscription (SubscriptionId, ShareClassId, InvestorId, TradeDate, Units, GrossAmount) VALUES ('SUB00057', 'SC-BAL-C', 'INV004', '2025-01-01', 39000, 975000.00);
INSERT INTO Subscription (SubscriptionId, ShareClassId, InvestorId, TradeDate, Units, GrossAmount) VALUES ('SUB00058', 'SC-BAL-C', 'INV002', '2025-02-03', 6000, 150000.00);
INSERT INTO Subscription (SubscriptionId, ShareClassId, InvestorId, TradeDate, Units, GrossAmount) VALUES ('SUB00059', 'SC-BAL-C', 'INV012', '2025-01-14', 1000, 25000.00);
INSERT INTO Subscription (SubscriptionId, ShareClassId, InvestorId, TradeDate, Units, GrossAmount) VALUES ('SUB00060', 'SC-BAL-C', 'INV001', '2025-03-07', 1000, 25000.00);
INSERT INTO Subscription (SubscriptionId, ShareClassId, InvestorId, TradeDate, Units, GrossAmount) VALUES ('SUB00061', 'SC-BAL-C', 'INV016', '2025-03-06', 2000, 50000.00);
INSERT INTO Subscription (SubscriptionId, ShareClassId, InvestorId, TradeDate, Units, GrossAmount) VALUES ('SUB00062', 'SC-BAL-C', 'INV010', '2025-01-09', 6000, 150000.00);
INSERT INTO Subscription (SubscriptionId, ShareClassId, InvestorId, TradeDate, Units, GrossAmount) VALUES ('SUB00063', 'SC-BAL-C', 'INV002', '2025-02-08', 7000, 175000.00);

-- Redemption
INSERT INTO Redemption (RedemptionId, ShareClassId, InvestorId, TradeDate, Units, GrossAmount) VALUES ('RED00001', 'SC-NEQ-A', 'INV006', '2025-02-01', 1500, 150000.00);
INSERT INTO Redemption (RedemptionId, ShareClassId, InvestorId, TradeDate, Units, GrossAmount) VALUES ('RED00002', 'SC-NEQ-A', 'INV018', '2025-02-22', 500, 50000.00);
INSERT INTO Redemption (RedemptionId, ShareClassId, InvestorId, TradeDate, Units, GrossAmount) VALUES ('RED00003', 'SC-NEQ-A', 'INV006', '2025-01-15', 500, 50000.00);
INSERT INTO Redemption (RedemptionId, ShareClassId, InvestorId, TradeDate, Units, GrossAmount) VALUES ('RED00004', 'SC-NEQ-A', 'INV006', '2025-03-12', 500, 50000.00);
INSERT INTO Redemption (RedemptionId, ShareClassId, InvestorId, TradeDate, Units, GrossAmount) VALUES ('RED00005', 'SC-NEQ-A', 'INV008', '2025-01-16', 500, 50000.00);
INSERT INTO Redemption (RedemptionId, ShareClassId, InvestorId, TradeDate, Units, GrossAmount) VALUES ('RED00006', 'SC-NEQ-A', 'INV006', '2025-02-07', 1000, 100000.00);
INSERT INTO Redemption (RedemptionId, ShareClassId, InvestorId, TradeDate, Units, GrossAmount) VALUES ('RED00007', 'SC-NEQ-I', 'INV016', '2025-01-14', 1000, 100000.00);
INSERT INTO Redemption (RedemptionId, ShareClassId, InvestorId, TradeDate, Units, GrossAmount) VALUES ('RED00008', 'SC-NEQ-I', 'INV002', '2025-03-29', 2000, 200000.00);
INSERT INTO Redemption (RedemptionId, ShareClassId, InvestorId, TradeDate, Units, GrossAmount) VALUES ('RED00009', 'SC-NEQ-I', 'INV005', '2025-03-22', 1000, 100000.00);
INSERT INTO Redemption (RedemptionId, ShareClassId, InvestorId, TradeDate, Units, GrossAmount) VALUES ('RED00010', 'SC-NEQ-I', 'INV010', '2025-02-09', 500, 50000.00);
INSERT INTO Redemption (RedemptionId, ShareClassId, InvestorId, TradeDate, Units, GrossAmount) VALUES ('RED00011', 'SC-GBD-A', 'INV008', '2025-01-28', 2000, 100000.00);
INSERT INTO Redemption (RedemptionId, ShareClassId, InvestorId, TradeDate, Units, GrossAmount) VALUES ('RED00012', 'SC-GBD-A', 'INV019', '2025-01-11', 500, 25000.00);
INSERT INTO Redemption (RedemptionId, ShareClassId, InvestorId, TradeDate, Units, GrossAmount) VALUES ('RED00013', 'SC-GBD-A', 'INV015', '2025-03-04', 1000, 50000.00);
INSERT INTO Redemption (RedemptionId, ShareClassId, InvestorId, TradeDate, Units, GrossAmount) VALUES ('RED00014', 'SC-GBD-I', 'INV016', '2025-02-11', 1500, 75000.00);
INSERT INTO Redemption (RedemptionId, ShareClassId, InvestorId, TradeDate, Units, GrossAmount) VALUES ('RED00015', 'SC-GBD-I', 'INV020', '2025-02-10', 500, 25000.00);
INSERT INTO Redemption (RedemptionId, ShareClassId, InvestorId, TradeDate, Units, GrossAmount) VALUES ('RED00016', 'SC-GBD-I', 'INV001', '2025-02-18', 1000, 50000.00);
INSERT INTO Redemption (RedemptionId, ShareClassId, InvestorId, TradeDate, Units, GrossAmount) VALUES ('RED00017', 'SC-BAL-A', 'INV015', '2025-01-15', 2000, 50000.00);
INSERT INTO Redemption (RedemptionId, ShareClassId, InvestorId, TradeDate, Units, GrossAmount) VALUES ('RED00018', 'SC-BAL-A', 'INV013', '2025-02-04', 1000, 25000.00);
INSERT INTO Redemption (RedemptionId, ShareClassId, InvestorId, TradeDate, Units, GrossAmount) VALUES ('RED00019', 'SC-BAL-A', 'INV019', '2025-02-17', 1000, 25000.00);
INSERT INTO Redemption (RedemptionId, ShareClassId, InvestorId, TradeDate, Units, GrossAmount) VALUES ('RED00020', 'SC-BAL-I', 'INV009', '2025-03-18', 500, 12500.00);
INSERT INTO Redemption (RedemptionId, ShareClassId, InvestorId, TradeDate, Units, GrossAmount) VALUES ('RED00021', 'SC-BAL-I', 'INV009', '2025-02-08', 500, 12500.00);
INSERT INTO Redemption (RedemptionId, ShareClassId, InvestorId, TradeDate, Units, GrossAmount) VALUES ('RED00022', 'SC-BAL-I', 'INV002', '2025-03-01', 1000, 25000.00);
INSERT INTO Redemption (RedemptionId, ShareClassId, InvestorId, TradeDate, Units, GrossAmount) VALUES ('RED00023', 'SC-BAL-I', 'INV016', '2025-02-28', 1000, 25000.00);
INSERT INTO Redemption (RedemptionId, ShareClassId, InvestorId, TradeDate, Units, GrossAmount) VALUES ('RED00024', 'SC-BAL-I', 'INV014', '2025-02-21', 1500, 37500.00);
INSERT INTO Redemption (RedemptionId, ShareClassId, InvestorId, TradeDate, Units, GrossAmount) VALUES ('RED00025', 'SC-BAL-C', 'INV020', '2025-01-12', 1500, 37500.00);
INSERT INTO Redemption (RedemptionId, ShareClassId, InvestorId, TradeDate, Units, GrossAmount) VALUES ('RED00026', 'SC-BAL-C', 'INV005', '2025-03-23', 1000, 25000.00);
INSERT INTO Redemption (RedemptionId, ShareClassId, InvestorId, TradeDate, Units, GrossAmount) VALUES ('RED00027', 'SC-BAL-C', 'INV018', '2025-03-24', 1000, 25000.00);

-- PriceEOD
INSERT INTO PriceEOD (InstrumentId, PriceDate, ClosePrice) VALUES ('INS-EQ-001', '2025-01-01', 204.70);
INSERT INTO PriceEOD (InstrumentId, PriceDate, ClosePrice) VALUES ('INS-EQ-001', '2025-01-02', 206.68);
INSERT INTO PriceEOD (InstrumentId, PriceDate, ClosePrice) VALUES ('INS-EQ-001', '2025-01-03', 208.05);
INSERT INTO PriceEOD (InstrumentId, PriceDate, ClosePrice) VALUES ('INS-EQ-001', '2025-01-04', 209.80);
INSERT INTO PriceEOD (InstrumentId, PriceDate, ClosePrice) VALUES ('INS-EQ-001', '2025-01-05', 211.93);
INSERT INTO PriceEOD (InstrumentId, PriceDate, ClosePrice) VALUES ('INS-EQ-001', '2025-01-06', 211.68);
INSERT INTO PriceEOD (InstrumentId, PriceDate, ClosePrice) VALUES ('INS-EQ-001', '2025-01-07', 212.26);
INSERT INTO PriceEOD (InstrumentId, PriceDate, ClosePrice) VALUES ('INS-EQ-001', '2025-01-08', 212.77);
INSERT INTO PriceEOD (InstrumentId, PriceDate, ClosePrice) VALUES ('INS-EQ-001', '2025-01-09', 214.67);
INSERT INTO PriceEOD (InstrumentId, PriceDate, ClosePrice) VALUES ('INS-EQ-001', '2025-01-10', 214.86);
INSERT INTO PriceEOD (InstrumentId, PriceDate, ClosePrice) VALUES ('INS-EQ-001', '2025-01-11', 214.29);
INSERT INTO PriceEOD (InstrumentId, PriceDate, ClosePrice) VALUES ('INS-EQ-001', '2025-01-12', 214.07);
INSERT INTO PriceEOD (InstrumentId, PriceDate, ClosePrice) VALUES ('INS-EQ-001', '2025-01-13', 213.79);
INSERT INTO PriceEOD (InstrumentId, PriceDate, ClosePrice) VALUES ('INS-EQ-001', '2025-01-14', 213.81);
INSERT INTO PriceEOD (InstrumentId, PriceDate, ClosePrice) VALUES ('INS-EQ-001', '2025-01-15', 213.25);
INSERT INTO PriceEOD (InstrumentId, PriceDate, ClosePrice) VALUES ('INS-EQ-001', '2025-01-16', 215.75);
INSERT INTO PriceEOD (InstrumentId, PriceDate, ClosePrice) VALUES ('INS-EQ-001', '2025-01-17', 214.71);
INSERT INTO PriceEOD (InstrumentId, PriceDate, ClosePrice) VALUES ('INS-EQ-001', '2025-01-18', 215.99);
INSERT INTO PriceEOD (InstrumentId, PriceDate, ClosePrice) VALUES ('INS-EQ-001', '2025-01-19', 216.67);
INSERT INTO PriceEOD (InstrumentId, PriceDate, ClosePrice) VALUES ('INS-EQ-001', '2025-01-20', 218.70);
INSERT INTO PriceEOD (InstrumentId, PriceDate, ClosePrice) VALUES ('INS-EQ-001', '2025-01-21', 216.98);
INSERT INTO PriceEOD (InstrumentId, PriceDate, ClosePrice) VALUES ('INS-EQ-001', '2025-01-22', 216.65);
INSERT INTO PriceEOD (InstrumentId, PriceDate, ClosePrice) VALUES ('INS-EQ-001', '2025-01-23', 215.75);
INSERT INTO PriceEOD (InstrumentId, PriceDate, ClosePrice) VALUES ('INS-EQ-001', '2025-01-24', 217.48);
INSERT INTO PriceEOD (InstrumentId, PriceDate, ClosePrice) VALUES ('INS-EQ-001', '2025-01-25', 216.47);
INSERT INTO PriceEOD (InstrumentId, PriceDate, ClosePrice) VALUES ('INS-EQ-001', '2025-01-26', 215.91);
INSERT INTO PriceEOD (InstrumentId, PriceDate, ClosePrice) VALUES ('INS-EQ-001', '2025-01-27', 214.69);
INSERT INTO PriceEOD (InstrumentId, PriceDate, ClosePrice) VALUES ('INS-EQ-001', '2025-01-28', 217.19);
INSERT INTO PriceEOD (InstrumentId, PriceDate, ClosePrice) VALUES ('INS-EQ-001', '2025-01-29', 216.41);
INSERT INTO PriceEOD (InstrumentId, PriceDate, ClosePrice) VALUES ('INS-EQ-001', '2025-01-30', 217.86);
INSERT INTO PriceEOD (InstrumentId, PriceDate, ClosePrice) VALUES ('INS-EQ-001', '2025-01-31', 218.89);
INSERT INTO PriceEOD (InstrumentId, PriceDate, ClosePrice) VALUES ('INS-EQ-001', '2025-02-01', 220.84);
INSERT INTO PriceEOD (InstrumentId, PriceDate, ClosePrice) VALUES ('INS-EQ-001', '2025-02-02', 220.03);
INSERT INTO PriceEOD (InstrumentId, PriceDate, ClosePrice) VALUES ('INS-EQ-001', '2025-02-03', 218.91);
INSERT INTO PriceEOD (InstrumentId, PriceDate, ClosePrice) VALUES ('INS-EQ-001', '2025-02-04', 220.84);
INSERT INTO PriceEOD (InstrumentId, PriceDate, ClosePrice) VALUES ('INS-EQ-001', '2025-02-05', 222.95);
INSERT INTO PriceEOD (InstrumentId, PriceDate, ClosePrice) VALUES ('INS-EQ-001', '2025-02-06', 221.10);
INSERT INTO PriceEOD (InstrumentId, PriceDate, ClosePrice) VALUES ('INS-EQ-001', '2025-02-07', 219.12);
INSERT INTO PriceEOD (InstrumentId, PriceDate, ClosePrice) VALUES ('INS-EQ-001', '2025-02-08', 221.18);
INSERT INTO PriceEOD (InstrumentId, PriceDate, ClosePrice) VALUES ('INS-EQ-001', '2025-02-09', 223.28);
INSERT INTO PriceEOD (InstrumentId, PriceDate, ClosePrice) VALUES ('INS-EQ-001', '2025-02-10', 224.27);
INSERT INTO PriceEOD (InstrumentId, PriceDate, ClosePrice) VALUES ('INS-EQ-001', '2025-02-11', 223.27);
INSERT INTO PriceEOD (InstrumentId, PriceDate, ClosePrice) VALUES ('INS-EQ-001', '2025-02-12', 224.75);
INSERT INTO PriceEOD (InstrumentId, PriceDate, ClosePrice) VALUES ('INS-EQ-001', '2025-02-13', 223.58);
INSERT INTO PriceEOD (InstrumentId, PriceDate, ClosePrice) VALUES ('INS-EQ-001', '2025-02-14', 222.80);
INSERT INTO PriceEOD (InstrumentId, PriceDate, ClosePrice) VALUES ('INS-EQ-001', '2025-02-15', 224.52);
INSERT INTO PriceEOD (InstrumentId, PriceDate, ClosePrice) VALUES ('INS-EQ-001', '2025-02-16', 226.25);
INSERT INTO PriceEOD (InstrumentId, PriceDate, ClosePrice) VALUES ('INS-EQ-001', '2025-02-17', 224.36);
INSERT INTO PriceEOD (InstrumentId, PriceDate, ClosePrice) VALUES ('INS-EQ-001', '2025-02-18', 223.14);
INSERT INTO PriceEOD (InstrumentId, PriceDate, ClosePrice) VALUES ('INS-EQ-001', '2025-02-19', 221.51);
INSERT INTO PriceEOD (InstrumentId, PriceDate, ClosePrice) VALUES ('INS-EQ-001', '2025-02-20', 223.20);
INSERT INTO PriceEOD (InstrumentId, PriceDate, ClosePrice) VALUES ('INS-EQ-001', '2025-02-21', 224.98);
INSERT INTO PriceEOD (InstrumentId, PriceDate, ClosePrice) VALUES ('INS-EQ-001', '2025-02-22', 226.80);
INSERT INTO PriceEOD (InstrumentId, PriceDate, ClosePrice) VALUES ('INS-EQ-001', '2025-02-23', 227.61);
INSERT INTO PriceEOD (InstrumentId, PriceDate, ClosePrice) VALUES ('INS-EQ-001', '2025-02-24', 228.23);
INSERT INTO PriceEOD (InstrumentId, PriceDate, ClosePrice) VALUES ('INS-EQ-001', '2025-02-25', 227.51);
INSERT INTO PriceEOD (InstrumentId, PriceDate, ClosePrice) VALUES ('INS-EQ-001', '2025-02-26', 225.85);
INSERT INTO PriceEOD (InstrumentId, PriceDate, ClosePrice) VALUES ('INS-EQ-001', '2025-02-27', 224.61);
INSERT INTO PriceEOD (InstrumentId, PriceDate, ClosePrice) VALUES ('INS-EQ-001', '2025-02-28', 226.70);
INSERT INTO PriceEOD (InstrumentId, PriceDate, ClosePrice) VALUES ('INS-EQ-001', '2025-03-01', 228.41);
INSERT INTO PriceEOD (InstrumentId, PriceDate, ClosePrice) VALUES ('INS-EQ-001', '2025-03-02', 231.00);
INSERT INTO PriceEOD (InstrumentId, PriceDate, ClosePrice) VALUES ('INS-EQ-001', '2025-03-03', 231.58);
INSERT INTO PriceEOD (InstrumentId, PriceDate, ClosePrice) VALUES ('INS-EQ-001', '2025-03-04', 230.03);
INSERT INTO PriceEOD (InstrumentId, PriceDate, ClosePrice) VALUES ('INS-EQ-001', '2025-03-05', 229.98);
INSERT INTO PriceEOD (InstrumentId, PriceDate, ClosePrice) VALUES ('INS-EQ-001', '2025-03-06', 229.57);
INSERT INTO PriceEOD (InstrumentId, PriceDate, ClosePrice) VALUES ('INS-EQ-001', '2025-03-07', 230.27);
INSERT INTO PriceEOD (InstrumentId, PriceDate, ClosePrice) VALUES ('INS-EQ-001', '2025-03-08', 230.38);
INSERT INTO PriceEOD (InstrumentId, PriceDate, ClosePrice) VALUES ('INS-EQ-001', '2025-03-09', 232.26);
INSERT INTO PriceEOD (InstrumentId, PriceDate, ClosePrice) VALUES ('INS-EQ-001', '2025-03-10', 232.56);
INSERT INTO PriceEOD (InstrumentId, PriceDate, ClosePrice) VALUES ('INS-EQ-001', '2025-03-11', 234.96);
INSERT INTO PriceEOD (InstrumentId, PriceDate, ClosePrice) VALUES ('INS-EQ-001', '2025-03-12', 233.35);
INSERT INTO PriceEOD (InstrumentId, PriceDate, ClosePrice) VALUES ('INS-EQ-001', '2025-03-13', 231.57);
INSERT INTO PriceEOD (InstrumentId, PriceDate, ClosePrice) VALUES ('INS-EQ-001', '2025-03-14', 230.81);
INSERT INTO PriceEOD (InstrumentId, PriceDate, ClosePrice) VALUES ('INS-EQ-001', '2025-03-15', 231.69);
INSERT INTO PriceEOD (InstrumentId, PriceDate, ClosePrice) VALUES ('INS-EQ-001', '2025-03-16', 229.52);
INSERT INTO PriceEOD (InstrumentId, PriceDate, ClosePrice) VALUES ('INS-EQ-001', '2025-03-17', 229.89);
INSERT INTO PriceEOD (InstrumentId, PriceDate, ClosePrice) VALUES ('INS-EQ-001', '2025-03-18', 231.84);
INSERT INTO PriceEOD (InstrumentId, PriceDate, ClosePrice) VALUES ('INS-EQ-001', '2025-03-19', 231.38);
INSERT INTO PriceEOD (InstrumentId, PriceDate, ClosePrice) VALUES ('INS-EQ-001', '2025-03-20', 232.95);
INSERT INTO PriceEOD (InstrumentId, PriceDate, ClosePrice) VALUES ('INS-EQ-001', '2025-03-21', 234.19);
INSERT INTO PriceEOD (InstrumentId, PriceDate, ClosePrice) VALUES ('INS-EQ-001', '2025-03-22', 233.57);
INSERT INTO PriceEOD (InstrumentId, PriceDate, ClosePrice) VALUES ('INS-EQ-001', '2025-03-23', 235.69);
INSERT INTO PriceEOD (InstrumentId, PriceDate, ClosePrice) VALUES ('INS-EQ-001', '2025-03-24', 234.32);
INSERT INTO PriceEOD (InstrumentId, PriceDate, ClosePrice) VALUES ('INS-EQ-001', '2025-03-25', 236.87);
INSERT INTO PriceEOD (InstrumentId, PriceDate, ClosePrice) VALUES ('INS-EQ-001', '2025-03-26', 237.08);
INSERT INTO PriceEOD (InstrumentId, PriceDate, ClosePrice) VALUES ('INS-EQ-001', '2025-03-27', 235.95);
INSERT INTO PriceEOD (InstrumentId, PriceDate, ClosePrice) VALUES ('INS-EQ-001', '2025-03-28', 238.32);
INSERT INTO PriceEOD (InstrumentId, PriceDate, ClosePrice) VALUES ('INS-EQ-001', '2025-03-29', 238.02);
INSERT INTO PriceEOD (InstrumentId, PriceDate, ClosePrice) VALUES ('INS-EQ-001', '2025-03-30', 239.84);
INSERT INTO PriceEOD (InstrumentId, PriceDate, ClosePrice) VALUES ('INS-EQ-001', '2025-03-31', 240.07);
INSERT INTO PriceEOD (InstrumentId, PriceDate, ClosePrice) VALUES ('INS-EQ-002', '2025-01-01', 176.86);
INSERT INTO PriceEOD (InstrumentId, PriceDate, ClosePrice) VALUES ('INS-EQ-002', '2025-01-02', 178.70);
INSERT INTO PriceEOD (InstrumentId, PriceDate, ClosePrice) VALUES ('INS-EQ-002', '2025-01-03', 178.86);
INSERT INTO PriceEOD (InstrumentId, PriceDate, ClosePrice) VALUES ('INS-EQ-002', '2025-01-04', 179.51);
INSERT INTO PriceEOD (InstrumentId, PriceDate, ClosePrice) VALUES ('INS-EQ-002', '2025-01-05', 179.78);
INSERT INTO PriceEOD (InstrumentId, PriceDate, ClosePrice) VALUES ('INS-EQ-002', '2025-01-06', 179.17);
INSERT INTO PriceEOD (InstrumentId, PriceDate, ClosePrice) VALUES ('INS-EQ-002', '2025-01-07', 180.64);
INSERT INTO PriceEOD (InstrumentId, PriceDate, ClosePrice) VALUES ('INS-EQ-002', '2025-01-08', 182.54);
INSERT INTO PriceEOD (InstrumentId, PriceDate, ClosePrice) VALUES ('INS-EQ-002', '2025-01-09', 184.50);
INSERT INTO PriceEOD (InstrumentId, PriceDate, ClosePrice) VALUES ('INS-EQ-002', '2025-01-10', 184.59);
INSERT INTO PriceEOD (InstrumentId, PriceDate, ClosePrice) VALUES ('INS-EQ-002', '2025-01-11', 184.31);
INSERT INTO PriceEOD (InstrumentId, PriceDate, ClosePrice) VALUES ('INS-EQ-002', '2025-01-12', 185.74);
INSERT INTO PriceEOD (InstrumentId, PriceDate, ClosePrice) VALUES ('INS-EQ-002', '2025-01-13', 184.86);
INSERT INTO PriceEOD (InstrumentId, PriceDate, ClosePrice) VALUES ('INS-EQ-002', '2025-01-14', 186.88);
INSERT INTO PriceEOD (InstrumentId, PriceDate, ClosePrice) VALUES ('INS-EQ-002', '2025-01-15', 188.81);
INSERT INTO PriceEOD (InstrumentId, PriceDate, ClosePrice) VALUES ('INS-EQ-002', '2025-01-16', 187.09);
INSERT INTO PriceEOD (InstrumentId, PriceDate, ClosePrice) VALUES ('INS-EQ-002', '2025-01-17', 189.12);
INSERT INTO PriceEOD (InstrumentId, PriceDate, ClosePrice) VALUES ('INS-EQ-002', '2025-01-18', 188.97);
INSERT INTO PriceEOD (InstrumentId, PriceDate, ClosePrice) VALUES ('INS-EQ-002', '2025-01-19', 189.15);
INSERT INTO PriceEOD (InstrumentId, PriceDate, ClosePrice) VALUES ('INS-EQ-002', '2025-01-20', 187.67);
INSERT INTO PriceEOD (InstrumentId, PriceDate, ClosePrice) VALUES ('INS-EQ-002', '2025-01-21', 186.69);
INSERT INTO PriceEOD (InstrumentId, PriceDate, ClosePrice) VALUES ('INS-EQ-002', '2025-01-22', 187.04);
INSERT INTO PriceEOD (InstrumentId, PriceDate, ClosePrice) VALUES ('INS-EQ-002', '2025-01-23', 188.28);
INSERT INTO PriceEOD (InstrumentId, PriceDate, ClosePrice) VALUES ('INS-EQ-002', '2025-01-24', 188.25);
INSERT INTO PriceEOD (InstrumentId, PriceDate, ClosePrice) VALUES ('INS-EQ-002', '2025-01-25', 189.81);
INSERT INTO PriceEOD (InstrumentId, PriceDate, ClosePrice) VALUES ('INS-EQ-002', '2025-01-26', 189.30);
INSERT INTO PriceEOD (InstrumentId, PriceDate, ClosePrice) VALUES ('INS-EQ-002', '2025-01-27', 189.34);
INSERT INTO PriceEOD (InstrumentId, PriceDate, ClosePrice) VALUES ('INS-EQ-002', '2025-01-28', 190.31);
INSERT INTO PriceEOD (InstrumentId, PriceDate, ClosePrice) VALUES ('INS-EQ-002', '2025-01-29', 192.45);
INSERT INTO PriceEOD (InstrumentId, PriceDate, ClosePrice) VALUES ('INS-EQ-002', '2025-01-30', 192.12);
INSERT INTO PriceEOD (InstrumentId, PriceDate, ClosePrice) VALUES ('INS-EQ-002', '2025-01-31', 192.62);
INSERT INTO PriceEOD (InstrumentId, PriceDate, ClosePrice) VALUES ('INS-EQ-002', '2025-02-01', 194.25);
INSERT INTO PriceEOD (InstrumentId, PriceDate, ClosePrice) VALUES ('INS-EQ-002', '2025-02-02', 192.39);
INSERT INTO PriceEOD (InstrumentId, PriceDate, ClosePrice) VALUES ('INS-EQ-002', '2025-02-03', 192.32);
INSERT INTO PriceEOD (InstrumentId, PriceDate, ClosePrice) VALUES ('INS-EQ-002', '2025-02-04', 192.99);
INSERT INTO PriceEOD (InstrumentId, PriceDate, ClosePrice) VALUES ('INS-EQ-002', '2025-02-05', 195.17);
INSERT INTO PriceEOD (InstrumentId, PriceDate, ClosePrice) VALUES ('INS-EQ-002', '2025-02-06', 193.33);
INSERT INTO PriceEOD (InstrumentId, PriceDate, ClosePrice) VALUES ('INS-EQ-002', '2025-02-07', 194.71);
INSERT INTO PriceEOD (InstrumentId, PriceDate, ClosePrice) VALUES ('INS-EQ-002', '2025-02-08', 196.00);
INSERT INTO PriceEOD (InstrumentId, PriceDate, ClosePrice) VALUES ('INS-EQ-002', '2025-02-09', 197.72);
INSERT INTO PriceEOD (InstrumentId, PriceDate, ClosePrice) VALUES ('INS-EQ-002', '2025-02-10', 197.45);
INSERT INTO PriceEOD (InstrumentId, PriceDate, ClosePrice) VALUES ('INS-EQ-002', '2025-02-11', 199.76);
INSERT INTO PriceEOD (InstrumentId, PriceDate, ClosePrice) VALUES ('INS-EQ-002', '2025-02-12', 198.60);
INSERT INTO PriceEOD (InstrumentId, PriceDate, ClosePrice) VALUES ('INS-EQ-002', '2025-02-13', 200.16);
INSERT INTO PriceEOD (InstrumentId, PriceDate, ClosePrice) VALUES ('INS-EQ-002', '2025-02-14', 199.55);
INSERT INTO PriceEOD (InstrumentId, PriceDate, ClosePrice) VALUES ('INS-EQ-002', '2025-02-15', 197.57);
INSERT INTO PriceEOD (InstrumentId, PriceDate, ClosePrice) VALUES ('INS-EQ-002', '2025-02-16', 199.23);
INSERT INTO PriceEOD (InstrumentId, PriceDate, ClosePrice) VALUES ('INS-EQ-002', '2025-02-17', 201.40);
INSERT INTO PriceEOD (InstrumentId, PriceDate, ClosePrice) VALUES ('INS-EQ-002', '2025-02-18', 203.39);
INSERT INTO PriceEOD (InstrumentId, PriceDate, ClosePrice) VALUES ('INS-EQ-002', '2025-02-19', 203.56);
INSERT INTO PriceEOD (InstrumentId, PriceDate, ClosePrice) VALUES ('INS-EQ-002', '2025-02-20', 204.68);
INSERT INTO PriceEOD (InstrumentId, PriceDate, ClosePrice) VALUES ('INS-EQ-002', '2025-02-21', 205.51);
INSERT INTO PriceEOD (InstrumentId, PriceDate, ClosePrice) VALUES ('INS-EQ-002', '2025-02-22', 205.82);
INSERT INTO PriceEOD (InstrumentId, PriceDate, ClosePrice) VALUES ('INS-EQ-002', '2025-02-23', 206.26);
INSERT INTO PriceEOD (InstrumentId, PriceDate, ClosePrice) VALUES ('INS-EQ-002', '2025-02-24', 204.44);
INSERT INTO PriceEOD (InstrumentId, PriceDate, ClosePrice) VALUES ('INS-EQ-002', '2025-02-25', 205.78);
INSERT INTO PriceEOD (InstrumentId, PriceDate, ClosePrice) VALUES ('INS-EQ-002', '2025-02-26', 204.86);
INSERT INTO PriceEOD (InstrumentId, PriceDate, ClosePrice) VALUES ('INS-EQ-002', '2025-02-27', 204.92);
INSERT INTO PriceEOD (InstrumentId, PriceDate, ClosePrice) VALUES ('INS-EQ-002', '2025-02-28', 203.18);
INSERT INTO PriceEOD (InstrumentId, PriceDate, ClosePrice) VALUES ('INS-EQ-002', '2025-03-01', 202.56);
INSERT INTO PriceEOD (InstrumentId, PriceDate, ClosePrice) VALUES ('INS-EQ-002', '2025-03-02', 202.77);
INSERT INTO PriceEOD (InstrumentId, PriceDate, ClosePrice) VALUES ('INS-EQ-002', '2025-03-03', 204.43);
INSERT INTO PriceEOD (InstrumentId, PriceDate, ClosePrice) VALUES ('INS-EQ-002', '2025-03-04', 203.68);
INSERT INTO PriceEOD (InstrumentId, PriceDate, ClosePrice) VALUES ('INS-EQ-002', '2025-03-05', 204.81);
INSERT INTO PriceEOD (InstrumentId, PriceDate, ClosePrice) VALUES ('INS-EQ-002', '2025-03-06', 203.19);
INSERT INTO PriceEOD (InstrumentId, PriceDate, ClosePrice) VALUES ('INS-EQ-002', '2025-03-07', 202.86);
INSERT INTO PriceEOD (InstrumentId, PriceDate, ClosePrice) VALUES ('INS-EQ-002', '2025-03-08', 203.07);
INSERT INTO PriceEOD (InstrumentId, PriceDate, ClosePrice) VALUES ('INS-EQ-002', '2025-03-09', 204.37);
INSERT INTO PriceEOD (InstrumentId, PriceDate, ClosePrice) VALUES ('INS-EQ-002', '2025-03-10', 206.53);
INSERT INTO PriceEOD (InstrumentId, PriceDate, ClosePrice) VALUES ('INS-EQ-002', '2025-03-11', 206.29);
INSERT INTO PriceEOD (InstrumentId, PriceDate, ClosePrice) VALUES ('INS-EQ-002', '2025-03-12', 208.23);
INSERT INTO PriceEOD (InstrumentId, PriceDate, ClosePrice) VALUES ('INS-EQ-002', '2025-03-13', 208.03);
INSERT INTO PriceEOD (InstrumentId, PriceDate, ClosePrice) VALUES ('INS-EQ-002', '2025-03-14', 206.83);
INSERT INTO PriceEOD (InstrumentId, PriceDate, ClosePrice) VALUES ('INS-EQ-002', '2025-03-15', 209.06);
INSERT INTO PriceEOD (InstrumentId, PriceDate, ClosePrice) VALUES ('INS-EQ-002', '2025-03-16', 211.49);
INSERT INTO PriceEOD (InstrumentId, PriceDate, ClosePrice) VALUES ('INS-EQ-002', '2025-03-17', 212.05);
INSERT INTO PriceEOD (InstrumentId, PriceDate, ClosePrice) VALUES ('INS-EQ-002', '2025-03-18', 210.22);
INSERT INTO PriceEOD (InstrumentId, PriceDate, ClosePrice) VALUES ('INS-EQ-002', '2025-03-19', 210.72);
INSERT INTO PriceEOD (InstrumentId, PriceDate, ClosePrice) VALUES ('INS-EQ-002', '2025-03-20', 212.58);
INSERT INTO PriceEOD (InstrumentId, PriceDate, ClosePrice) VALUES ('INS-EQ-002', '2025-03-21', 213.16);
INSERT INTO PriceEOD (InstrumentId, PriceDate, ClosePrice) VALUES ('INS-EQ-002', '2025-03-22', 213.11);
INSERT INTO PriceEOD (InstrumentId, PriceDate, ClosePrice) VALUES ('INS-EQ-002', '2025-03-23', 213.21);
INSERT INTO PriceEOD (InstrumentId, PriceDate, ClosePrice) VALUES ('INS-EQ-002', '2025-03-24', 215.47);
INSERT INTO PriceEOD (InstrumentId, PriceDate, ClosePrice) VALUES ('INS-EQ-002', '2025-03-25', 215.60);
INSERT INTO PriceEOD (InstrumentId, PriceDate, ClosePrice) VALUES ('INS-EQ-002', '2025-03-26', 217.35);
INSERT INTO PriceEOD (InstrumentId, PriceDate, ClosePrice) VALUES ('INS-EQ-002', '2025-03-27', 217.69);
INSERT INTO PriceEOD (InstrumentId, PriceDate, ClosePrice) VALUES ('INS-EQ-002', '2025-03-28', 218.00);
INSERT INTO PriceEOD (InstrumentId, PriceDate, ClosePrice) VALUES ('INS-EQ-002', '2025-03-29', 220.02);
INSERT INTO PriceEOD (InstrumentId, PriceDate, ClosePrice) VALUES ('INS-EQ-002', '2025-03-30', 218.35);
INSERT INTO PriceEOD (InstrumentId, PriceDate, ClosePrice) VALUES ('INS-EQ-002', '2025-03-31', 219.14);
INSERT INTO PriceEOD (InstrumentId, PriceDate, ClosePrice) VALUES ('INS-BD-001', '2025-01-01', 176.00);
INSERT INTO PriceEOD (InstrumentId, PriceDate, ClosePrice) VALUES ('INS-BD-001', '2025-01-02', 177.77);
INSERT INTO PriceEOD (InstrumentId, PriceDate, ClosePrice) VALUES ('INS-BD-001', '2025-01-03', 176.99);
INSERT INTO PriceEOD (InstrumentId, PriceDate, ClosePrice) VALUES ('INS-BD-001', '2025-01-04', 175.40);
INSERT INTO PriceEOD (InstrumentId, PriceDate, ClosePrice) VALUES ('INS-BD-001', '2025-01-05', 177.16);
INSERT INTO PriceEOD (InstrumentId, PriceDate, ClosePrice) VALUES ('INS-BD-001', '2025-01-06', 177.59);
INSERT INTO PriceEOD (InstrumentId, PriceDate, ClosePrice) VALUES ('INS-BD-001', '2025-01-07', 179.39);
INSERT INTO PriceEOD (InstrumentId, PriceDate, ClosePrice) VALUES ('INS-BD-001', '2025-01-08', 180.76);
INSERT INTO PriceEOD (InstrumentId, PriceDate, ClosePrice) VALUES ('INS-BD-001', '2025-01-09', 182.50);
INSERT INTO PriceEOD (InstrumentId, PriceDate, ClosePrice) VALUES ('INS-BD-001', '2025-01-10', 182.77);
INSERT INTO PriceEOD (InstrumentId, PriceDate, ClosePrice) VALUES ('INS-BD-001', '2025-01-11', 183.00);
INSERT INTO PriceEOD (InstrumentId, PriceDate, ClosePrice) VALUES ('INS-BD-001', '2025-01-12', 184.11);
INSERT INTO PriceEOD (InstrumentId, PriceDate, ClosePrice) VALUES ('INS-BD-001', '2025-01-13', 183.45);
INSERT INTO PriceEOD (InstrumentId, PriceDate, ClosePrice) VALUES ('INS-BD-001', '2025-01-14', 185.04);
INSERT INTO PriceEOD (InstrumentId, PriceDate, ClosePrice) VALUES ('INS-BD-001', '2025-01-15', 183.36);
INSERT INTO PriceEOD (InstrumentId, PriceDate, ClosePrice) VALUES ('INS-BD-001', '2025-01-16', 183.26);
INSERT INTO PriceEOD (InstrumentId, PriceDate, ClosePrice) VALUES ('INS-BD-001', '2025-01-17', 182.97);
INSERT INTO PriceEOD (InstrumentId, PriceDate, ClosePrice) VALUES ('INS-BD-001', '2025-01-18', 183.36);
INSERT INTO PriceEOD (InstrumentId, PriceDate, ClosePrice) VALUES ('INS-BD-001', '2025-01-19', 183.08);
INSERT INTO PriceEOD (InstrumentId, PriceDate, ClosePrice) VALUES ('INS-BD-001', '2025-01-20', 182.04);
INSERT INTO PriceEOD (InstrumentId, PriceDate, ClosePrice) VALUES ('INS-BD-001', '2025-01-21', 181.88);
INSERT INTO PriceEOD (InstrumentId, PriceDate, ClosePrice) VALUES ('INS-BD-001', '2025-01-22', 180.40);
INSERT INTO PriceEOD (InstrumentId, PriceDate, ClosePrice) VALUES ('INS-BD-001', '2025-01-23', 179.78);
INSERT INTO PriceEOD (InstrumentId, PriceDate, ClosePrice) VALUES ('INS-BD-001', '2025-01-24', 180.41);
INSERT INTO PriceEOD (InstrumentId, PriceDate, ClosePrice) VALUES ('INS-BD-001', '2025-01-25', 182.48);
INSERT INTO PriceEOD (InstrumentId, PriceDate, ClosePrice) VALUES ('INS-BD-001', '2025-01-26', 182.45);
INSERT INTO PriceEOD (InstrumentId, PriceDate, ClosePrice) VALUES ('INS-BD-001', '2025-01-27', 180.65);
INSERT INTO PriceEOD (InstrumentId, PriceDate, ClosePrice) VALUES ('INS-BD-001', '2025-01-28', 179.62);
INSERT INTO PriceEOD (InstrumentId, PriceDate, ClosePrice) VALUES ('INS-BD-001', '2025-01-29', 181.62);
INSERT INTO PriceEOD (InstrumentId, PriceDate, ClosePrice) VALUES ('INS-BD-001', '2025-01-30', 183.14);
INSERT INTO PriceEOD (InstrumentId, PriceDate, ClosePrice) VALUES ('INS-BD-001', '2025-01-31', 182.12);
INSERT INTO PriceEOD (InstrumentId, PriceDate, ClosePrice) VALUES ('INS-BD-001', '2025-02-01', 181.38);
INSERT INTO PriceEOD (InstrumentId, PriceDate, ClosePrice) VALUES ('INS-BD-001', '2025-02-02', 181.99);
INSERT INTO PriceEOD (InstrumentId, PriceDate, ClosePrice) VALUES ('INS-BD-001', '2025-02-03', 183.14);
INSERT INTO PriceEOD (InstrumentId, PriceDate, ClosePrice) VALUES ('INS-BD-001', '2025-02-04', 182.88);
INSERT INTO PriceEOD (InstrumentId, PriceDate, ClosePrice) VALUES ('INS-BD-001', '2025-02-05', 183.51);
INSERT INTO PriceEOD (InstrumentId, PriceDate, ClosePrice) VALUES ('INS-BD-001', '2025-02-06', 185.55);
INSERT INTO PriceEOD (InstrumentId, PriceDate, ClosePrice) VALUES ('INS-BD-001', '2025-02-07', 183.70);
INSERT INTO PriceEOD (InstrumentId, PriceDate, ClosePrice) VALUES ('INS-BD-001', '2025-02-08', 185.07);
INSERT INTO PriceEOD (InstrumentId, PriceDate, ClosePrice) VALUES ('INS-BD-001', '2025-02-09', 184.23);
INSERT INTO PriceEOD (InstrumentId, PriceDate, ClosePrice) VALUES ('INS-BD-001', '2025-02-10', 185.66);
INSERT INTO PriceEOD (InstrumentId, PriceDate, ClosePrice) VALUES ('INS-BD-001', '2025-02-11', 186.49);
INSERT INTO PriceEOD (InstrumentId, PriceDate, ClosePrice) VALUES ('INS-BD-001', '2025-02-12', 186.26);
INSERT INTO PriceEOD (InstrumentId, PriceDate, ClosePrice) VALUES ('INS-BD-001', '2025-02-13', 185.50);
INSERT INTO PriceEOD (InstrumentId, PriceDate, ClosePrice) VALUES ('INS-BD-001', '2025-02-14', 185.29);
INSERT INTO PriceEOD (InstrumentId, PriceDate, ClosePrice) VALUES ('INS-BD-001', '2025-02-15', 185.37);
INSERT INTO PriceEOD (InstrumentId, PriceDate, ClosePrice) VALUES ('INS-BD-001', '2025-02-16', 184.19);
INSERT INTO PriceEOD (InstrumentId, PriceDate, ClosePrice) VALUES ('INS-BD-001', '2025-02-17', 183.95);
INSERT INTO PriceEOD (InstrumentId, PriceDate, ClosePrice) VALUES ('INS-BD-001', '2025-02-18', 183.52);
INSERT INTO PriceEOD (InstrumentId, PriceDate, ClosePrice) VALUES ('INS-BD-001', '2025-02-19', 182.53);
INSERT INTO PriceEOD (InstrumentId, PriceDate, ClosePrice) VALUES ('INS-BD-001', '2025-02-20', 181.00);
INSERT INTO PriceEOD (InstrumentId, PriceDate, ClosePrice) VALUES ('INS-BD-001', '2025-02-21', 181.92);
INSERT INTO PriceEOD (InstrumentId, PriceDate, ClosePrice) VALUES ('INS-BD-001', '2025-02-22', 183.94);
INSERT INTO PriceEOD (InstrumentId, PriceDate, ClosePrice) VALUES ('INS-BD-001', '2025-02-23', 185.85);
INSERT INTO PriceEOD (InstrumentId, PriceDate, ClosePrice) VALUES ('INS-BD-001', '2025-02-24', 184.42);
INSERT INTO PriceEOD (InstrumentId, PriceDate, ClosePrice) VALUES ('INS-BD-001', '2025-02-25', 183.08);
INSERT INTO PriceEOD (InstrumentId, PriceDate, ClosePrice) VALUES ('INS-BD-001', '2025-02-26', 182.94);
INSERT INTO PriceEOD (InstrumentId, PriceDate, ClosePrice) VALUES ('INS-BD-001', '2025-02-27', 184.62);
INSERT INTO PriceEOD (InstrumentId, PriceDate, ClosePrice) VALUES ('INS-BD-001', '2025-02-28', 184.74);
INSERT INTO PriceEOD (InstrumentId, PriceDate, ClosePrice) VALUES ('INS-BD-001', '2025-03-01', 185.27);
INSERT INTO PriceEOD (InstrumentId, PriceDate, ClosePrice) VALUES ('INS-BD-001', '2025-03-02', 183.94);
INSERT INTO PriceEOD (InstrumentId, PriceDate, ClosePrice) VALUES ('INS-BD-001', '2025-03-03', 182.95);
INSERT INTO PriceEOD (InstrumentId, PriceDate, ClosePrice) VALUES ('INS-BD-001', '2025-03-04', 183.93);
INSERT INTO PriceEOD (InstrumentId, PriceDate, ClosePrice) VALUES ('INS-BD-001', '2025-03-05', 183.36);
INSERT INTO PriceEOD (InstrumentId, PriceDate, ClosePrice) VALUES ('INS-BD-001', '2025-03-06', 185.47);
INSERT INTO PriceEOD (InstrumentId, PriceDate, ClosePrice) VALUES ('INS-BD-001', '2025-03-07', 184.89);
INSERT INTO PriceEOD (InstrumentId, PriceDate, ClosePrice) VALUES ('INS-BD-001', '2025-03-08', 183.17);
INSERT INTO PriceEOD (InstrumentId, PriceDate, ClosePrice) VALUES ('INS-BD-001', '2025-03-09', 182.93);
INSERT INTO PriceEOD (InstrumentId, PriceDate, ClosePrice) VALUES ('INS-BD-001', '2025-03-10', 182.65);
INSERT INTO PriceEOD (InstrumentId, PriceDate, ClosePrice) VALUES ('INS-BD-001', '2025-03-11', 183.07);
INSERT INTO PriceEOD (InstrumentId, PriceDate, ClosePrice) VALUES ('INS-BD-001', '2025-03-12', 182.16);
INSERT INTO PriceEOD (InstrumentId, PriceDate, ClosePrice) VALUES ('INS-BD-001', '2025-03-13', 182.23);
INSERT INTO PriceEOD (InstrumentId, PriceDate, ClosePrice) VALUES ('INS-BD-001', '2025-03-14', 181.12);
INSERT INTO PriceEOD (InstrumentId, PriceDate, ClosePrice) VALUES ('INS-BD-001', '2025-03-15', 180.80);
INSERT INTO PriceEOD (InstrumentId, PriceDate, ClosePrice) VALUES ('INS-BD-001', '2025-03-16', 181.27);
INSERT INTO PriceEOD (InstrumentId, PriceDate, ClosePrice) VALUES ('INS-BD-001', '2025-03-17', 179.74);
INSERT INTO PriceEOD (InstrumentId, PriceDate, ClosePrice) VALUES ('INS-BD-001', '2025-03-18', 178.50);
INSERT INTO PriceEOD (InstrumentId, PriceDate, ClosePrice) VALUES ('INS-BD-001', '2025-03-19', 177.48);
INSERT INTO PriceEOD (InstrumentId, PriceDate, ClosePrice) VALUES ('INS-BD-001', '2025-03-20', 177.69);
INSERT INTO PriceEOD (InstrumentId, PriceDate, ClosePrice) VALUES ('INS-BD-001', '2025-03-21', 179.54);
INSERT INTO PriceEOD (InstrumentId, PriceDate, ClosePrice) VALUES ('INS-BD-001', '2025-03-22', 179.16);
INSERT INTO PriceEOD (InstrumentId, PriceDate, ClosePrice) VALUES ('INS-BD-001', '2025-03-23', 177.45);
INSERT INTO PriceEOD (InstrumentId, PriceDate, ClosePrice) VALUES ('INS-BD-001', '2025-03-24', 177.67);
INSERT INTO PriceEOD (InstrumentId, PriceDate, ClosePrice) VALUES ('INS-BD-001', '2025-03-25', 177.89);
INSERT INTO PriceEOD (InstrumentId, PriceDate, ClosePrice) VALUES ('INS-BD-001', '2025-03-26', 179.85);
INSERT INTO PriceEOD (InstrumentId, PriceDate, ClosePrice) VALUES ('INS-BD-001', '2025-03-27', 178.40);
INSERT INTO PriceEOD (InstrumentId, PriceDate, ClosePrice) VALUES ('INS-BD-001', '2025-03-28', 177.39);
INSERT INTO PriceEOD (InstrumentId, PriceDate, ClosePrice) VALUES ('INS-BD-001', '2025-03-29', 178.89);
INSERT INTO PriceEOD (InstrumentId, PriceDate, ClosePrice) VALUES ('INS-BD-001', '2025-03-30', 179.71);
INSERT INTO PriceEOD (InstrumentId, PriceDate, ClosePrice) VALUES ('INS-BD-001', '2025-03-31', 181.35);
INSERT INTO PriceEOD (InstrumentId, PriceDate, ClosePrice) VALUES ('INS-BD-002', '2025-01-01', 99.02);
INSERT INTO PriceEOD (InstrumentId, PriceDate, ClosePrice) VALUES ('INS-BD-002', '2025-01-02', 98.50);
INSERT INTO PriceEOD (InstrumentId, PriceDate, ClosePrice) VALUES ('INS-BD-002', '2025-01-03', 98.43);
INSERT INTO PriceEOD (InstrumentId, PriceDate, ClosePrice) VALUES ('INS-BD-002', '2025-01-04', 98.26);
INSERT INTO PriceEOD (InstrumentId, PriceDate, ClosePrice) VALUES ('INS-BD-002', '2025-01-05', 99.26);
INSERT INTO PriceEOD (InstrumentId, PriceDate, ClosePrice) VALUES ('INS-BD-002', '2025-01-06', 99.40);
INSERT INTO PriceEOD (InstrumentId, PriceDate, ClosePrice) VALUES ('INS-BD-002', '2025-01-07', 99.07);
INSERT INTO PriceEOD (InstrumentId, PriceDate, ClosePrice) VALUES ('INS-BD-002', '2025-01-08', 98.75);
INSERT INTO PriceEOD (InstrumentId, PriceDate, ClosePrice) VALUES ('INS-BD-002', '2025-01-09', 98.44);
INSERT INTO PriceEOD (InstrumentId, PriceDate, ClosePrice) VALUES ('INS-BD-002', '2025-01-10', 97.63);
INSERT INTO PriceEOD (InstrumentId, PriceDate, ClosePrice) VALUES ('INS-BD-002', '2025-01-11', 98.45);
INSERT INTO PriceEOD (InstrumentId, PriceDate, ClosePrice) VALUES ('INS-BD-002', '2025-01-12', 98.23);
INSERT INTO PriceEOD (InstrumentId, PriceDate, ClosePrice) VALUES ('INS-BD-002', '2025-01-13', 98.99);
INSERT INTO PriceEOD (InstrumentId, PriceDate, ClosePrice) VALUES ('INS-BD-002', '2025-01-14', 99.84);
INSERT INTO PriceEOD (InstrumentId, PriceDate, ClosePrice) VALUES ('INS-BD-002', '2025-01-15', 99.48);
INSERT INTO PriceEOD (InstrumentId, PriceDate, ClosePrice) VALUES ('INS-BD-002', '2025-01-16', 100.30);
INSERT INTO PriceEOD (InstrumentId, PriceDate, ClosePrice) VALUES ('INS-BD-002', '2025-01-17', 100.76);
INSERT INTO PriceEOD (InstrumentId, PriceDate, ClosePrice) VALUES ('INS-BD-002', '2025-01-18', 101.57);
INSERT INTO PriceEOD (InstrumentId, PriceDate, ClosePrice) VALUES ('INS-BD-002', '2025-01-19', 102.50);
INSERT INTO PriceEOD (InstrumentId, PriceDate, ClosePrice) VALUES ('INS-BD-002', '2025-01-20', 102.77);
INSERT INTO PriceEOD (InstrumentId, PriceDate, ClosePrice) VALUES ('INS-BD-002', '2025-01-21', 103.80);
INSERT INTO PriceEOD (InstrumentId, PriceDate, ClosePrice) VALUES ('INS-BD-002', '2025-01-22', 102.94);
INSERT INTO PriceEOD (InstrumentId, PriceDate, ClosePrice) VALUES ('INS-BD-002', '2025-01-23', 103.99);
INSERT INTO PriceEOD (InstrumentId, PriceDate, ClosePrice) VALUES ('INS-BD-002', '2025-01-24', 104.93);
INSERT INTO PriceEOD (InstrumentId, PriceDate, ClosePrice) VALUES ('INS-BD-002', '2025-01-25', 104.67);
INSERT INTO PriceEOD (InstrumentId, PriceDate, ClosePrice) VALUES ('INS-BD-002', '2025-01-26', 104.40);
INSERT INTO PriceEOD (InstrumentId, PriceDate, ClosePrice) VALUES ('INS-BD-002', '2025-01-27', 105.52);
INSERT INTO PriceEOD (InstrumentId, PriceDate, ClosePrice) VALUES ('INS-BD-002', '2025-01-28', 106.00);
INSERT INTO PriceEOD (InstrumentId, PriceDate, ClosePrice) VALUES ('INS-BD-002', '2025-01-29', 104.97);
INSERT INTO PriceEOD (InstrumentId, PriceDate, ClosePrice) VALUES ('INS-BD-002', '2025-01-30', 106.22);
INSERT INTO PriceEOD (InstrumentId, PriceDate, ClosePrice) VALUES ('INS-BD-002', '2025-01-31', 105.61);
INSERT INTO PriceEOD (InstrumentId, PriceDate, ClosePrice) VALUES ('INS-BD-002', '2025-02-01', 104.96);
INSERT INTO PriceEOD (InstrumentId, PriceDate, ClosePrice) VALUES ('INS-BD-002', '2025-02-02', 104.33);
INSERT INTO PriceEOD (InstrumentId, PriceDate, ClosePrice) VALUES ('INS-BD-002', '2025-02-03', 103.44);
INSERT INTO PriceEOD (InstrumentId, PriceDate, ClosePrice) VALUES ('INS-BD-002', '2025-02-04', 103.73);
INSERT INTO PriceEOD (InstrumentId, PriceDate, ClosePrice) VALUES ('INS-BD-002', '2025-02-05', 103.64);
INSERT INTO PriceEOD (InstrumentId, PriceDate, ClosePrice) VALUES ('INS-BD-002', '2025-02-06', 104.71);
INSERT INTO PriceEOD (InstrumentId, PriceDate, ClosePrice) VALUES ('INS-BD-002', '2025-02-07', 103.88);
INSERT INTO PriceEOD (InstrumentId, PriceDate, ClosePrice) VALUES ('INS-BD-002', '2025-02-08', 104.09);
INSERT INTO PriceEOD (InstrumentId, PriceDate, ClosePrice) VALUES ('INS-BD-002', '2025-02-09', 103.61);
INSERT INTO PriceEOD (InstrumentId, PriceDate, ClosePrice) VALUES ('INS-BD-002', '2025-02-10', 104.58);
INSERT INTO PriceEOD (InstrumentId, PriceDate, ClosePrice) VALUES ('INS-BD-002', '2025-02-11', 104.46);
INSERT INTO PriceEOD (InstrumentId, PriceDate, ClosePrice) VALUES ('INS-BD-002', '2025-02-12', 104.17);
INSERT INTO PriceEOD (InstrumentId, PriceDate, ClosePrice) VALUES ('INS-BD-002', '2025-02-13', 104.41);
INSERT INTO PriceEOD (InstrumentId, PriceDate, ClosePrice) VALUES ('INS-BD-002', '2025-02-14', 103.52);
INSERT INTO PriceEOD (InstrumentId, PriceDate, ClosePrice) VALUES ('INS-BD-002', '2025-02-15', 103.71);
INSERT INTO PriceEOD (InstrumentId, PriceDate, ClosePrice) VALUES ('INS-BD-002', '2025-02-16', 104.01);
INSERT INTO PriceEOD (InstrumentId, PriceDate, ClosePrice) VALUES ('INS-BD-002', '2025-02-17', 103.11);
INSERT INTO PriceEOD (InstrumentId, PriceDate, ClosePrice) VALUES ('INS-BD-002', '2025-02-18', 103.29);
INSERT INTO PriceEOD (InstrumentId, PriceDate, ClosePrice) VALUES ('INS-BD-002', '2025-02-19', 104.22);
INSERT INTO PriceEOD (InstrumentId, PriceDate, ClosePrice) VALUES ('INS-BD-002', '2025-02-20', 104.28);
INSERT INTO PriceEOD (InstrumentId, PriceDate, ClosePrice) VALUES ('INS-BD-002', '2025-02-21', 103.81);
INSERT INTO PriceEOD (InstrumentId, PriceDate, ClosePrice) VALUES ('INS-BD-002', '2025-02-22', 104.45);
INSERT INTO PriceEOD (InstrumentId, PriceDate, ClosePrice) VALUES ('INS-BD-002', '2025-02-23', 103.93);
INSERT INTO PriceEOD (InstrumentId, PriceDate, ClosePrice) VALUES ('INS-BD-002', '2025-02-24', 103.80);
INSERT INTO PriceEOD (InstrumentId, PriceDate, ClosePrice) VALUES ('INS-BD-002', '2025-02-25', 103.35);
INSERT INTO PriceEOD (InstrumentId, PriceDate, ClosePrice) VALUES ('INS-BD-002', '2025-02-26', 102.76);
INSERT INTO PriceEOD (InstrumentId, PriceDate, ClosePrice) VALUES ('INS-BD-002', '2025-02-27', 102.20);
INSERT INTO PriceEOD (InstrumentId, PriceDate, ClosePrice) VALUES ('INS-BD-002', '2025-02-28', 103.08);
INSERT INTO PriceEOD (InstrumentId, PriceDate, ClosePrice) VALUES ('INS-BD-002', '2025-03-01', 104.04);
INSERT INTO PriceEOD (InstrumentId, PriceDate, ClosePrice) VALUES ('INS-BD-002', '2025-03-02', 105.14);
INSERT INTO PriceEOD (InstrumentId, PriceDate, ClosePrice) VALUES ('INS-BD-002', '2025-03-03', 106.39);
INSERT INTO PriceEOD (InstrumentId, PriceDate, ClosePrice) VALUES ('INS-BD-002', '2025-03-04', 106.07);
INSERT INTO PriceEOD (InstrumentId, PriceDate, ClosePrice) VALUES ('INS-BD-002', '2025-03-05', 105.83);
INSERT INTO PriceEOD (InstrumentId, PriceDate, ClosePrice) VALUES ('INS-BD-002', '2025-03-06', 104.92);
INSERT INTO PriceEOD (InstrumentId, PriceDate, ClosePrice) VALUES ('INS-BD-002', '2025-03-07', 105.02);
INSERT INTO PriceEOD (InstrumentId, PriceDate, ClosePrice) VALUES ('INS-BD-002', '2025-03-08', 104.42);
INSERT INTO PriceEOD (InstrumentId, PriceDate, ClosePrice) VALUES ('INS-BD-002', '2025-03-09', 103.46);
INSERT INTO PriceEOD (InstrumentId, PriceDate, ClosePrice) VALUES ('INS-BD-002', '2025-03-10', 103.82);
INSERT INTO PriceEOD (InstrumentId, PriceDate, ClosePrice) VALUES ('INS-BD-002', '2025-03-11', 104.37);
INSERT INTO PriceEOD (InstrumentId, PriceDate, ClosePrice) VALUES ('INS-BD-002', '2025-03-12', 104.22);
INSERT INTO PriceEOD (InstrumentId, PriceDate, ClosePrice) VALUES ('INS-BD-002', '2025-03-13', 104.35);
INSERT INTO PriceEOD (InstrumentId, PriceDate, ClosePrice) VALUES ('INS-BD-002', '2025-03-14', 104.77);
INSERT INTO PriceEOD (InstrumentId, PriceDate, ClosePrice) VALUES ('INS-BD-002', '2025-03-15', 104.03);
INSERT INTO PriceEOD (InstrumentId, PriceDate, ClosePrice) VALUES ('INS-BD-002', '2025-03-16', 104.71);
INSERT INTO PriceEOD (InstrumentId, PriceDate, ClosePrice) VALUES ('INS-BD-002', '2025-03-17', 104.33);
INSERT INTO PriceEOD (InstrumentId, PriceDate, ClosePrice) VALUES ('INS-BD-002', '2025-03-18', 105.08);
INSERT INTO PriceEOD (InstrumentId, PriceDate, ClosePrice) VALUES ('INS-BD-002', '2025-03-19', 104.29);
INSERT INTO PriceEOD (InstrumentId, PriceDate, ClosePrice) VALUES ('INS-BD-002', '2025-03-20', 103.58);
INSERT INTO PriceEOD (InstrumentId, PriceDate, ClosePrice) VALUES ('INS-BD-002', '2025-03-21', 103.67);
INSERT INTO PriceEOD (InstrumentId, PriceDate, ClosePrice) VALUES ('INS-BD-002', '2025-03-22', 104.34);
INSERT INTO PriceEOD (InstrumentId, PriceDate, ClosePrice) VALUES ('INS-BD-002', '2025-03-23', 103.88);
INSERT INTO PriceEOD (InstrumentId, PriceDate, ClosePrice) VALUES ('INS-BD-002', '2025-03-24', 103.96);
INSERT INTO PriceEOD (InstrumentId, PriceDate, ClosePrice) VALUES ('INS-BD-002', '2025-03-25', 103.15);
INSERT INTO PriceEOD (InstrumentId, PriceDate, ClosePrice) VALUES ('INS-BD-002', '2025-03-26', 102.32);
INSERT INTO PriceEOD (InstrumentId, PriceDate, ClosePrice) VALUES ('INS-BD-002', '2025-03-27', 103.21);
INSERT INTO PriceEOD (InstrumentId, PriceDate, ClosePrice) VALUES ('INS-BD-002', '2025-03-28', 103.63);
INSERT INTO PriceEOD (InstrumentId, PriceDate, ClosePrice) VALUES ('INS-BD-002', '2025-03-29', 103.26);
INSERT INTO PriceEOD (InstrumentId, PriceDate, ClosePrice) VALUES ('INS-BD-002', '2025-03-30', 102.47);
INSERT INTO PriceEOD (InstrumentId, PriceDate, ClosePrice) VALUES ('INS-BD-002', '2025-03-31', 101.51);
INSERT INTO PriceEOD (InstrumentId, PriceDate, ClosePrice) VALUES ('INS-EQ-003', '2025-01-01', 219.41);
INSERT INTO PriceEOD (InstrumentId, PriceDate, ClosePrice) VALUES ('INS-EQ-003', '2025-01-02', 220.04);
INSERT INTO PriceEOD (InstrumentId, PriceDate, ClosePrice) VALUES ('INS-EQ-003', '2025-01-03', 221.66);
INSERT INTO PriceEOD (InstrumentId, PriceDate, ClosePrice) VALUES ('INS-EQ-003', '2025-01-04', 221.66);
INSERT INTO PriceEOD (InstrumentId, PriceDate, ClosePrice) VALUES ('INS-EQ-003', '2025-01-05', 223.92);
INSERT INTO PriceEOD (InstrumentId, PriceDate, ClosePrice) VALUES ('INS-EQ-003', '2025-01-06', 226.51);
INSERT INTO PriceEOD (InstrumentId, PriceDate, ClosePrice) VALUES ('INS-EQ-003', '2025-01-07', 226.19);
INSERT INTO PriceEOD (InstrumentId, PriceDate, ClosePrice) VALUES ('INS-EQ-003', '2025-01-08', 226.65);
INSERT INTO PriceEOD (InstrumentId, PriceDate, ClosePrice) VALUES ('INS-EQ-003', '2025-01-09', 226.08);
INSERT INTO PriceEOD (InstrumentId, PriceDate, ClosePrice) VALUES ('INS-EQ-003', '2025-01-10', 226.87);
INSERT INTO PriceEOD (InstrumentId, PriceDate, ClosePrice) VALUES ('INS-EQ-003', '2025-01-11', 226.74);
INSERT INTO PriceEOD (InstrumentId, PriceDate, ClosePrice) VALUES ('INS-EQ-003', '2025-01-12', 225.99);
INSERT INTO PriceEOD (InstrumentId, PriceDate, ClosePrice) VALUES ('INS-EQ-003', '2025-01-13', 225.60);
INSERT INTO PriceEOD (InstrumentId, PriceDate, ClosePrice) VALUES ('INS-EQ-003', '2025-01-14', 227.32);
INSERT INTO PriceEOD (InstrumentId, PriceDate, ClosePrice) VALUES ('INS-EQ-003', '2025-01-15', 229.83);
INSERT INTO PriceEOD (InstrumentId, PriceDate, ClosePrice) VALUES ('INS-EQ-003', '2025-01-16', 229.10);
INSERT INTO PriceEOD (InstrumentId, PriceDate, ClosePrice) VALUES ('INS-EQ-003', '2025-01-17', 230.64);
INSERT INTO PriceEOD (InstrumentId, PriceDate, ClosePrice) VALUES ('INS-EQ-003', '2025-01-18', 231.13);
INSERT INTO PriceEOD (InstrumentId, PriceDate, ClosePrice) VALUES ('INS-EQ-003', '2025-01-19', 231.71);
INSERT INTO PriceEOD (InstrumentId, PriceDate, ClosePrice) VALUES ('INS-EQ-003', '2025-01-20', 233.49);
INSERT INTO PriceEOD (InstrumentId, PriceDate, ClosePrice) VALUES ('INS-EQ-003', '2025-01-21', 231.29);
INSERT INTO PriceEOD (InstrumentId, PriceDate, ClosePrice) VALUES ('INS-EQ-003', '2025-01-22', 233.42);
INSERT INTO PriceEOD (InstrumentId, PriceDate, ClosePrice) VALUES ('INS-EQ-003', '2025-01-23', 233.90);
INSERT INTO PriceEOD (InstrumentId, PriceDate, ClosePrice) VALUES ('INS-EQ-003', '2025-01-24', 235.82);
INSERT INTO PriceEOD (InstrumentId, PriceDate, ClosePrice) VALUES ('INS-EQ-003', '2025-01-25', 235.38);
INSERT INTO PriceEOD (InstrumentId, PriceDate, ClosePrice) VALUES ('INS-EQ-003', '2025-01-26', 233.09);
INSERT INTO PriceEOD (InstrumentId, PriceDate, ClosePrice) VALUES ('INS-EQ-003', '2025-01-27', 233.28);
INSERT INTO PriceEOD (InstrumentId, PriceDate, ClosePrice) VALUES ('INS-EQ-003', '2025-01-28', 231.74);
INSERT INTO PriceEOD (InstrumentId, PriceDate, ClosePrice) VALUES ('INS-EQ-003', '2025-01-29', 233.61);
INSERT INTO PriceEOD (InstrumentId, PriceDate, ClosePrice) VALUES ('INS-EQ-003', '2025-01-30', 231.66);
INSERT INTO PriceEOD (InstrumentId, PriceDate, ClosePrice) VALUES ('INS-EQ-003', '2025-01-31', 232.75);
INSERT INTO PriceEOD (InstrumentId, PriceDate, ClosePrice) VALUES ('INS-EQ-003', '2025-02-01', 233.45);
INSERT INTO PriceEOD (InstrumentId, PriceDate, ClosePrice) VALUES ('INS-EQ-003', '2025-02-02', 232.28);
INSERT INTO PriceEOD (InstrumentId, PriceDate, ClosePrice) VALUES ('INS-EQ-003', '2025-02-03', 235.06);
INSERT INTO PriceEOD (InstrumentId, PriceDate, ClosePrice) VALUES ('INS-EQ-003', '2025-02-04', 236.56);
INSERT INTO PriceEOD (InstrumentId, PriceDate, ClosePrice) VALUES ('INS-EQ-003', '2025-02-05', 236.09);
INSERT INTO PriceEOD (InstrumentId, PriceDate, ClosePrice) VALUES ('INS-EQ-003', '2025-02-06', 235.75);
INSERT INTO PriceEOD (InstrumentId, PriceDate, ClosePrice) VALUES ('INS-EQ-003', '2025-02-07', 235.96);
INSERT INTO PriceEOD (InstrumentId, PriceDate, ClosePrice) VALUES ('INS-EQ-003', '2025-02-08', 236.27);
INSERT INTO PriceEOD (InstrumentId, PriceDate, ClosePrice) VALUES ('INS-EQ-003', '2025-02-09', 237.78);
INSERT INTO PriceEOD (InstrumentId, PriceDate, ClosePrice) VALUES ('INS-EQ-003', '2025-02-10', 238.45);
INSERT INTO PriceEOD (InstrumentId, PriceDate, ClosePrice) VALUES ('INS-EQ-003', '2025-02-11', 240.67);
INSERT INTO PriceEOD (InstrumentId, PriceDate, ClosePrice) VALUES ('INS-EQ-003', '2025-02-12', 242.08);
INSERT INTO PriceEOD (InstrumentId, PriceDate, ClosePrice) VALUES ('INS-EQ-003', '2025-02-13', 244.24);
INSERT INTO PriceEOD (InstrumentId, PriceDate, ClosePrice) VALUES ('INS-EQ-003', '2025-02-14', 246.40);
INSERT INTO PriceEOD (InstrumentId, PriceDate, ClosePrice) VALUES ('INS-EQ-003', '2025-02-15', 244.13);
INSERT INTO PriceEOD (InstrumentId, PriceDate, ClosePrice) VALUES ('INS-EQ-003', '2025-02-16', 244.32);
INSERT INTO PriceEOD (InstrumentId, PriceDate, ClosePrice) VALUES ('INS-EQ-003', '2025-02-17', 247.19);
INSERT INTO PriceEOD (InstrumentId, PriceDate, ClosePrice) VALUES ('INS-EQ-003', '2025-02-18', 248.48);
INSERT INTO PriceEOD (InstrumentId, PriceDate, ClosePrice) VALUES ('INS-EQ-003', '2025-02-19', 247.28);
INSERT INTO PriceEOD (InstrumentId, PriceDate, ClosePrice) VALUES ('INS-EQ-003', '2025-02-20', 249.46);
INSERT INTO PriceEOD (InstrumentId, PriceDate, ClosePrice) VALUES ('INS-EQ-003', '2025-02-21', 247.61);
INSERT INTO PriceEOD (InstrumentId, PriceDate, ClosePrice) VALUES ('INS-EQ-003', '2025-02-22', 248.97);
INSERT INTO PriceEOD (InstrumentId, PriceDate, ClosePrice) VALUES ('INS-EQ-003', '2025-02-23', 248.19);
INSERT INTO PriceEOD (InstrumentId, PriceDate, ClosePrice) VALUES ('INS-EQ-003', '2025-02-24', 250.56);
INSERT INTO PriceEOD (InstrumentId, PriceDate, ClosePrice) VALUES ('INS-EQ-003', '2025-02-25', 252.87);
INSERT INTO PriceEOD (InstrumentId, PriceDate, ClosePrice) VALUES ('INS-EQ-003', '2025-02-26', 252.24);
INSERT INTO PriceEOD (InstrumentId, PriceDate, ClosePrice) VALUES ('INS-EQ-003', '2025-02-27', 252.43);
INSERT INTO PriceEOD (InstrumentId, PriceDate, ClosePrice) VALUES ('INS-EQ-003', '2025-02-28', 251.04);
INSERT INTO PriceEOD (InstrumentId, PriceDate, ClosePrice) VALUES ('INS-EQ-003', '2025-03-01', 251.41);
INSERT INTO PriceEOD (InstrumentId, PriceDate, ClosePrice) VALUES ('INS-EQ-003', '2025-03-02', 250.10);
INSERT INTO PriceEOD (InstrumentId, PriceDate, ClosePrice) VALUES ('INS-EQ-003', '2025-03-03', 247.86);
INSERT INTO PriceEOD (InstrumentId, PriceDate, ClosePrice) VALUES ('INS-EQ-003', '2025-03-04', 245.93);
INSERT INTO PriceEOD (InstrumentId, PriceDate, ClosePrice) VALUES ('INS-EQ-003', '2025-03-05', 246.13);
INSERT INTO PriceEOD (InstrumentId, PriceDate, ClosePrice) VALUES ('INS-EQ-003', '2025-03-06', 248.48);
INSERT INTO PriceEOD (InstrumentId, PriceDate, ClosePrice) VALUES ('INS-EQ-003', '2025-03-07', 249.79);
INSERT INTO PriceEOD (InstrumentId, PriceDate, ClosePrice) VALUES ('INS-EQ-003', '2025-03-08', 247.82);
INSERT INTO PriceEOD (InstrumentId, PriceDate, ClosePrice) VALUES ('INS-EQ-003', '2025-03-09', 248.08);
INSERT INTO PriceEOD (InstrumentId, PriceDate, ClosePrice) VALUES ('INS-EQ-003', '2025-03-10', 250.65);
INSERT INTO PriceEOD (InstrumentId, PriceDate, ClosePrice) VALUES ('INS-EQ-003', '2025-03-11', 251.18);
INSERT INTO PriceEOD (InstrumentId, PriceDate, ClosePrice) VALUES ('INS-EQ-003', '2025-03-12', 252.92);
INSERT INTO PriceEOD (InstrumentId, PriceDate, ClosePrice) VALUES ('INS-EQ-003', '2025-03-13', 252.38);
INSERT INTO PriceEOD (InstrumentId, PriceDate, ClosePrice) VALUES ('INS-EQ-003', '2025-03-14', 252.59);
INSERT INTO PriceEOD (InstrumentId, PriceDate, ClosePrice) VALUES ('INS-EQ-003', '2025-03-15', 250.90);
INSERT INTO PriceEOD (InstrumentId, PriceDate, ClosePrice) VALUES ('INS-EQ-003', '2025-03-16', 248.69);
INSERT INTO PriceEOD (InstrumentId, PriceDate, ClosePrice) VALUES ('INS-EQ-003', '2025-03-17', 248.08);
INSERT INTO PriceEOD (InstrumentId, PriceDate, ClosePrice) VALUES ('INS-EQ-003', '2025-03-18', 246.70);
INSERT INTO PriceEOD (InstrumentId, PriceDate, ClosePrice) VALUES ('INS-EQ-003', '2025-03-19', 244.65);
INSERT INTO PriceEOD (InstrumentId, PriceDate, ClosePrice) VALUES ('INS-EQ-003', '2025-03-20', 246.06);
INSERT INTO PriceEOD (InstrumentId, PriceDate, ClosePrice) VALUES ('INS-EQ-003', '2025-03-21', 246.57);
INSERT INTO PriceEOD (InstrumentId, PriceDate, ClosePrice) VALUES ('INS-EQ-003', '2025-03-22', 244.67);
INSERT INTO PriceEOD (InstrumentId, PriceDate, ClosePrice) VALUES ('INS-EQ-003', '2025-03-23', 245.31);
INSERT INTO PriceEOD (InstrumentId, PriceDate, ClosePrice) VALUES ('INS-EQ-003', '2025-03-24', 244.89);
INSERT INTO PriceEOD (InstrumentId, PriceDate, ClosePrice) VALUES ('INS-EQ-003', '2025-03-25', 246.37);
INSERT INTO PriceEOD (InstrumentId, PriceDate, ClosePrice) VALUES ('INS-EQ-003', '2025-03-26', 249.08);
INSERT INTO PriceEOD (InstrumentId, PriceDate, ClosePrice) VALUES ('INS-EQ-003', '2025-03-27', 251.50);
INSERT INTO PriceEOD (InstrumentId, PriceDate, ClosePrice) VALUES ('INS-EQ-003', '2025-03-28', 250.85);
INSERT INTO PriceEOD (InstrumentId, PriceDate, ClosePrice) VALUES ('INS-EQ-003', '2025-03-29', 251.28);
INSERT INTO PriceEOD (InstrumentId, PriceDate, ClosePrice) VALUES ('INS-EQ-003', '2025-03-30', 249.80);
INSERT INTO PriceEOD (InstrumentId, PriceDate, ClosePrice) VALUES ('INS-EQ-003', '2025-03-31', 251.51);
INSERT INTO PriceEOD (InstrumentId, PriceDate, ClosePrice) VALUES ('INS-BD-003', '2025-01-01', 150.33);
INSERT INTO PriceEOD (InstrumentId, PriceDate, ClosePrice) VALUES ('INS-BD-003', '2025-01-02', 150.98);
INSERT INTO PriceEOD (InstrumentId, PriceDate, ClosePrice) VALUES ('INS-BD-003', '2025-01-03', 152.15);
INSERT INTO PriceEOD (InstrumentId, PriceDate, ClosePrice) VALUES ('INS-BD-003', '2025-01-04', 153.13);
INSERT INTO PriceEOD (InstrumentId, PriceDate, ClosePrice) VALUES ('INS-BD-003', '2025-01-05', 153.46);
INSERT INTO PriceEOD (InstrumentId, PriceDate, ClosePrice) VALUES ('INS-BD-003', '2025-01-06', 155.12);
INSERT INTO PriceEOD (InstrumentId, PriceDate, ClosePrice) VALUES ('INS-BD-003', '2025-01-07', 156.09);
INSERT INTO PriceEOD (InstrumentId, PriceDate, ClosePrice) VALUES ('INS-BD-003', '2025-01-08', 155.99);
INSERT INTO PriceEOD (InstrumentId, PriceDate, ClosePrice) VALUES ('INS-BD-003', '2025-01-09', 155.52);
INSERT INTO PriceEOD (InstrumentId, PriceDate, ClosePrice) VALUES ('INS-BD-003', '2025-01-10', 156.66);
INSERT INTO PriceEOD (InstrumentId, PriceDate, ClosePrice) VALUES ('INS-BD-003', '2025-01-11', 155.15);
INSERT INTO PriceEOD (InstrumentId, PriceDate, ClosePrice) VALUES ('INS-BD-003', '2025-01-12', 156.47);
INSERT INTO PriceEOD (InstrumentId, PriceDate, ClosePrice) VALUES ('INS-BD-003', '2025-01-13', 155.05);
INSERT INTO PriceEOD (InstrumentId, PriceDate, ClosePrice) VALUES ('INS-BD-003', '2025-01-14', 155.66);
INSERT INTO PriceEOD (InstrumentId, PriceDate, ClosePrice) VALUES ('INS-BD-003', '2025-01-15', 155.90);
INSERT INTO PriceEOD (InstrumentId, PriceDate, ClosePrice) VALUES ('INS-BD-003', '2025-01-16', 154.68);
INSERT INTO PriceEOD (InstrumentId, PriceDate, ClosePrice) VALUES ('INS-BD-003', '2025-01-17', 154.54);
INSERT INTO PriceEOD (InstrumentId, PriceDate, ClosePrice) VALUES ('INS-BD-003', '2025-01-18', 154.51);
INSERT INTO PriceEOD (InstrumentId, PriceDate, ClosePrice) VALUES ('INS-BD-003', '2025-01-19', 153.00);
INSERT INTO PriceEOD (InstrumentId, PriceDate, ClosePrice) VALUES ('INS-BD-003', '2025-01-20', 153.30);
INSERT INTO PriceEOD (InstrumentId, PriceDate, ClosePrice) VALUES ('INS-BD-003', '2025-01-21', 152.92);
INSERT INTO PriceEOD (InstrumentId, PriceDate, ClosePrice) VALUES ('INS-BD-003', '2025-01-22', 152.15);
INSERT INTO PriceEOD (InstrumentId, PriceDate, ClosePrice) VALUES ('INS-BD-003', '2025-01-23', 152.83);
INSERT INTO PriceEOD (InstrumentId, PriceDate, ClosePrice) VALUES ('INS-BD-003', '2025-01-24', 154.35);
INSERT INTO PriceEOD (InstrumentId, PriceDate, ClosePrice) VALUES ('INS-BD-003', '2025-01-25', 153.81);
INSERT INTO PriceEOD (InstrumentId, PriceDate, ClosePrice) VALUES ('INS-BD-003', '2025-01-26', 152.39);
INSERT INTO PriceEOD (InstrumentId, PriceDate, ClosePrice) VALUES ('INS-BD-003', '2025-01-27', 153.66);
INSERT INTO PriceEOD (InstrumentId, PriceDate, ClosePrice) VALUES ('INS-BD-003', '2025-01-28', 152.58);
INSERT INTO PriceEOD (InstrumentId, PriceDate, ClosePrice) VALUES ('INS-BD-003', '2025-01-29', 153.51);
INSERT INTO PriceEOD (InstrumentId, PriceDate, ClosePrice) VALUES ('INS-BD-003', '2025-01-30', 154.03);
INSERT INTO PriceEOD (InstrumentId, PriceDate, ClosePrice) VALUES ('INS-BD-003', '2025-01-31', 152.87);
INSERT INTO PriceEOD (InstrumentId, PriceDate, ClosePrice) VALUES ('INS-BD-003', '2025-02-01', 154.13);
INSERT INTO PriceEOD (InstrumentId, PriceDate, ClosePrice) VALUES ('INS-BD-003', '2025-02-02', 153.45);
INSERT INTO PriceEOD (InstrumentId, PriceDate, ClosePrice) VALUES ('INS-BD-003', '2025-02-03', 154.47);
INSERT INTO PriceEOD (InstrumentId, PriceDate, ClosePrice) VALUES ('INS-BD-003', '2025-02-04', 154.99);
INSERT INTO PriceEOD (InstrumentId, PriceDate, ClosePrice) VALUES ('INS-BD-003', '2025-02-05', 154.15);
INSERT INTO PriceEOD (InstrumentId, PriceDate, ClosePrice) VALUES ('INS-BD-003', '2025-02-06', 154.77);
INSERT INTO PriceEOD (InstrumentId, PriceDate, ClosePrice) VALUES ('INS-BD-003', '2025-02-07', 156.47);
INSERT INTO PriceEOD (InstrumentId, PriceDate, ClosePrice) VALUES ('INS-BD-003', '2025-02-08', 156.44);
INSERT INTO PriceEOD (InstrumentId, PriceDate, ClosePrice) VALUES ('INS-BD-003', '2025-02-09', 156.61);
INSERT INTO PriceEOD (InstrumentId, PriceDate, ClosePrice) VALUES ('INS-BD-003', '2025-02-10', 158.15);
INSERT INTO PriceEOD (InstrumentId, PriceDate, ClosePrice) VALUES ('INS-BD-003', '2025-02-11', 157.83);
INSERT INTO PriceEOD (InstrumentId, PriceDate, ClosePrice) VALUES ('INS-BD-003', '2025-02-12', 157.97);
INSERT INTO PriceEOD (InstrumentId, PriceDate, ClosePrice) VALUES ('INS-BD-003', '2025-02-13', 156.39);
INSERT INTO PriceEOD (InstrumentId, PriceDate, ClosePrice) VALUES ('INS-BD-003', '2025-02-14', 155.92);
INSERT INTO PriceEOD (InstrumentId, PriceDate, ClosePrice) VALUES ('INS-BD-003', '2025-02-15', 155.93);
INSERT INTO PriceEOD (InstrumentId, PriceDate, ClosePrice) VALUES ('INS-BD-003', '2025-02-16', 156.78);
INSERT INTO PriceEOD (InstrumentId, PriceDate, ClosePrice) VALUES ('INS-BD-003', '2025-02-17', 155.98);
INSERT INTO PriceEOD (InstrumentId, PriceDate, ClosePrice) VALUES ('INS-BD-003', '2025-02-18', 156.56);
INSERT INTO PriceEOD (InstrumentId, PriceDate, ClosePrice) VALUES ('INS-BD-003', '2025-02-19', 155.31);
INSERT INTO PriceEOD (InstrumentId, PriceDate, ClosePrice) VALUES ('INS-BD-003', '2025-02-20', 154.21);
INSERT INTO PriceEOD (InstrumentId, PriceDate, ClosePrice) VALUES ('INS-BD-003', '2025-02-21', 153.75);
INSERT INTO PriceEOD (InstrumentId, PriceDate, ClosePrice) VALUES ('INS-BD-003', '2025-02-22', 153.49);
INSERT INTO PriceEOD (InstrumentId, PriceDate, ClosePrice) VALUES ('INS-BD-003', '2025-02-23', 154.03);
INSERT INTO PriceEOD (InstrumentId, PriceDate, ClosePrice) VALUES ('INS-BD-003', '2025-02-24', 154.61);
INSERT INTO PriceEOD (InstrumentId, PriceDate, ClosePrice) VALUES ('INS-BD-003', '2025-02-25', 153.43);
INSERT INTO PriceEOD (InstrumentId, PriceDate, ClosePrice) VALUES ('INS-BD-003', '2025-02-26', 154.41);
INSERT INTO PriceEOD (InstrumentId, PriceDate, ClosePrice) VALUES ('INS-BD-003', '2025-02-27', 155.74);
INSERT INTO PriceEOD (InstrumentId, PriceDate, ClosePrice) VALUES ('INS-BD-003', '2025-02-28', 155.55);
INSERT INTO PriceEOD (InstrumentId, PriceDate, ClosePrice) VALUES ('INS-BD-003', '2025-03-01', 155.30);
INSERT INTO PriceEOD (InstrumentId, PriceDate, ClosePrice) VALUES ('INS-BD-003', '2025-03-02', 155.38);
INSERT INTO PriceEOD (InstrumentId, PriceDate, ClosePrice) VALUES ('INS-BD-003', '2025-03-03', 156.55);
INSERT INTO PriceEOD (InstrumentId, PriceDate, ClosePrice) VALUES ('INS-BD-003', '2025-03-04', 156.64);
INSERT INTO PriceEOD (InstrumentId, PriceDate, ClosePrice) VALUES ('INS-BD-003', '2025-03-05', 156.47);
INSERT INTO PriceEOD (InstrumentId, PriceDate, ClosePrice) VALUES ('INS-BD-003', '2025-03-06', 157.19);
INSERT INTO PriceEOD (InstrumentId, PriceDate, ClosePrice) VALUES ('INS-BD-003', '2025-03-07', 156.88);
INSERT INTO PriceEOD (InstrumentId, PriceDate, ClosePrice) VALUES ('INS-BD-003', '2025-03-08', 155.67);
INSERT INTO PriceEOD (InstrumentId, PriceDate, ClosePrice) VALUES ('INS-BD-003', '2025-03-09', 155.80);
INSERT INTO PriceEOD (InstrumentId, PriceDate, ClosePrice) VALUES ('INS-BD-003', '2025-03-10', 155.08);
INSERT INTO PriceEOD (InstrumentId, PriceDate, ClosePrice) VALUES ('INS-BD-003', '2025-03-11', 154.42);
INSERT INTO PriceEOD (InstrumentId, PriceDate, ClosePrice) VALUES ('INS-BD-003', '2025-03-12', 155.96);
INSERT INTO PriceEOD (InstrumentId, PriceDate, ClosePrice) VALUES ('INS-BD-003', '2025-03-13', 156.11);
INSERT INTO PriceEOD (InstrumentId, PriceDate, ClosePrice) VALUES ('INS-BD-003', '2025-03-14', 155.33);
INSERT INTO PriceEOD (InstrumentId, PriceDate, ClosePrice) VALUES ('INS-BD-003', '2025-03-15', 155.68);
INSERT INTO PriceEOD (InstrumentId, PriceDate, ClosePrice) VALUES ('INS-BD-003', '2025-03-16', 157.32);
INSERT INTO PriceEOD (InstrumentId, PriceDate, ClosePrice) VALUES ('INS-BD-003', '2025-03-17', 155.82);
INSERT INTO PriceEOD (InstrumentId, PriceDate, ClosePrice) VALUES ('INS-BD-003', '2025-03-18', 157.13);
INSERT INTO PriceEOD (InstrumentId, PriceDate, ClosePrice) VALUES ('INS-BD-003', '2025-03-19', 157.40);
INSERT INTO PriceEOD (InstrumentId, PriceDate, ClosePrice) VALUES ('INS-BD-003', '2025-03-20', 156.16);
INSERT INTO PriceEOD (InstrumentId, PriceDate, ClosePrice) VALUES ('INS-BD-003', '2025-03-21', 156.03);
INSERT INTO PriceEOD (InstrumentId, PriceDate, ClosePrice) VALUES ('INS-BD-003', '2025-03-22', 156.31);
INSERT INTO PriceEOD (InstrumentId, PriceDate, ClosePrice) VALUES ('INS-BD-003', '2025-03-23', 155.88);
INSERT INTO PriceEOD (InstrumentId, PriceDate, ClosePrice) VALUES ('INS-BD-003', '2025-03-24', 156.50);
INSERT INTO PriceEOD (InstrumentId, PriceDate, ClosePrice) VALUES ('INS-BD-003', '2025-03-25', 155.03);
INSERT INTO PriceEOD (InstrumentId, PriceDate, ClosePrice) VALUES ('INS-BD-003', '2025-03-26', 154.73);
INSERT INTO PriceEOD (InstrumentId, PriceDate, ClosePrice) VALUES ('INS-BD-003', '2025-03-27', 154.95);
INSERT INTO PriceEOD (InstrumentId, PriceDate, ClosePrice) VALUES ('INS-BD-003', '2025-03-28', 155.04);
INSERT INTO PriceEOD (InstrumentId, PriceDate, ClosePrice) VALUES ('INS-BD-003', '2025-03-29', 155.88);
INSERT INTO PriceEOD (InstrumentId, PriceDate, ClosePrice) VALUES ('INS-BD-003', '2025-03-30', 154.55);
INSERT INTO PriceEOD (InstrumentId, PriceDate, ClosePrice) VALUES ('INS-BD-003', '2025-03-31', 155.06);

-- Holding
INSERT INTO Holding (HoldingId, FundId, InstrumentId, HoldingDate, Quantity) VALUES ('HLD00001', 'FUND-NEQ', 'INS-EQ-001', '2025-03-31', 16000);
INSERT INTO Holding (HoldingId, FundId, InstrumentId, HoldingDate, Quantity) VALUES ('HLD00002', 'FUND-NEQ', 'INS-EQ-002', '2025-03-31', 38000);
INSERT INTO Holding (HoldingId, FundId, InstrumentId, HoldingDate, Quantity) VALUES ('HLD00003', 'FUND-GBD', 'INS-BD-001', '2025-03-31', 8000);
INSERT INTO Holding (HoldingId, FundId, InstrumentId, HoldingDate, Quantity) VALUES ('HLD00004', 'FUND-GBD', 'INS-BD-002', '2025-03-31', 42000);
INSERT INTO Holding (HoldingId, FundId, InstrumentId, HoldingDate, Quantity) VALUES ('HLD00005', 'FUND-BAL', 'INS-EQ-003', '2025-03-31', 27000);
INSERT INTO Holding (HoldingId, FundId, InstrumentId, HoldingDate, Quantity) VALUES ('HLD00006', 'FUND-BAL', 'INS-BD-003', '2025-03-31', 18000);

-- Valuation (NAV) -- NetAssetValue is the official daily NAV per share class
INSERT INTO Valuation (ValuationId, ShareClassId, AsOfDate, NetAssetValue) VALUES ('VAL00001', 'SC-NEQ-A', '2025-01-01', 9312861.90);
INSERT INTO Valuation (ValuationId, ShareClassId, AsOfDate, NetAssetValue) VALUES ('VAL00002', 'SC-NEQ-A', '2025-01-02', 9310323.00);
INSERT INTO Valuation (ValuationId, ShareClassId, AsOfDate, NetAssetValue) VALUES ('VAL00003', 'SC-NEQ-A', '2025-01-03', 9278414.70);
INSERT INTO Valuation (ValuationId, ShareClassId, AsOfDate, NetAssetValue) VALUES ('VAL00004', 'SC-NEQ-A', '2025-01-04', 9260121.60);
INSERT INTO Valuation (ValuationId, ShareClassId, AsOfDate, NetAssetValue) VALUES ('VAL00005', 'SC-NEQ-A', '2025-01-05', 9249445.20);
INSERT INTO Valuation (ValuationId, ShareClassId, AsOfDate, NetAssetValue) VALUES ('VAL00006', 'SC-NEQ-A', '2025-01-06', 9275429.40);
INSERT INTO Valuation (ValuationId, ShareClassId, AsOfDate, NetAssetValue) VALUES ('VAL00007', 'SC-NEQ-A', '2025-01-07', 9289072.50);
INSERT INTO Valuation (ValuationId, ShareClassId, AsOfDate, NetAssetValue) VALUES ('VAL00008', 'SC-NEQ-A', '2025-01-08', 9271774.50);
INSERT INTO Valuation (ValuationId, ShareClassId, AsOfDate, NetAssetValue) VALUES ('VAL00009', 'SC-NEQ-A', '2025-01-09', 9309634.80);
INSERT INTO Valuation (ValuationId, ShareClassId, AsOfDate, NetAssetValue) VALUES ('VAL00010', 'SC-NEQ-A', '2025-01-10', 9301339.20);
INSERT INTO Valuation (ValuationId, ShareClassId, AsOfDate, NetAssetValue) VALUES ('VAL00011', 'SC-NEQ-A', '2025-01-11', 9314963.70);
INSERT INTO Valuation (ValuationId, ShareClassId, AsOfDate, NetAssetValue) VALUES ('VAL00012', 'SC-NEQ-A', '2025-01-12', 9354107.40);
INSERT INTO Valuation (ValuationId, ShareClassId, AsOfDate, NetAssetValue) VALUES ('VAL00013', 'SC-NEQ-A', '2025-01-13', 9343105.50);
INSERT INTO Valuation (ValuationId, ShareClassId, AsOfDate, NetAssetValue) VALUES ('VAL00014', 'SC-NEQ-A', '2025-01-14', 9324152.10);
INSERT INTO Valuation (ValuationId, ShareClassId, AsOfDate, NetAssetValue) VALUES ('VAL00015', 'SC-NEQ-A', '2025-01-15', 9305796.00);
INSERT INTO Valuation (ValuationId, ShareClassId, AsOfDate, NetAssetValue) VALUES ('VAL00016', 'SC-NEQ-A', '2025-01-16', 9240388.00);
INSERT INTO Valuation (ValuationId, ShareClassId, AsOfDate, NetAssetValue) VALUES ('VAL00017', 'SC-NEQ-A', '2025-01-17', 9219826.00);
INSERT INTO Valuation (ValuationId, ShareClassId, AsOfDate, NetAssetValue) VALUES ('VAL00018', 'SC-NEQ-A', '2025-01-18', 9271143.60);
INSERT INTO Valuation (ValuationId, ShareClassId, AsOfDate, NetAssetValue) VALUES ('VAL00019', 'SC-NEQ-A', '2025-01-19', 9312460.80);
INSERT INTO Valuation (ValuationId, ShareClassId, AsOfDate, NetAssetValue) VALUES ('VAL00020', 'SC-NEQ-A', '2025-01-20', 9361368.00);
INSERT INTO Valuation (ValuationId, ShareClassId, AsOfDate, NetAssetValue) VALUES ('VAL00021', 'SC-NEQ-A', '2025-01-21', 9326500.00);
INSERT INTO Valuation (ValuationId, ShareClassId, AsOfDate, NetAssetValue) VALUES ('VAL00022', 'SC-NEQ-A', '2025-01-22', 9339738.80);
INSERT INTO Valuation (ValuationId, ShareClassId, AsOfDate, NetAssetValue) VALUES ('VAL00023', 'SC-NEQ-A', '2025-01-23', 9337972.40);
INSERT INTO Valuation (ValuationId, ShareClassId, AsOfDate, NetAssetValue) VALUES ('VAL00024', 'SC-NEQ-A', '2025-01-24', 9321467.60);
INSERT INTO Valuation (ValuationId, ShareClassId, AsOfDate, NetAssetValue) VALUES ('VAL00025', 'SC-NEQ-A', '2025-01-25', 9338340.40);
INSERT INTO Valuation (ValuationId, ShareClassId, AsOfDate, NetAssetValue) VALUES ('VAL00026', 'SC-NEQ-A', '2025-01-26', 9380844.40);
INSERT INTO Valuation (ValuationId, ShareClassId, AsOfDate, NetAssetValue) VALUES ('VAL00027', 'SC-NEQ-A', '2025-01-27', 9426660.40);
INSERT INTO Valuation (ValuationId, ShareClassId, AsOfDate, NetAssetValue) VALUES ('VAL00028', 'SC-NEQ-A', '2025-01-28', 9445410.00);
INSERT INTO Valuation (ValuationId, ShareClassId, AsOfDate, NetAssetValue) VALUES ('VAL00029', 'SC-NEQ-A', '2025-01-29', 9410146.40);
INSERT INTO Valuation (ValuationId, ShareClassId, AsOfDate, NetAssetValue) VALUES ('VAL00030', 'SC-NEQ-A', '2025-01-30', 9396640.80);
INSERT INTO Valuation (ValuationId, ShareClassId, AsOfDate, NetAssetValue) VALUES ('VAL00031', 'SC-NEQ-A', '2025-01-31', 9401102.80);
INSERT INTO Valuation (ValuationId, ShareClassId, AsOfDate, NetAssetValue) VALUES ('VAL00032', 'SC-NEQ-A', '2025-02-01', 9218483.85);
INSERT INTO Valuation (ValuationId, ShareClassId, AsOfDate, NetAssetValue) VALUES ('VAL00033', 'SC-NEQ-A', '2025-02-02', 9252294.65);
INSERT INTO Valuation (ValuationId, ShareClassId, AsOfDate, NetAssetValue) VALUES ('VAL00034', 'SC-NEQ-A', '2025-02-03', 9646427.70);
INSERT INTO Valuation (ValuationId, ShareClassId, AsOfDate, NetAssetValue) VALUES ('VAL00035', 'SC-NEQ-A', '2025-02-04', 9616282.20);
INSERT INTO Valuation (ValuationId, ShareClassId, AsOfDate, NetAssetValue) VALUES ('VAL00036', 'SC-NEQ-A', '2025-02-05', 9587110.05);
INSERT INTO Valuation (ValuationId, ShareClassId, AsOfDate, NetAssetValue) VALUES ('VAL00037', 'SC-NEQ-A', '2025-02-06', 9615365.55);
INSERT INTO Valuation (ValuationId, ShareClassId, AsOfDate, NetAssetValue) VALUES ('VAL00038', 'SC-NEQ-A', '2025-02-07', 9513765.25);
INSERT INTO Valuation (ValuationId, ShareClassId, AsOfDate, NetAssetValue) VALUES ('VAL00039', 'SC-NEQ-A', '2025-02-08', 9495486.00);
INSERT INTO Valuation (ValuationId, ShareClassId, AsOfDate, NetAssetValue) VALUES ('VAL00040', 'SC-NEQ-A', '2025-02-09', 9489324.35);
INSERT INTO Valuation (ValuationId, ShareClassId, AsOfDate, NetAssetValue) VALUES ('VAL00041', 'SC-NEQ-A', '2025-02-10', 9540478.20);
INSERT INTO Valuation (ValuationId, ShareClassId, AsOfDate, NetAssetValue) VALUES ('VAL00042', 'SC-NEQ-A', '2025-02-11', 9503975.80);
INSERT INTO Valuation (ValuationId, ShareClassId, AsOfDate, NetAssetValue) VALUES ('VAL00043', 'SC-NEQ-A', '2025-02-12', 9513625.00);
INSERT INTO Valuation (ValuationId, ShareClassId, AsOfDate, NetAssetValue) VALUES ('VAL00044', 'SC-NEQ-A', '2025-02-13', 9511885.90);
INSERT INTO Valuation (ValuationId, ShareClassId, AsOfDate, NetAssetValue) VALUES ('VAL00045', 'SC-NEQ-A', '2025-02-14', 9502881.85);
INSERT INTO Valuation (ValuationId, ShareClassId, AsOfDate, NetAssetValue) VALUES ('VAL00046', 'SC-NEQ-A', '2025-02-15', 9476814.05);
INSERT INTO Valuation (ValuationId, ShareClassId, AsOfDate, NetAssetValue) VALUES ('VAL00047', 'SC-NEQ-A', '2025-02-16', 9489595.50);
INSERT INTO Valuation (ValuationId, ShareClassId, AsOfDate, NetAssetValue) VALUES ('VAL00048', 'SC-NEQ-A', '2025-02-17', 9510464.70);
INSERT INTO Valuation (ValuationId, ShareClassId, AsOfDate, NetAssetValue) VALUES ('VAL00049', 'SC-NEQ-A', '2025-02-18', 9536252.00);
INSERT INTO Valuation (ValuationId, ShareClassId, AsOfDate, NetAssetValue) VALUES ('VAL00050', 'SC-NEQ-A', '2025-02-19', 9500189.05);
INSERT INTO Valuation (ValuationId, ShareClassId, AsOfDate, NetAssetValue) VALUES ('VAL00051', 'SC-NEQ-A', '2025-02-20', 9526649.55);
INSERT INTO Valuation (ValuationId, ShareClassId, AsOfDate, NetAssetValue) VALUES ('VAL00052', 'SC-NEQ-A', '2025-02-21', 9523648.20);
INSERT INTO Valuation (ValuationId, ShareClassId, AsOfDate, NetAssetValue) VALUES ('VAL00053', 'SC-NEQ-A', '2025-02-22', 9508115.40);
INSERT INTO Valuation (ValuationId, ShareClassId, AsOfDate, NetAssetValue) VALUES ('VAL00054', 'SC-NEQ-A', '2025-02-23', 9481833.60);
INSERT INTO Valuation (ValuationId, ShareClassId, AsOfDate, NetAssetValue) VALUES ('VAL00055', 'SC-NEQ-A', '2025-02-24', 9455951.70);
INSERT INTO Valuation (ValuationId, ShareClassId, AsOfDate, NetAssetValue) VALUES ('VAL00056', 'SC-NEQ-A', '2025-02-25', 9466442.10);
INSERT INTO Valuation (ValuationId, ShareClassId, AsOfDate, NetAssetValue) VALUES ('VAL00057', 'SC-NEQ-A', '2025-02-26', 9450334.50);
INSERT INTO Valuation (ValuationId, ShareClassId, AsOfDate, NetAssetValue) VALUES ('VAL00058', 'SC-NEQ-A', '2025-02-27', 10178770.00);
INSERT INTO Valuation (ValuationId, ShareClassId, AsOfDate, NetAssetValue) VALUES ('VAL00059', 'SC-NEQ-A', '2025-02-28', 10139170.00);
INSERT INTO Valuation (ValuationId, ShareClassId, AsOfDate, NetAssetValue) VALUES ('VAL00060', 'SC-NEQ-A', '2025-03-01', 10116790.00);
INSERT INTO Valuation (ValuationId, ShareClassId, AsOfDate, NetAssetValue) VALUES ('VAL00061', 'SC-NEQ-A', '2025-03-02', 10141880.00);
INSERT INTO Valuation (ValuationId, ShareClassId, AsOfDate, NetAssetValue) VALUES ('VAL00062', 'SC-NEQ-A', '2025-03-03', 10139610.00);
INSERT INTO Valuation (ValuationId, ShareClassId, AsOfDate, NetAssetValue) VALUES ('VAL00063', 'SC-NEQ-A', '2025-03-04', 10158770.00);
INSERT INTO Valuation (ValuationId, ShareClassId, AsOfDate, NetAssetValue) VALUES ('VAL00064', 'SC-NEQ-A', '2025-03-05', 10122940.00);
INSERT INTO Valuation (ValuationId, ShareClassId, AsOfDate, NetAssetValue) VALUES ('VAL00065', 'SC-NEQ-A', '2025-03-06', 10097350.00);
INSERT INTO Valuation (ValuationId, ShareClassId, AsOfDate, NetAssetValue) VALUES ('VAL00066', 'SC-NEQ-A', '2025-03-07', 10068080.00);
INSERT INTO Valuation (ValuationId, ShareClassId, AsOfDate, NetAssetValue) VALUES ('VAL00067', 'SC-NEQ-A', '2025-03-08', 10083000.00);
INSERT INTO Valuation (ValuationId, ShareClassId, AsOfDate, NetAssetValue) VALUES ('VAL00068', 'SC-NEQ-A', '2025-03-09', 10143110.00);
INSERT INTO Valuation (ValuationId, ShareClassId, AsOfDate, NetAssetValue) VALUES ('VAL00069', 'SC-NEQ-A', '2025-03-10', 10144560.00);
INSERT INTO Valuation (ValuationId, ShareClassId, AsOfDate, NetAssetValue) VALUES ('VAL00070', 'SC-NEQ-A', '2025-03-11', 10691593.50);
INSERT INTO Valuation (ValuationId, ShareClassId, AsOfDate, NetAssetValue) VALUES ('VAL00071', 'SC-NEQ-A', '2025-03-12', 10665123.70);
INSERT INTO Valuation (ValuationId, ShareClassId, AsOfDate, NetAssetValue) VALUES ('VAL00072', 'SC-NEQ-A', '2025-03-13', 10626678.15);
INSERT INTO Valuation (ValuationId, ShareClassId, AsOfDate, NetAssetValue) VALUES ('VAL00073', 'SC-NEQ-A', '2025-03-14', 10679220.75);
INSERT INTO Valuation (ValuationId, ShareClassId, AsOfDate, NetAssetValue) VALUES ('VAL00074', 'SC-NEQ-A', '2025-03-15', 10710978.30);
INSERT INTO Valuation (ValuationId, ShareClassId, AsOfDate, NetAssetValue) VALUES ('VAL00075', 'SC-NEQ-A', '2025-03-16', 10705847.35);
INSERT INTO Valuation (ValuationId, ShareClassId, AsOfDate, NetAssetValue) VALUES ('VAL00076', 'SC-NEQ-A', '2025-03-17', 10687580.75);
INSERT INTO Valuation (ValuationId, ShareClassId, AsOfDate, NetAssetValue) VALUES ('VAL00077', 'SC-NEQ-A', '2025-03-18', 10685762.45);
INSERT INTO Valuation (ValuationId, ShareClassId, AsOfDate, NetAssetValue) VALUES ('VAL00078', 'SC-NEQ-A', '2025-03-19', 10736559.90);
INSERT INTO Valuation (ValuationId, ShareClassId, AsOfDate, NetAssetValue) VALUES ('VAL00079', 'SC-NEQ-A', '2025-03-20', 10712180.05);
INSERT INTO Valuation (ValuationId, ShareClassId, AsOfDate, NetAssetValue) VALUES ('VAL00080', 'SC-NEQ-A', '2025-03-21', 10675939.45);
INSERT INTO Valuation (ValuationId, ShareClassId, AsOfDate, NetAssetValue) VALUES ('VAL00081', 'SC-NEQ-A', '2025-03-22', 10663535.30);
INSERT INTO Valuation (ValuationId, ShareClassId, AsOfDate, NetAssetValue) VALUES ('VAL00082', 'SC-NEQ-A', '2025-03-23', 10664757.95);
INSERT INTO Valuation (ValuationId, ShareClassId, AsOfDate, NetAssetValue) VALUES ('VAL00083', 'SC-NEQ-A', '2025-03-24', 10714008.80);
INSERT INTO Valuation (ValuationId, ShareClassId, AsOfDate, NetAssetValue) VALUES ('VAL00084', 'SC-NEQ-A', '2025-03-25', 10726851.85);
INSERT INTO Valuation (ValuationId, ShareClassId, AsOfDate, NetAssetValue) VALUES ('VAL00085', 'SC-NEQ-A', '2025-03-26', 10750740.55);
INSERT INTO Valuation (ValuationId, ShareClassId, AsOfDate, NetAssetValue) VALUES ('VAL00086', 'SC-NEQ-A', '2025-03-27', 10814318.35);
INSERT INTO Valuation (ValuationId, ShareClassId, AsOfDate, NetAssetValue) VALUES ('VAL00087', 'SC-NEQ-A', '2025-03-28', 10816909.95);
INSERT INTO Valuation (ValuationId, ShareClassId, AsOfDate, NetAssetValue) VALUES ('VAL00088', 'SC-NEQ-A', '2025-03-29', 10873883.35);
INSERT INTO Valuation (ValuationId, ShareClassId, AsOfDate, NetAssetValue) VALUES ('VAL00089', 'SC-NEQ-A', '2025-03-30', 10885305.20);
INSERT INTO Valuation (ValuationId, ShareClassId, AsOfDate, NetAssetValue) VALUES ('VAL00090', 'SC-NEQ-A', '2025-03-31', 10923113.30);
INSERT INTO Valuation (ValuationId, ShareClassId, AsOfDate, NetAssetValue) VALUES ('VAL00091', 'SC-NEQ-I', '2025-01-01', 7692007.40);
INSERT INTO Valuation (ValuationId, ShareClassId, AsOfDate, NetAssetValue) VALUES ('VAL00092', 'SC-NEQ-I', '2025-01-02', 7732101.30);
INSERT INTO Valuation (ValuationId, ShareClassId, AsOfDate, NetAssetValue) VALUES ('VAL00093', 'SC-NEQ-I', '2025-01-03', 7736151.50);
INSERT INTO Valuation (ValuationId, ShareClassId, AsOfDate, NetAssetValue) VALUES ('VAL00094', 'SC-NEQ-I', '2025-01-04', 7755493.90);
INSERT INTO Valuation (ValuationId, ShareClassId, AsOfDate, NetAssetValue) VALUES ('VAL00095', 'SC-NEQ-I', '2025-01-05', 7751366.70);
INSERT INTO Valuation (ValuationId, ShareClassId, AsOfDate, NetAssetValue) VALUES ('VAL00096', 'SC-NEQ-I', '2025-01-06', 7780688.30);
INSERT INTO Valuation (ValuationId, ShareClassId, AsOfDate, NetAssetValue) VALUES ('VAL00097', 'SC-NEQ-I', '2025-01-07', 7771271.20);
INSERT INTO Valuation (ValuationId, ShareClassId, AsOfDate, NetAssetValue) VALUES ('VAL00098', 'SC-NEQ-I', '2025-01-08', 7740979.40);
INSERT INTO Valuation (ValuationId, ShareClassId, AsOfDate, NetAssetValue) VALUES ('VAL00099', 'SC-NEQ-I', '2025-01-09', 7714345.10);
INSERT INTO Valuation (ValuationId, ShareClassId, AsOfDate, NetAssetValue) VALUES ('VAL00100', 'SC-NEQ-I', '2025-01-10', 7691506.90);
INSERT INTO Valuation (ValuationId, ShareClassId, AsOfDate, NetAssetValue) VALUES ('VAL00101', 'SC-NEQ-I', '2025-01-11', 7728520.80);
INSERT INTO Valuation (ValuationId, ShareClassId, AsOfDate, NetAssetValue) VALUES ('VAL00102', 'SC-NEQ-I', '2025-01-12', 7701147.30);
INSERT INTO Valuation (ValuationId, ShareClassId, AsOfDate, NetAssetValue) VALUES ('VAL00103', 'SC-NEQ-I', '2025-01-13', 7829476.20);
INSERT INTO Valuation (ValuationId, ShareClassId, AsOfDate, NetAssetValue) VALUES ('VAL00104', 'SC-NEQ-I', '2025-01-14', 7765935.10);
INSERT INTO Valuation (ValuationId, ShareClassId, AsOfDate, NetAssetValue) VALUES ('VAL00105', 'SC-NEQ-I', '2025-01-15', 7762862.80);
INSERT INTO Valuation (ValuationId, ShareClassId, AsOfDate, NetAssetValue) VALUES ('VAL00106', 'SC-NEQ-I', '2025-01-16', 7758481.50);
INSERT INTO Valuation (ValuationId, ShareClassId, AsOfDate, NetAssetValue) VALUES ('VAL00107', 'SC-NEQ-I', '2025-01-17', 7757164.80);
INSERT INTO Valuation (ValuationId, ShareClassId, AsOfDate, NetAssetValue) VALUES ('VAL00108', 'SC-NEQ-I', '2025-01-18', 7791830.20);
INSERT INTO Valuation (ValuationId, ShareClassId, AsOfDate, NetAssetValue) VALUES ('VAL00109', 'SC-NEQ-I', '2025-01-19', 7798244.30);
INSERT INTO Valuation (ValuationId, ShareClassId, AsOfDate, NetAssetValue) VALUES ('VAL00110', 'SC-NEQ-I', '2025-01-20', 7822237.50);
INSERT INTO Valuation (ValuationId, ShareClassId, AsOfDate, NetAssetValue) VALUES ('VAL00111', 'SC-NEQ-I', '2025-01-21', 7802879.70);
INSERT INTO Valuation (ValuationId, ShareClassId, AsOfDate, NetAssetValue) VALUES ('VAL00112', 'SC-NEQ-I', '2025-01-22', 7818888.00);
INSERT INTO Valuation (ValuationId, ShareClassId, AsOfDate, NetAssetValue) VALUES ('VAL00113', 'SC-NEQ-I', '2025-01-23', 7807399.60);
INSERT INTO Valuation (ValuationId, ShareClassId, AsOfDate, NetAssetValue) VALUES ('VAL00114', 'SC-NEQ-I', '2025-01-24', 7826526.40);
INSERT INTO Valuation (ValuationId, ShareClassId, AsOfDate, NetAssetValue) VALUES ('VAL00115', 'SC-NEQ-I', '2025-01-25', 8205534.90);
INSERT INTO Valuation (ValuationId, ShareClassId, AsOfDate, NetAssetValue) VALUES ('VAL00116', 'SC-NEQ-I', '2025-01-26', 8253567.90);
INSERT INTO Valuation (ValuationId, ShareClassId, AsOfDate, NetAssetValue) VALUES ('VAL00117', 'SC-NEQ-I', '2025-01-27', 8233002.00);
INSERT INTO Valuation (ValuationId, ShareClassId, AsOfDate, NetAssetValue) VALUES ('VAL00118', 'SC-NEQ-I', '2025-01-28', 8209026.00);
INSERT INTO Valuation (ValuationId, ShareClassId, AsOfDate, NetAssetValue) VALUES ('VAL00119', 'SC-NEQ-I', '2025-01-29', 8243110.80);
INSERT INTO Valuation (ValuationId, ShareClassId, AsOfDate, NetAssetValue) VALUES ('VAL00120', 'SC-NEQ-I', '2025-01-30', 8255568.60);
INSERT INTO Valuation (ValuationId, ShareClassId, AsOfDate, NetAssetValue) VALUES ('VAL00121', 'SC-NEQ-I', '2025-01-31', 8268131.70);
INSERT INTO Valuation (ValuationId, ShareClassId, AsOfDate, NetAssetValue) VALUES ('VAL00122', 'SC-NEQ-I', '2025-02-01', 8279609.40);
INSERT INTO Valuation (ValuationId, ShareClassId, AsOfDate, NetAssetValue) VALUES ('VAL00123', 'SC-NEQ-I', '2025-02-02', 8276004.90);
INSERT INTO Valuation (ValuationId, ShareClassId, AsOfDate, NetAssetValue) VALUES ('VAL00124', 'SC-NEQ-I', '2025-02-03', 8317987.20);
INSERT INTO Valuation (ValuationId, ShareClassId, AsOfDate, NetAssetValue) VALUES ('VAL00125', 'SC-NEQ-I', '2025-02-04', 8301617.10);
INSERT INTO Valuation (ValuationId, ShareClassId, AsOfDate, NetAssetValue) VALUES ('VAL00126', 'SC-NEQ-I', '2025-02-05', 8346458.70);
INSERT INTO Valuation (ValuationId, ShareClassId, AsOfDate, NetAssetValue) VALUES ('VAL00127', 'SC-NEQ-I', '2025-02-06', 8339233.50);
INSERT INTO Valuation (ValuationId, ShareClassId, AsOfDate, NetAssetValue) VALUES ('VAL00128', 'SC-NEQ-I', '2025-02-07', 8339014.80);
INSERT INTO Valuation (ValuationId, ShareClassId, AsOfDate, NetAssetValue) VALUES ('VAL00129', 'SC-NEQ-I', '2025-02-08', 8385120.00);
INSERT INTO Valuation (ValuationId, ShareClassId, AsOfDate, NetAssetValue) VALUES ('VAL00130', 'SC-NEQ-I', '2025-02-09', 8372829.15);
INSERT INTO Valuation (ValuationId, ShareClassId, AsOfDate, NetAssetValue) VALUES ('VAL00131', 'SC-NEQ-I', '2025-02-10', 8395184.00);
INSERT INTO Valuation (ValuationId, ShareClassId, AsOfDate, NetAssetValue) VALUES ('VAL00132', 'SC-NEQ-I', '2025-02-11', 8368997.35);
INSERT INTO Valuation (ValuationId, ShareClassId, AsOfDate, NetAssetValue) VALUES ('VAL00133', 'SC-NEQ-I', '2025-02-12', 8989512.50);
INSERT INTO Valuation (ValuationId, ShareClassId, AsOfDate, NetAssetValue) VALUES ('VAL00134', 'SC-NEQ-I', '2025-02-13', 9010013.00);
INSERT INTO Valuation (ValuationId, ShareClassId, AsOfDate, NetAssetValue) VALUES ('VAL00135', 'SC-NEQ-I', '2025-02-14', 8980127.25);
INSERT INTO Valuation (ValuationId, ShareClassId, AsOfDate, NetAssetValue) VALUES ('VAL00136', 'SC-NEQ-I', '2025-02-15', 9003836.90);
INSERT INTO Valuation (ValuationId, ShareClassId, AsOfDate, NetAssetValue) VALUES ('VAL00137', 'SC-NEQ-I', '2025-02-16', 8978475.10);
INSERT INTO Valuation (ValuationId, ShareClassId, AsOfDate, NetAssetValue) VALUES ('VAL00138', 'SC-NEQ-I', '2025-02-17', 8957498.85);
INSERT INTO Valuation (ValuationId, ShareClassId, AsOfDate, NetAssetValue) VALUES ('VAL00139', 'SC-NEQ-I', '2025-02-18', 8956261.90);
INSERT INTO Valuation (ValuationId, ShareClassId, AsOfDate, NetAssetValue) VALUES ('VAL00140', 'SC-NEQ-I', '2025-02-19', 8965206.00);
INSERT INTO Valuation (ValuationId, ShareClassId, AsOfDate, NetAssetValue) VALUES ('VAL00141', 'SC-NEQ-I', '2025-02-20', 8969444.50);
INSERT INTO Valuation (ValuationId, ShareClassId, AsOfDate, NetAssetValue) VALUES ('VAL00142', 'SC-NEQ-I', '2025-02-21', 9019086.85);
INSERT INTO Valuation (ValuationId, ShareClassId, AsOfDate, NetAssetValue) VALUES ('VAL00143', 'SC-NEQ-I', '2025-02-22', 8995057.15);
INSERT INTO Valuation (ValuationId, ShareClassId, AsOfDate, NetAssetValue) VALUES ('VAL00144', 'SC-NEQ-I', '2025-02-23', 8971364.80);
INSERT INTO Valuation (ValuationId, ShareClassId, AsOfDate, NetAssetValue) VALUES ('VAL00145', 'SC-NEQ-I', '2025-02-24', 8949886.85);
INSERT INTO Valuation (ValuationId, ShareClassId, AsOfDate, NetAssetValue) VALUES ('VAL00146', 'SC-NEQ-I', '2025-02-25', 8980066.70);
INSERT INTO Valuation (ValuationId, ShareClassId, AsOfDate, NetAssetValue) VALUES ('VAL00147', 'SC-NEQ-I', '2025-02-26', 8990611.05);
INSERT INTO Valuation (ValuationId, ShareClassId, AsOfDate, NetAssetValue) VALUES ('VAL00148', 'SC-NEQ-I', '2025-02-27', 8969461.80);
INSERT INTO Valuation (ValuationId, ShareClassId, AsOfDate, NetAssetValue) VALUES ('VAL00149', 'SC-NEQ-I', '2025-02-28', 9610592.75);
INSERT INTO Valuation (ValuationId, ShareClassId, AsOfDate, NetAssetValue) VALUES ('VAL00150', 'SC-NEQ-I', '2025-03-01', 9602388.00);
INSERT INTO Valuation (ValuationId, ShareClassId, AsOfDate, NetAssetValue) VALUES ('VAL00151', 'SC-NEQ-I', '2025-03-02', 9650737.75);
INSERT INTO Valuation (ValuationId, ShareClassId, AsOfDate, NetAssetValue) VALUES ('VAL00152', 'SC-NEQ-I', '2025-03-03', 9658100.75);
INSERT INTO Valuation (ValuationId, ShareClassId, AsOfDate, NetAssetValue) VALUES ('VAL00153', 'SC-NEQ-I', '2025-03-04', 9695433.75);
INSERT INTO Valuation (ValuationId, ShareClassId, AsOfDate, NetAssetValue) VALUES ('VAL00154', 'SC-NEQ-I', '2025-03-05', 9796827.15);
INSERT INTO Valuation (ValuationId, ShareClassId, AsOfDate, NetAssetValue) VALUES ('VAL00155', 'SC-NEQ-I', '2025-03-06', 9807607.70);
INSERT INTO Valuation (ValuationId, ShareClassId, AsOfDate, NetAssetValue) VALUES ('VAL00156', 'SC-NEQ-I', '2025-03-07', 9827766.30);
INSERT INTO Valuation (ValuationId, ShareClassId, AsOfDate, NetAssetValue) VALUES ('VAL00157', 'SC-NEQ-I', '2025-03-08', 9803072.95);
INSERT INTO Valuation (ValuationId, ShareClassId, AsOfDate, NetAssetValue) VALUES ('VAL00158', 'SC-NEQ-I', '2025-03-09', 9768777.15);
INSERT INTO Valuation (ValuationId, ShareClassId, AsOfDate, NetAssetValue) VALUES ('VAL00159', 'SC-NEQ-I', '2025-03-10', 9819874.90);
INSERT INTO Valuation (ValuationId, ShareClassId, AsOfDate, NetAssetValue) VALUES ('VAL00160', 'SC-NEQ-I', '2025-03-11', 9788926.40);
INSERT INTO Valuation (ValuationId, ShareClassId, AsOfDate, NetAssetValue) VALUES ('VAL00161', 'SC-NEQ-I', '2025-03-12', 9793779.05);
INSERT INTO Valuation (ValuationId, ShareClassId, AsOfDate, NetAssetValue) VALUES ('VAL00162', 'SC-NEQ-I', '2025-03-13', 9759333.65);
INSERT INTO Valuation (ValuationId, ShareClassId, AsOfDate, NetAssetValue) VALUES ('VAL00163', 'SC-NEQ-I', '2025-03-14', 9756799.80);
INSERT INTO Valuation (ValuationId, ShareClassId, AsOfDate, NetAssetValue) VALUES ('VAL00164', 'SC-NEQ-I', '2025-03-15', 9742989.85);
INSERT INTO Valuation (ValuationId, ShareClassId, AsOfDate, NetAssetValue) VALUES ('VAL00165', 'SC-NEQ-I', '2025-03-16', 10417281.85);
INSERT INTO Valuation (ValuationId, ShareClassId, AsOfDate, NetAssetValue) VALUES ('VAL00166', 'SC-NEQ-I', '2025-03-17', 10442505.10);
INSERT INTO Valuation (ValuationId, ShareClassId, AsOfDate, NetAssetValue) VALUES ('VAL00167', 'SC-NEQ-I', '2025-03-18', 10408386.55);
INSERT INTO Valuation (ValuationId, ShareClassId, AsOfDate, NetAssetValue) VALUES ('VAL00168', 'SC-NEQ-I', '2025-03-19', 10398466.40);
INSERT INTO Valuation (ValuationId, ShareClassId, AsOfDate, NetAssetValue) VALUES ('VAL00169', 'SC-NEQ-I', '2025-03-20', 10455828.15);
INSERT INTO Valuation (ValuationId, ShareClassId, AsOfDate, NetAssetValue) VALUES ('VAL00170', 'SC-NEQ-I', '2025-03-21', 10453509.80);
INSERT INTO Valuation (ValuationId, ShareClassId, AsOfDate, NetAssetValue) VALUES ('VAL00171', 'SC-NEQ-I', '2025-03-22', 10350015.55);
INSERT INTO Valuation (ValuationId, ShareClassId, AsOfDate, NetAssetValue) VALUES ('VAL00172', 'SC-NEQ-I', '2025-03-23', 10365588.40);
INSERT INTO Valuation (ValuationId, ShareClassId, AsOfDate, NetAssetValue) VALUES ('VAL00173', 'SC-NEQ-I', '2025-03-24', 10384057.15);
INSERT INTO Valuation (ValuationId, ShareClassId, AsOfDate, NetAssetValue) VALUES ('VAL00174', 'SC-NEQ-I', '2025-03-25', 10376876.50);
INSERT INTO Valuation (ValuationId, ShareClassId, AsOfDate, NetAssetValue) VALUES ('VAL00175', 'SC-NEQ-I', '2025-03-26', 10382146.25);
INSERT INTO Valuation (ValuationId, ShareClassId, AsOfDate, NetAssetValue) VALUES ('VAL00176', 'SC-NEQ-I', '2025-03-27', 10352448.50);
INSERT INTO Valuation (ValuationId, ShareClassId, AsOfDate, NetAssetValue) VALUES ('VAL00177', 'SC-NEQ-I', '2025-03-28', 10335644.40);
INSERT INTO Valuation (ValuationId, ShareClassId, AsOfDate, NetAssetValue) VALUES ('VAL00178', 'SC-NEQ-I', '2025-03-29', 10575182.85);
INSERT INTO Valuation (ValuationId, ShareClassId, AsOfDate, NetAssetValue) VALUES ('VAL00179', 'SC-NEQ-I', '2025-03-30', 10634709.00);
INSERT INTO Valuation (ValuationId, ShareClassId, AsOfDate, NetAssetValue) VALUES ('VAL00180', 'SC-NEQ-I', '2025-03-31', 10624508.25);
INSERT INTO Valuation (ValuationId, ShareClassId, AsOfDate, NetAssetValue) VALUES ('VAL00181', 'SC-GBD-A', '2025-01-01', 7280174.50);
INSERT INTO Valuation (ValuationId, ShareClassId, AsOfDate, NetAssetValue) VALUES ('VAL00182', 'SC-GBD-A', '2025-01-02', 7301098.00);
INSERT INTO Valuation (ValuationId, ShareClassId, AsOfDate, NetAssetValue) VALUES ('VAL00183', 'SC-GBD-A', '2025-01-03', 7274563.00);
INSERT INTO Valuation (ValuationId, ShareClassId, AsOfDate, NetAssetValue) VALUES ('VAL00184', 'SC-GBD-A', '2025-01-04', 7286989.50);
INSERT INTO Valuation (ValuationId, ShareClassId, AsOfDate, NetAssetValue) VALUES ('VAL00185', 'SC-GBD-A', '2025-01-05', 7289788.00);
INSERT INTO Valuation (ValuationId, ShareClassId, AsOfDate, NetAssetValue) VALUES ('VAL00186', 'SC-GBD-A', '2025-01-06', 7293311.50);
INSERT INTO Valuation (ValuationId, ShareClassId, AsOfDate, NetAssetValue) VALUES ('VAL00187', 'SC-GBD-A', '2025-01-07', 7294457.00);
INSERT INTO Valuation (ValuationId, ShareClassId, AsOfDate, NetAssetValue) VALUES ('VAL00188', 'SC-GBD-A', '2025-01-08', 7290687.00);
INSERT INTO Valuation (ValuationId, ShareClassId, AsOfDate, NetAssetValue) VALUES ('VAL00189', 'SC-GBD-A', '2025-01-09', 7382090.10);
INSERT INTO Valuation (ValuationId, ShareClassId, AsOfDate, NetAssetValue) VALUES ('VAL00190', 'SC-GBD-A', '2025-01-10', 7413915.60);
INSERT INTO Valuation (ValuationId, ShareClassId, AsOfDate, NetAssetValue) VALUES ('VAL00191', 'SC-GBD-A', '2025-01-11', 7378604.35);
INSERT INTO Valuation (ValuationId, ShareClassId, AsOfDate, NetAssetValue) VALUES ('VAL00192', 'SC-GBD-A', '2025-01-12', 7396037.85);
INSERT INTO Valuation (ValuationId, ShareClassId, AsOfDate, NetAssetValue) VALUES ('VAL00193', 'SC-GBD-A', '2025-01-13', 7385211.50);
INSERT INTO Valuation (ValuationId, ShareClassId, AsOfDate, NetAssetValue) VALUES ('VAL00194', 'SC-GBD-A', '2025-01-14', 7391686.80);
INSERT INTO Valuation (ValuationId, ShareClassId, AsOfDate, NetAssetValue) VALUES ('VAL00195', 'SC-GBD-A', '2025-01-15', 7365434.00);
INSERT INTO Valuation (ValuationId, ShareClassId, AsOfDate, NetAssetValue) VALUES ('VAL00196', 'SC-GBD-A', '2025-01-16', 7393796.40);
INSERT INTO Valuation (ValuationId, ShareClassId, AsOfDate, NetAssetValue) VALUES ('VAL00197', 'SC-GBD-A', '2025-01-17', 7696858.00);
INSERT INTO Valuation (ValuationId, ShareClassId, AsOfDate, NetAssetValue) VALUES ('VAL00198', 'SC-GBD-A', '2025-01-18', 7689980.25);
INSERT INTO Valuation (ValuationId, ShareClassId, AsOfDate, NetAssetValue) VALUES ('VAL00199', 'SC-GBD-A', '2025-01-19', 7684658.00);
INSERT INTO Valuation (ValuationId, ShareClassId, AsOfDate, NetAssetValue) VALUES ('VAL00200', 'SC-GBD-A', '2025-01-20', 7707822.75);
INSERT INTO Valuation (ValuationId, ShareClassId, AsOfDate, NetAssetValue) VALUES ('VAL00201', 'SC-GBD-A', '2025-01-21', 7690422.50);
INSERT INTO Valuation (ValuationId, ShareClassId, AsOfDate, NetAssetValue) VALUES ('VAL00202', 'SC-GBD-A', '2025-01-22', 7684932.50);
INSERT INTO Valuation (ValuationId, ShareClassId, AsOfDate, NetAssetValue) VALUES ('VAL00203', 'SC-GBD-A', '2025-01-23', 7726870.00);
INSERT INTO Valuation (ValuationId, ShareClassId, AsOfDate, NetAssetValue) VALUES ('VAL00204', 'SC-GBD-A', '2025-01-24', 7699587.75);
INSERT INTO Valuation (ValuationId, ShareClassId, AsOfDate, NetAssetValue) VALUES ('VAL00205', 'SC-GBD-A', '2025-01-25', 7676575.50);
INSERT INTO Valuation (ValuationId, ShareClassId, AsOfDate, NetAssetValue) VALUES ('VAL00206', 'SC-GBD-A', '2025-01-26', 7673281.50);
INSERT INTO Valuation (ValuationId, ShareClassId, AsOfDate, NetAssetValue) VALUES ('VAL00207', 'SC-GBD-A', '2025-01-27', 7705611.50);
INSERT INTO Valuation (ValuationId, ShareClassId, AsOfDate, NetAssetValue) VALUES ('VAL00208', 'SC-GBD-A', '2025-01-28', 7593417.30);
INSERT INTO Valuation (ValuationId, ShareClassId, AsOfDate, NetAssetValue) VALUES ('VAL00209', 'SC-GBD-A', '2025-01-29', 7630786.45);
INSERT INTO Valuation (ValuationId, ShareClassId, AsOfDate, NetAssetValue) VALUES ('VAL00210', 'SC-GBD-A', '2025-01-30', 7631659.35);
INSERT INTO Valuation (ValuationId, ShareClassId, AsOfDate, NetAssetValue) VALUES ('VAL00211', 'SC-GBD-A', '2025-01-31', 7641742.85);
INSERT INTO Valuation (ValuationId, ShareClassId, AsOfDate, NetAssetValue) VALUES ('VAL00212', 'SC-GBD-A', '2025-02-01', 7672369.60);
INSERT INTO Valuation (ValuationId, ShareClassId, AsOfDate, NetAssetValue) VALUES ('VAL00213', 'SC-GBD-A', '2025-02-02', 7691754.00);
INSERT INTO Valuation (ValuationId, ShareClassId, AsOfDate, NetAssetValue) VALUES ('VAL00214', 'SC-GBD-A', '2025-02-03', 7677847.80);
INSERT INTO Valuation (ValuationId, ShareClassId, AsOfDate, NetAssetValue) VALUES ('VAL00215', 'SC-GBD-A', '2025-02-04', 7722124.90);
INSERT INTO Valuation (ValuationId, ShareClassId, AsOfDate, NetAssetValue) VALUES ('VAL00216', 'SC-GBD-A', '2025-02-05', 7719491.15);
INSERT INTO Valuation (ValuationId, ShareClassId, AsOfDate, NetAssetValue) VALUES ('VAL00217', 'SC-GBD-A', '2025-02-06', 7737355.50);
INSERT INTO Valuation (ValuationId, ShareClassId, AsOfDate, NetAssetValue) VALUES ('VAL00218', 'SC-GBD-A', '2025-02-07', 7739537.75);
INSERT INTO Valuation (ValuationId, ShareClassId, AsOfDate, NetAssetValue) VALUES ('VAL00219', 'SC-GBD-A', '2025-02-08', 7743676.50);
INSERT INTO Valuation (ValuationId, ShareClassId, AsOfDate, NetAssetValue) VALUES ('VAL00220', 'SC-GBD-A', '2025-02-09', 7745858.75);
INSERT INTO Valuation (ValuationId, ShareClassId, AsOfDate, NetAssetValue) VALUES ('VAL00221', 'SC-GBD-A', '2025-02-10', 7769141.10);
INSERT INTO Valuation (ValuationId, ShareClassId, AsOfDate, NetAssetValue) VALUES ('VAL00222', 'SC-GBD-A', '2025-02-11', 7815164.00);
INSERT INTO Valuation (ValuationId, ShareClassId, AsOfDate, NetAssetValue) VALUES ('VAL00223', 'SC-GBD-A', '2025-02-12', 7855046.50);
INSERT INTO Valuation (ValuationId, ShareClassId, AsOfDate, NetAssetValue) VALUES ('VAL00224', 'SC-GBD-A', '2025-02-13', 7883731.80);
INSERT INTO Valuation (ValuationId, ShareClassId, AsOfDate, NetAssetValue) VALUES ('VAL00225', 'SC-GBD-A', '2025-02-14', 7922756.45);
INSERT INTO Valuation (ValuationId, ShareClassId, AsOfDate, NetAssetValue) VALUES ('VAL00226', 'SC-GBD-A', '2025-02-15', 7932343.30);
INSERT INTO Valuation (ValuationId, ShareClassId, AsOfDate, NetAssetValue) VALUES ('VAL00227', 'SC-GBD-A', '2025-02-16', 7929077.45);
INSERT INTO Valuation (ValuationId, ShareClassId, AsOfDate, NetAssetValue) VALUES ('VAL00228', 'SC-GBD-A', '2025-02-17', 7958936.65);
INSERT INTO Valuation (ValuationId, ShareClassId, AsOfDate, NetAssetValue) VALUES ('VAL00229', 'SC-GBD-A', '2025-02-18', 7984867.80);
INSERT INTO Valuation (ValuationId, ShareClassId, AsOfDate, NetAssetValue) VALUES ('VAL00230', 'SC-GBD-A', '2025-02-19', 7988570.10);
INSERT INTO Valuation (ValuationId, ShareClassId, AsOfDate, NetAssetValue) VALUES ('VAL00231', 'SC-GBD-A', '2025-02-20', 7979389.60);
INSERT INTO Valuation (ValuationId, ShareClassId, AsOfDate, NetAssetValue) VALUES ('VAL00232', 'SC-GBD-A', '2025-02-21', 8400785.30);
INSERT INTO Valuation (ValuationId, ShareClassId, AsOfDate, NetAssetValue) VALUES ('VAL00233', 'SC-GBD-A', '2025-02-22', 8385743.65);
INSERT INTO Valuation (ValuationId, ShareClassId, AsOfDate, NetAssetValue) VALUES ('VAL00234', 'SC-GBD-A', '2025-02-23', 8381590.95);
INSERT INTO Valuation (ValuationId, ShareClassId, AsOfDate, NetAssetValue) VALUES ('VAL00235', 'SC-GBD-A', '2025-02-24', 8387851.70);
INSERT INTO Valuation (ValuationId, ShareClassId, AsOfDate, NetAssetValue) VALUES ('VAL00236', 'SC-GBD-A', '2025-02-25', 8393779.60);
INSERT INTO Valuation (ValuationId, ShareClassId, AsOfDate, NetAssetValue) VALUES ('VAL00237', 'SC-GBD-A', '2025-02-26', 8421025.75);
INSERT INTO Valuation (ValuationId, ShareClassId, AsOfDate, NetAssetValue) VALUES ('VAL00238', 'SC-GBD-A', '2025-02-27', 8469748.65);
INSERT INTO Valuation (ValuationId, ShareClassId, AsOfDate, NetAssetValue) VALUES ('VAL00239', 'SC-GBD-A', '2025-02-28', 8496725.35);
INSERT INTO Valuation (ValuationId, ShareClassId, AsOfDate, NetAssetValue) VALUES ('VAL00240', 'SC-GBD-A', '2025-03-01', 8541010.25);
INSERT INTO Valuation (ValuationId, ShareClassId, AsOfDate, NetAssetValue) VALUES ('VAL00241', 'SC-GBD-A', '2025-03-02', 8508073.95);
INSERT INTO Valuation (ValuationId, ShareClassId, AsOfDate, NetAssetValue) VALUES ('VAL00242', 'SC-GBD-A', '2025-03-03', 8540709.10);
INSERT INTO Valuation (ValuationId, ShareClassId, AsOfDate, NetAssetValue) VALUES ('VAL00243', 'SC-GBD-A', '2025-03-04', 8458206.75);
INSERT INTO Valuation (ValuationId, ShareClassId, AsOfDate, NetAssetValue) VALUES ('VAL00244', 'SC-GBD-A', '2025-03-05', 8499566.25);
INSERT INTO Valuation (ValuationId, ShareClassId, AsOfDate, NetAssetValue) VALUES ('VAL00245', 'SC-GBD-A', '2025-03-06', 8492069.25);
INSERT INTO Valuation (ValuationId, ShareClassId, AsOfDate, NetAssetValue) VALUES ('VAL00246', 'SC-GBD-A', '2025-03-07', 8468160.75);
INSERT INTO Valuation (ValuationId, ShareClassId, AsOfDate, NetAssetValue) VALUES ('VAL00247', 'SC-GBD-A', '2025-03-08', 8491896.00);
INSERT INTO Valuation (ValuationId, ShareClassId, AsOfDate, NetAssetValue) VALUES ('VAL00248', 'SC-GBD-A', '2025-03-09', 8847148.50);
INSERT INTO Valuation (ValuationId, ShareClassId, AsOfDate, NetAssetValue) VALUES ('VAL00249', 'SC-GBD-A', '2025-03-10', 8833038.45);
INSERT INTO Valuation (ValuationId, ShareClassId, AsOfDate, NetAssetValue) VALUES ('VAL00250', 'SC-GBD-A', '2025-03-11', 8860784.40);
INSERT INTO Valuation (ValuationId, ShareClassId, AsOfDate, NetAssetValue) VALUES ('VAL00251', 'SC-GBD-A', '2025-03-12', 8906776.95);
INSERT INTO Valuation (ValuationId, ShareClassId, AsOfDate, NetAssetValue) VALUES ('VAL00252', 'SC-GBD-A', '2025-03-13', 8893190.10);
INSERT INTO Valuation (ValuationId, ShareClassId, AsOfDate, NetAssetValue) VALUES ('VAL00253', 'SC-GBD-A', '2025-03-14', 9019733.45);
INSERT INTO Valuation (ValuationId, ShareClassId, AsOfDate, NetAssetValue) VALUES ('VAL00254', 'SC-GBD-A', '2025-03-15', 9069333.80);
INSERT INTO Valuation (ValuationId, ShareClassId, AsOfDate, NetAssetValue) VALUES ('VAL00255', 'SC-GBD-A', '2025-03-16', 9058179.10);
INSERT INTO Valuation (ValuationId, ShareClassId, AsOfDate, NetAssetValue) VALUES ('VAL00256', 'SC-GBD-A', '2025-03-17', 9095085.60);
INSERT INTO Valuation (ValuationId, ShareClassId, AsOfDate, NetAssetValue) VALUES ('VAL00257', 'SC-GBD-A', '2025-03-18', 9088564.90);
INSERT INTO Valuation (ValuationId, ShareClassId, AsOfDate, NetAssetValue) VALUES ('VAL00258', 'SC-GBD-A', '2025-03-19', 9112959.60);
INSERT INTO Valuation (ValuationId, ShareClassId, AsOfDate, NetAssetValue) VALUES ('VAL00259', 'SC-GBD-A', '2025-03-20', 9101986.95);
INSERT INTO Valuation (ValuationId, ShareClassId, AsOfDate, NetAssetValue) VALUES ('VAL00260', 'SC-GBD-A', '2025-03-21', 9093132.70);
INSERT INTO Valuation (ValuationId, ShareClassId, AsOfDate, NetAssetValue) VALUES ('VAL00261', 'SC-GBD-A', '2025-03-22', 9127622.90);
INSERT INTO Valuation (ValuationId, ShareClassId, AsOfDate, NetAssetValue) VALUES ('VAL00262', 'SC-GBD-A', '2025-03-23', 9117113.65);
INSERT INTO Valuation (ValuationId, ShareClassId, AsOfDate, NetAssetValue) VALUES ('VAL00263', 'SC-GBD-A', '2025-03-24', 9116352.35);
INSERT INTO Valuation (ValuationId, ShareClassId, AsOfDate, NetAssetValue) VALUES ('VAL00264', 'SC-GBD-A', '2025-03-25', 9109583.40);
INSERT INTO Valuation (ValuationId, ShareClassId, AsOfDate, NetAssetValue) VALUES ('VAL00265', 'SC-GBD-A', '2025-03-26', 9131628.00);
INSERT INTO Valuation (ValuationId, ShareClassId, AsOfDate, NetAssetValue) VALUES ('VAL00266', 'SC-GBD-A', '2025-03-27', 9134822.15);
INSERT INTO Valuation (ValuationId, ShareClassId, AsOfDate, NetAssetValue) VALUES ('VAL00267', 'SC-GBD-A', '2025-03-28', 9159266.50);
INSERT INTO Valuation (ValuationId, ShareClassId, AsOfDate, NetAssetValue) VALUES ('VAL00268', 'SC-GBD-A', '2025-03-29', 9203173.65);
INSERT INTO Valuation (ValuationId, ShareClassId, AsOfDate, NetAssetValue) VALUES ('VAL00269', 'SC-GBD-A', '2025-03-30', 9182502.70);
INSERT INTO Valuation (ValuationId, ShareClassId, AsOfDate, NetAssetValue) VALUES ('VAL00270', 'SC-GBD-A', '2025-03-31', 9160458.10);
INSERT INTO Valuation (ValuationId, ShareClassId, AsOfDate, NetAssetValue) VALUES ('VAL00271', 'SC-GBD-I', '2025-01-01', 5127193.20);
INSERT INTO Valuation (ValuationId, ShareClassId, AsOfDate, NetAssetValue) VALUES ('VAL00272', 'SC-GBD-I', '2025-01-02', 5149765.80);
INSERT INTO Valuation (ValuationId, ShareClassId, AsOfDate, NetAssetValue) VALUES ('VAL00273', 'SC-GBD-I', '2025-01-03', 5135047.20);
INSERT INTO Valuation (ValuationId, ShareClassId, AsOfDate, NetAssetValue) VALUES ('VAL00274', 'SC-GBD-I', '2025-01-04', 5154784.20);
INSERT INTO Valuation (ValuationId, ShareClassId, AsOfDate, NetAssetValue) VALUES ('VAL00275', 'SC-GBD-I', '2025-01-05', 5160832.80);
INSERT INTO Valuation (ValuationId, ShareClassId, AsOfDate, NetAssetValue) VALUES ('VAL00276', 'SC-GBD-I', '2025-01-06', 5169757.80);
INSERT INTO Valuation (ValuationId, ShareClassId, AsOfDate, NetAssetValue) VALUES ('VAL00277', 'SC-GBD-I', '2025-01-07', 5186740.80);
INSERT INTO Valuation (ValuationId, ShareClassId, AsOfDate, NetAssetValue) VALUES ('VAL00278', 'SC-GBD-I', '2025-01-08', 5172685.20);
INSERT INTO Valuation (ValuationId, ShareClassId, AsOfDate, NetAssetValue) VALUES ('VAL00279', 'SC-GBD-I', '2025-01-09', 5188148.40);
INSERT INTO Valuation (ValuationId, ShareClassId, AsOfDate, NetAssetValue) VALUES ('VAL00280', 'SC-GBD-I', '2025-01-10', 5183038.20);
INSERT INTO Valuation (ValuationId, ShareClassId, AsOfDate, NetAssetValue) VALUES ('VAL00281', 'SC-GBD-I', '2025-01-11', 5181600.00);
INSERT INTO Valuation (ValuationId, ShareClassId, AsOfDate, NetAssetValue) VALUES ('VAL00282', 'SC-GBD-I', '2025-01-12', 5171808.00);
INSERT INTO Valuation (ValuationId, ShareClassId, AsOfDate, NetAssetValue) VALUES ('VAL00283', 'SC-GBD-I', '2025-01-13', 5183548.20);
INSERT INTO Valuation (ValuationId, ShareClassId, AsOfDate, NetAssetValue) VALUES ('VAL00284', 'SC-GBD-I', '2025-01-14', 5167187.40);
INSERT INTO Valuation (ValuationId, ShareClassId, AsOfDate, NetAssetValue) VALUES ('VAL00285', 'SC-GBD-I', '2025-01-15', 5193432.00);
INSERT INTO Valuation (ValuationId, ShareClassId, AsOfDate, NetAssetValue) VALUES ('VAL00286', 'SC-GBD-I', '2025-01-16', 5184384.60);
INSERT INTO Valuation (ValuationId, ShareClassId, AsOfDate, NetAssetValue) VALUES ('VAL00287', 'SC-GBD-I', '2025-01-17', 5211057.60);
INSERT INTO Valuation (ValuationId, ShareClassId, AsOfDate, NetAssetValue) VALUES ('VAL00288', 'SC-GBD-I', '2025-01-18', 5220553.80);
INSERT INTO Valuation (ValuationId, ShareClassId, AsOfDate, NetAssetValue) VALUES ('VAL00289', 'SC-GBD-I', '2025-01-19', 5212761.00);
INSERT INTO Valuation (ValuationId, ShareClassId, AsOfDate, NetAssetValue) VALUES ('VAL00290', 'SC-GBD-I', '2025-01-20', 5203428.00);
INSERT INTO Valuation (ValuationId, ShareClassId, AsOfDate, NetAssetValue) VALUES ('VAL00291', 'SC-GBD-I', '2025-01-21', 5222481.60);
INSERT INTO Valuation (ValuationId, ShareClassId, AsOfDate, NetAssetValue) VALUES ('VAL00292', 'SC-GBD-I', '2025-01-22', 5208752.40);
INSERT INTO Valuation (ValuationId, ShareClassId, AsOfDate, NetAssetValue) VALUES ('VAL00293', 'SC-GBD-I', '2025-01-23', 5210333.40);
INSERT INTO Valuation (ValuationId, ShareClassId, AsOfDate, NetAssetValue) VALUES ('VAL00294', 'SC-GBD-I', '2025-01-24', 5193309.60);
INSERT INTO Valuation (ValuationId, ShareClassId, AsOfDate, NetAssetValue) VALUES ('VAL00295', 'SC-GBD-I', '2025-01-25', 5213220.00);
INSERT INTO Valuation (ValuationId, ShareClassId, AsOfDate, NetAssetValue) VALUES ('VAL00296', 'SC-GBD-I', '2025-01-26', 5193687.00);
INSERT INTO Valuation (ValuationId, ShareClassId, AsOfDate, NetAssetValue) VALUES ('VAL00297', 'SC-GBD-I', '2025-01-27', 5183752.20);
INSERT INTO Valuation (ValuationId, ShareClassId, AsOfDate, NetAssetValue) VALUES ('VAL00298', 'SC-GBD-I', '2025-01-28', 5176265.40);
INSERT INTO Valuation (ValuationId, ShareClassId, AsOfDate, NetAssetValue) VALUES ('VAL00299', 'SC-GBD-I', '2025-01-29', 5158588.80);
INSERT INTO Valuation (ValuationId, ShareClassId, AsOfDate, NetAssetValue) VALUES ('VAL00300', 'SC-GBD-I', '2025-01-30', 5169237.60);
INSERT INTO Valuation (ValuationId, ShareClassId, AsOfDate, NetAssetValue) VALUES ('VAL00301', 'SC-GBD-I', '2025-01-31', 5155008.60);
INSERT INTO Valuation (ValuationId, ShareClassId, AsOfDate, NetAssetValue) VALUES ('VAL00302', 'SC-GBD-I', '2025-02-01', 5137393.20);
INSERT INTO Valuation (ValuationId, ShareClassId, AsOfDate, NetAssetValue) VALUES ('VAL00303', 'SC-GBD-I', '2025-02-02', 5137525.80);
INSERT INTO Valuation (ValuationId, ShareClassId, AsOfDate, NetAssetValue) VALUES ('VAL00304', 'SC-GBD-I', '2025-02-03', 5144543.40);
INSERT INTO Valuation (ValuationId, ShareClassId, AsOfDate, NetAssetValue) VALUES ('VAL00305', 'SC-GBD-I', '2025-02-04', 5128039.80);
INSERT INTO Valuation (ValuationId, ShareClassId, AsOfDate, NetAssetValue) VALUES ('VAL00306', 'SC-GBD-I', '2025-02-05', 5140871.40);
INSERT INTO Valuation (ValuationId, ShareClassId, AsOfDate, NetAssetValue) VALUES ('VAL00307', 'SC-GBD-I', '2025-02-06', 5160557.40);
INSERT INTO Valuation (ValuationId, ShareClassId, AsOfDate, NetAssetValue) VALUES ('VAL00308', 'SC-GBD-I', '2025-02-07', 5190708.60);
INSERT INTO Valuation (ValuationId, ShareClassId, AsOfDate, NetAssetValue) VALUES ('VAL00309', 'SC-GBD-I', '2025-02-08', 5212322.40);
INSERT INTO Valuation (ValuationId, ShareClassId, AsOfDate, NetAssetValue) VALUES ('VAL00310', 'SC-GBD-I', '2025-02-09', 5191942.80);
INSERT INTO Valuation (ValuationId, ShareClassId, AsOfDate, NetAssetValue) VALUES ('VAL00311', 'SC-GBD-I', '2025-02-10', 5161356.20);
INSERT INTO Valuation (ValuationId, ShareClassId, AsOfDate, NetAssetValue) VALUES ('VAL00312', 'SC-GBD-I', '2025-02-11', 5096100.00);
INSERT INTO Valuation (ValuationId, ShareClassId, AsOfDate, NetAssetValue) VALUES ('VAL00313', 'SC-GBD-I', '2025-02-12', 5096060.00);
INSERT INTO Valuation (ValuationId, ShareClassId, AsOfDate, NetAssetValue) VALUES ('VAL00314', 'SC-GBD-I', '2025-02-13', 5121990.00);
INSERT INTO Valuation (ValuationId, ShareClassId, AsOfDate, NetAssetValue) VALUES ('VAL00315', 'SC-GBD-I', '2025-02-14', 5110180.00);
INSERT INTO Valuation (ValuationId, ShareClassId, AsOfDate, NetAssetValue) VALUES ('VAL00316', 'SC-GBD-I', '2025-02-15', 5125870.00);
INSERT INTO Valuation (ValuationId, ShareClassId, AsOfDate, NetAssetValue) VALUES ('VAL00317', 'SC-GBD-I', '2025-02-16', 5146890.00);
INSERT INTO Valuation (ValuationId, ShareClassId, AsOfDate, NetAssetValue) VALUES ('VAL00318', 'SC-GBD-I', '2025-02-17', 5138850.00);
INSERT INTO Valuation (ValuationId, ShareClassId, AsOfDate, NetAssetValue) VALUES ('VAL00319', 'SC-GBD-I', '2025-02-18', 5100935.40);
INSERT INTO Valuation (ValuationId, ShareClassId, AsOfDate, NetAssetValue) VALUES ('VAL00320', 'SC-GBD-I', '2025-02-19', 5085837.90);
INSERT INTO Valuation (ValuationId, ShareClassId, AsOfDate, NetAssetValue) VALUES ('VAL00321', 'SC-GBD-I', '2025-02-20', 5186036.90);
INSERT INTO Valuation (ValuationId, ShareClassId, AsOfDate, NetAssetValue) VALUES ('VAL00322', 'SC-GBD-I', '2025-02-21', 5167038.80);
INSERT INTO Valuation (ValuationId, ShareClassId, AsOfDate, NetAssetValue) VALUES ('VAL00323', 'SC-GBD-I', '2025-02-22', 5192177.70);
INSERT INTO Valuation (ValuationId, ShareClassId, AsOfDate, NetAssetValue) VALUES ('VAL00324', 'SC-GBD-I', '2025-02-23', 5211024.30);
INSERT INTO Valuation (ValuationId, ShareClassId, AsOfDate, NetAssetValue) VALUES ('VAL00325', 'SC-GBD-I', '2025-02-24', 5447541.40);
INSERT INTO Valuation (ValuationId, ShareClassId, AsOfDate, NetAssetValue) VALUES ('VAL00326', 'SC-GBD-I', '2025-02-25', 5466600.20);
INSERT INTO Valuation (ValuationId, ShareClassId, AsOfDate, NetAssetValue) VALUES ('VAL00327', 'SC-GBD-I', '2025-02-26', 5713469.70);
INSERT INTO Valuation (ValuationId, ShareClassId, AsOfDate, NetAssetValue) VALUES ('VAL00328', 'SC-GBD-I', '2025-02-27', 5729442.60);
INSERT INTO Valuation (ValuationId, ShareClassId, AsOfDate, NetAssetValue) VALUES ('VAL00329', 'SC-GBD-I', '2025-02-28', 5951181.00);
INSERT INTO Valuation (ValuationId, ShareClassId, AsOfDate, NetAssetValue) VALUES ('VAL00330', 'SC-GBD-I', '2025-03-01', 5980954.50);
INSERT INTO Valuation (ValuationId, ShareClassId, AsOfDate, NetAssetValue) VALUES ('VAL00331', 'SC-GBD-I', '2025-03-02', 6001930.50);
INSERT INTO Valuation (ValuationId, ShareClassId, AsOfDate, NetAssetValue) VALUES ('VAL00332', 'SC-GBD-I', '2025-03-03', 5993903.50);
INSERT INTO Valuation (ValuationId, ShareClassId, AsOfDate, NetAssetValue) VALUES ('VAL00333', 'SC-GBD-I', '2025-03-04', 5980540.50);
INSERT INTO Valuation (ValuationId, ShareClassId, AsOfDate, NetAssetValue) VALUES ('VAL00334', 'SC-GBD-I', '2025-03-05', 6009900.00);
INSERT INTO Valuation (ValuationId, ShareClassId, AsOfDate, NetAssetValue) VALUES ('VAL00335', 'SC-GBD-I', '2025-03-06', 6023861.00);
INSERT INTO Valuation (ValuationId, ShareClassId, AsOfDate, NetAssetValue) VALUES ('VAL00336', 'SC-GBD-I', '2025-03-07', 6015776.50);
INSERT INTO Valuation (ValuationId, ShareClassId, AsOfDate, NetAssetValue) VALUES ('VAL00337', 'SC-GBD-I', '2025-03-08', 6038420.00);
INSERT INTO Valuation (ValuationId, ShareClassId, AsOfDate, NetAssetValue) VALUES ('VAL00338', 'SC-GBD-I', '2025-03-09', 6019652.00);
INSERT INTO Valuation (ValuationId, ShareClassId, AsOfDate, NetAssetValue) VALUES ('VAL00339', 'SC-GBD-I', '2025-03-10', 6052185.50);
INSERT INTO Valuation (ValuationId, ShareClassId, AsOfDate, NetAssetValue) VALUES ('VAL00340', 'SC-GBD-I', '2025-03-11', 6053312.50);
INSERT INTO Valuation (ValuationId, ShareClassId, AsOfDate, NetAssetValue) VALUES ('VAL00341', 'SC-GBD-I', '2025-03-12', 6076048.00);
INSERT INTO Valuation (ValuationId, ShareClassId, AsOfDate, NetAssetValue) VALUES ('VAL00342', 'SC-GBD-I', '2025-03-13', 6060143.50);
INSERT INTO Valuation (ValuationId, ShareClassId, AsOfDate, NetAssetValue) VALUES ('VAL00343', 'SC-GBD-I', '2025-03-14', 6104708.80);
INSERT INTO Valuation (ValuationId, ShareClassId, AsOfDate, NetAssetValue) VALUES ('VAL00344', 'SC-GBD-I', '2025-03-15', 6113675.60);
INSERT INTO Valuation (ValuationId, ShareClassId, AsOfDate, NetAssetValue) VALUES ('VAL00345', 'SC-GBD-I', '2025-03-16', 6093700.40);
INSERT INTO Valuation (ValuationId, ShareClassId, AsOfDate, NetAssetValue) VALUES ('VAL00346', 'SC-GBD-I', '2025-03-17', 6117840.00);
INSERT INTO Valuation (ValuationId, ShareClassId, AsOfDate, NetAssetValue) VALUES ('VAL00347', 'SC-GBD-I', '2025-03-18', 6136191.20);
INSERT INTO Valuation (ValuationId, ShareClassId, AsOfDate, NetAssetValue) VALUES ('VAL00348', 'SC-GBD-I', '2025-03-19', 6168624.80);
INSERT INTO Valuation (ValuationId, ShareClassId, AsOfDate, NetAssetValue) VALUES ('VAL00349', 'SC-GBD-I', '2025-03-20', 6178995.20);
INSERT INTO Valuation (ValuationId, ShareClassId, AsOfDate, NetAssetValue) VALUES ('VAL00350', 'SC-GBD-I', '2025-03-21', 6207136.80);
INSERT INTO Valuation (ValuationId, ShareClassId, AsOfDate, NetAssetValue) VALUES ('VAL00351', 'SC-GBD-I', '2025-03-22', 6233213.60);
INSERT INTO Valuation (ValuationId, ShareClassId, AsOfDate, NetAssetValue) VALUES ('VAL00352', 'SC-GBD-I', '2025-03-23', 6233051.20);
INSERT INTO Valuation (ValuationId, ShareClassId, AsOfDate, NetAssetValue) VALUES ('VAL00353', 'SC-GBD-I', '2025-03-24', 6387979.50);
INSERT INTO Valuation (ValuationId, ShareClassId, AsOfDate, NetAssetValue) VALUES ('VAL00354', 'SC-GBD-I', '2025-03-25', 6399867.60);
INSERT INTO Valuation (ValuationId, ShareClassId, AsOfDate, NetAssetValue) VALUES ('VAL00355', 'SC-GBD-I', '2025-03-26', 6391549.50);
INSERT INTO Valuation (ValuationId, ShareClassId, AsOfDate, NetAssetValue) VALUES ('VAL00356', 'SC-GBD-I', '2025-03-27', 6384623.70);
INSERT INTO Valuation (ValuationId, ShareClassId, AsOfDate, NetAssetValue) VALUES ('VAL00357', 'SC-GBD-I', '2025-03-28', 6367440.10);
INSERT INTO Valuation (ValuationId, ShareClassId, AsOfDate, NetAssetValue) VALUES ('VAL00358', 'SC-GBD-I', '2025-03-29', 6393953.30);
INSERT INTO Valuation (ValuationId, ShareClassId, AsOfDate, NetAssetValue) VALUES ('VAL00359', 'SC-GBD-I', '2025-03-30', 6372854.60);
INSERT INTO Valuation (ValuationId, ShareClassId, AsOfDate, NetAssetValue) VALUES ('VAL00360', 'SC-GBD-I', '2025-03-31', 6352434.20);
INSERT INTO Valuation (ValuationId, ShareClassId, AsOfDate, NetAssetValue) VALUES ('VAL00361', 'SC-BAL-A', '2025-01-01', 1882755.00);
INSERT INTO Valuation (ValuationId, ShareClassId, AsOfDate, NetAssetValue) VALUES ('VAL00362', 'SC-BAL-A', '2025-01-02', 1883070.00);
INSERT INTO Valuation (ValuationId, ShareClassId, AsOfDate, NetAssetValue) VALUES ('VAL00363', 'SC-BAL-A', '2025-01-03', 1889460.00);
INSERT INTO Valuation (ValuationId, ShareClassId, AsOfDate, NetAssetValue) VALUES ('VAL00364', 'SC-BAL-A', '2025-01-04', 1889475.00);
INSERT INTO Valuation (ValuationId, ShareClassId, AsOfDate, NetAssetValue) VALUES ('VAL00365', 'SC-BAL-A', '2025-01-05', 1885957.50);
INSERT INTO Valuation (ValuationId, ShareClassId, AsOfDate, NetAssetValue) VALUES ('VAL00366', 'SC-BAL-A', '2025-01-06', 1880917.50);
INSERT INTO Valuation (ValuationId, ShareClassId, AsOfDate, NetAssetValue) VALUES ('VAL00367', 'SC-BAL-A', '2025-01-07', 1885950.00);
INSERT INTO Valuation (ValuationId, ShareClassId, AsOfDate, NetAssetValue) VALUES ('VAL00368', 'SC-BAL-A', '2025-01-08', 1881292.50);
INSERT INTO Valuation (ValuationId, ShareClassId, AsOfDate, NetAssetValue) VALUES ('VAL00369', 'SC-BAL-A', '2025-01-09', 1876275.00);
INSERT INTO Valuation (ValuationId, ShareClassId, AsOfDate, NetAssetValue) VALUES ('VAL00370', 'SC-BAL-A', '2025-01-10', 1872352.50);
INSERT INTO Valuation (ValuationId, ShareClassId, AsOfDate, NetAssetValue) VALUES ('VAL00371', 'SC-BAL-A', '2025-01-11', 1875652.50);
INSERT INTO Valuation (ValuationId, ShareClassId, AsOfDate, NetAssetValue) VALUES ('VAL00372', 'SC-BAL-A', '2025-01-12', 1878802.50);
INSERT INTO Valuation (ValuationId, ShareClassId, AsOfDate, NetAssetValue) VALUES ('VAL00373', 'SC-BAL-A', '2025-01-13', 2081241.60);
INSERT INTO Valuation (ValuationId, ShareClassId, AsOfDate, NetAssetValue) VALUES ('VAL00374', 'SC-BAL-A', '2025-01-14', 2082644.30);
INSERT INTO Valuation (ValuationId, ShareClassId, AsOfDate, NetAssetValue) VALUES ('VAL00375', 'SC-BAL-A', '2025-01-15', 2039247.90);
INSERT INTO Valuation (ValuationId, ShareClassId, AsOfDate, NetAssetValue) VALUES ('VAL00376', 'SC-BAL-A', '2025-01-16', 2035999.80);
INSERT INTO Valuation (ValuationId, ShareClassId, AsOfDate, NetAssetValue) VALUES ('VAL00377', 'SC-BAL-A', '2025-01-17', 2041742.70);
INSERT INTO Valuation (ValuationId, ShareClassId, AsOfDate, NetAssetValue) VALUES ('VAL00378', 'SC-BAL-A', '2025-01-18', 2038826.70);
INSERT INTO Valuation (ValuationId, ShareClassId, AsOfDate, NetAssetValue) VALUES ('VAL00379', 'SC-BAL-A', '2025-01-19', 2038000.50);
INSERT INTO Valuation (ValuationId, ShareClassId, AsOfDate, NetAssetValue) VALUES ('VAL00380', 'SC-BAL-A', '2025-01-20', 2046789.00);
INSERT INTO Valuation (ValuationId, ShareClassId, AsOfDate, NetAssetValue) VALUES ('VAL00381', 'SC-BAL-A', '2025-01-21', 2054419.20);
INSERT INTO Valuation (ValuationId, ShareClassId, AsOfDate, NetAssetValue) VALUES ('VAL00382', 'SC-BAL-A', '2025-01-22', 2048481.90);
INSERT INTO Valuation (ValuationId, ShareClassId, AsOfDate, NetAssetValue) VALUES ('VAL00383', 'SC-BAL-A', '2025-01-23', 2051130.60);
INSERT INTO Valuation (ValuationId, ShareClassId, AsOfDate, NetAssetValue) VALUES ('VAL00384', 'SC-BAL-A', '2025-01-24', 2197794.00);
INSERT INTO Valuation (ValuationId, ShareClassId, AsOfDate, NetAssetValue) VALUES ('VAL00385', 'SC-BAL-A', '2025-01-25', 2198846.70);
INSERT INTO Valuation (ValuationId, ShareClassId, AsOfDate, NetAssetValue) VALUES ('VAL00386', 'SC-BAL-A', '2025-01-26', 2198672.70);
INSERT INTO Valuation (ValuationId, ShareClassId, AsOfDate, NetAssetValue) VALUES ('VAL00387', 'SC-BAL-A', '2025-01-27', 2198977.20);
INSERT INTO Valuation (ValuationId, ShareClassId, AsOfDate, NetAssetValue) VALUES ('VAL00388', 'SC-BAL-A', '2025-01-28', 2211922.80);
INSERT INTO Valuation (ValuationId, ShareClassId, AsOfDate, NetAssetValue) VALUES ('VAL00389', 'SC-BAL-A', '2025-01-29', 2218674.00);
INSERT INTO Valuation (ValuationId, ShareClassId, AsOfDate, NetAssetValue) VALUES ('VAL00390', 'SC-BAL-A', '2025-01-30', 2225755.80);
INSERT INTO Valuation (ValuationId, ShareClassId, AsOfDate, NetAssetValue) VALUES ('VAL00391', 'SC-BAL-A', '2025-01-31', 2232681.00);
INSERT INTO Valuation (ValuationId, ShareClassId, AsOfDate, NetAssetValue) VALUES ('VAL00392', 'SC-BAL-A', '2025-02-01', 2235351.90);
INSERT INTO Valuation (ValuationId, ShareClassId, AsOfDate, NetAssetValue) VALUES ('VAL00393', 'SC-BAL-A', '2025-02-02', 2227139.10);
INSERT INTO Valuation (ValuationId, ShareClassId, AsOfDate, NetAssetValue) VALUES ('VAL00394', 'SC-BAL-A', '2025-02-03', 2221371.00);
INSERT INTO Valuation (ValuationId, ShareClassId, AsOfDate, NetAssetValue) VALUES ('VAL00395', 'SC-BAL-A', '2025-02-04', 2207086.80);
INSERT INTO Valuation (ValuationId, ShareClassId, AsOfDate, NetAssetValue) VALUES ('VAL00396', 'SC-BAL-A', '2025-02-05', 2211257.80);
INSERT INTO Valuation (ValuationId, ShareClassId, AsOfDate, NetAssetValue) VALUES ('VAL00397', 'SC-BAL-A', '2025-02-06', 2220227.60);
INSERT INTO Valuation (ValuationId, ShareClassId, AsOfDate, NetAssetValue) VALUES ('VAL00398', 'SC-BAL-A', '2025-02-07', 2228655.60);
INSERT INTO Valuation (ValuationId, ShareClassId, AsOfDate, NetAssetValue) VALUES ('VAL00399', 'SC-BAL-A', '2025-02-08', 2223891.20);
INSERT INTO Valuation (ValuationId, ShareClassId, AsOfDate, NetAssetValue) VALUES ('VAL00400', 'SC-BAL-A', '2025-02-09', 2222704.40);
INSERT INTO Valuation (ValuationId, ShareClassId, AsOfDate, NetAssetValue) VALUES ('VAL00401', 'SC-BAL-A', '2025-02-10', 2214869.80);
INSERT INTO Valuation (ValuationId, ShareClassId, AsOfDate, NetAssetValue) VALUES ('VAL00402', 'SC-BAL-A', '2025-02-11', 2227855.80);
INSERT INTO Valuation (ValuationId, ShareClassId, AsOfDate, NetAssetValue) VALUES ('VAL00403', 'SC-BAL-A', '2025-02-12', 2219677.20);
INSERT INTO Valuation (ValuationId, ShareClassId, AsOfDate, NetAssetValue) VALUES ('VAL00404', 'SC-BAL-A', '2025-02-13', 2220330.80);
INSERT INTO Valuation (ValuationId, ShareClassId, AsOfDate, NetAssetValue) VALUES ('VAL00405', 'SC-BAL-A', '2025-02-14', 2247427.50);
INSERT INTO Valuation (ValuationId, ShareClassId, AsOfDate, NetAssetValue) VALUES ('VAL00406', 'SC-BAL-A', '2025-02-15', 2240745.90);
INSERT INTO Valuation (ValuationId, ShareClassId, AsOfDate, NetAssetValue) VALUES ('VAL00407', 'SC-BAL-A', '2025-02-16', 2232289.50);
INSERT INTO Valuation (ValuationId, ShareClassId, AsOfDate, NetAssetValue) VALUES ('VAL00408', 'SC-BAL-A', '2025-02-17', 2204661.60);
INSERT INTO Valuation (ValuationId, ShareClassId, AsOfDate, NetAssetValue) VALUES ('VAL00409', 'SC-BAL-A', '2025-02-18', 2206923.40);
INSERT INTO Valuation (ValuationId, ShareClassId, AsOfDate, NetAssetValue) VALUES ('VAL00410', 'SC-BAL-A', '2025-02-19', 2203397.40);
INSERT INTO Valuation (ValuationId, ShareClassId, AsOfDate, NetAssetValue) VALUES ('VAL00411', 'SC-BAL-A', '2025-02-20', 2215274.00);
INSERT INTO Valuation (ValuationId, ShareClassId, AsOfDate, NetAssetValue) VALUES ('VAL00412', 'SC-BAL-A', '2025-02-21', 2215747.00);
INSERT INTO Valuation (ValuationId, ShareClassId, AsOfDate, NetAssetValue) VALUES ('VAL00413', 'SC-BAL-A', '2025-02-22', 2225645.60);
INSERT INTO Valuation (ValuationId, ShareClassId, AsOfDate, NetAssetValue) VALUES ('VAL00414', 'SC-BAL-A', '2025-02-23', 2237143.80);
INSERT INTO Valuation (ValuationId, ShareClassId, AsOfDate, NetAssetValue) VALUES ('VAL00415', 'SC-BAL-A', '2025-02-24', 2237616.80);
INSERT INTO Valuation (ValuationId, ShareClassId, AsOfDate, NetAssetValue) VALUES ('VAL00416', 'SC-BAL-A', '2025-02-25', 2298824.00);
INSERT INTO Valuation (ValuationId, ShareClassId, AsOfDate, NetAssetValue) VALUES ('VAL00417', 'SC-BAL-A', '2025-02-26', 2290156.00);
INSERT INTO Valuation (ValuationId, ShareClassId, AsOfDate, NetAssetValue) VALUES ('VAL00418', 'SC-BAL-A', '2025-02-27', 2298040.80);
INSERT INTO Valuation (ValuationId, ShareClassId, AsOfDate, NetAssetValue) VALUES ('VAL00419', 'SC-BAL-A', '2025-02-28', 2300390.40);
INSERT INTO Valuation (ValuationId, ShareClassId, AsOfDate, NetAssetValue) VALUES ('VAL00420', 'SC-BAL-A', '2025-03-01', 2292681.60);
INSERT INTO Valuation (ValuationId, ShareClassId, AsOfDate, NetAssetValue) VALUES ('VAL00421', 'SC-BAL-A', '2025-03-02', 2287674.40);
INSERT INTO Valuation (ValuationId, ShareClassId, AsOfDate, NetAssetValue) VALUES ('VAL00422', 'SC-BAL-A', '2025-03-03', 2300786.40);
INSERT INTO Valuation (ValuationId, ShareClassId, AsOfDate, NetAssetValue) VALUES ('VAL00423', 'SC-BAL-A', '2025-03-04', 2308028.80);
INSERT INTO Valuation (ValuationId, ShareClassId, AsOfDate, NetAssetValue) VALUES ('VAL00424', 'SC-BAL-A', '2025-03-05', 2303276.80);
INSERT INTO Valuation (ValuationId, ShareClassId, AsOfDate, NetAssetValue) VALUES ('VAL00425', 'SC-BAL-A', '2025-03-06', 2295708.80);
INSERT INTO Valuation (ValuationId, ShareClassId, AsOfDate, NetAssetValue) VALUES ('VAL00426', 'SC-BAL-A', '2025-03-07', 2299985.60);
INSERT INTO Valuation (ValuationId, ShareClassId, AsOfDate, NetAssetValue) VALUES ('VAL00427', 'SC-BAL-A', '2025-03-08', 2296782.40);
INSERT INTO Valuation (ValuationId, ShareClassId, AsOfDate, NetAssetValue) VALUES ('VAL00428', 'SC-BAL-A', '2025-03-09', 2289672.00);
INSERT INTO Valuation (ValuationId, ShareClassId, AsOfDate, NetAssetValue) VALUES ('VAL00429', 'SC-BAL-A', '2025-03-10', 2294996.00);
INSERT INTO Valuation (ValuationId, ShareClassId, AsOfDate, NetAssetValue) VALUES ('VAL00430', 'SC-BAL-A', '2025-03-11', 2304552.80);
INSERT INTO Valuation (ValuationId, ShareClassId, AsOfDate, NetAssetValue) VALUES ('VAL00431', 'SC-BAL-A', '2025-03-12', 2296060.80);
INSERT INTO Valuation (ValuationId, ShareClassId, AsOfDate, NetAssetValue) VALUES ('VAL00432', 'SC-BAL-A', '2025-03-13', 2302088.80);
INSERT INTO Valuation (ValuationId, ShareClassId, AsOfDate, NetAssetValue) VALUES ('VAL00433', 'SC-BAL-A', '2025-03-14', 2303488.00);
INSERT INTO Valuation (ValuationId, ShareClassId, AsOfDate, NetAssetValue) VALUES ('VAL00434', 'SC-BAL-A', '2025-03-15', 2307052.00);
INSERT INTO Valuation (ValuationId, ShareClassId, AsOfDate, NetAssetValue) VALUES ('VAL00435', 'SC-BAL-A', '2025-03-16', 2312200.00);
INSERT INTO Valuation (ValuationId, ShareClassId, AsOfDate, NetAssetValue) VALUES ('VAL00436', 'SC-BAL-A', '2025-03-17', 2322733.60);
INSERT INTO Valuation (ValuationId, ShareClassId, AsOfDate, NetAssetValue) VALUES ('VAL00437', 'SC-BAL-A', '2025-03-18', 2316239.20);
INSERT INTO Valuation (ValuationId, ShareClassId, AsOfDate, NetAssetValue) VALUES ('VAL00438', 'SC-BAL-A', '2025-03-19', 2381139.00);
INSERT INTO Valuation (ValuationId, ShareClassId, AsOfDate, NetAssetValue) VALUES ('VAL00439', 'SC-BAL-A', '2025-03-20', 2382948.00);
INSERT INTO Valuation (ValuationId, ShareClassId, AsOfDate, NetAssetValue) VALUES ('VAL00440', 'SC-BAL-A', '2025-03-21', 2393703.00);
INSERT INTO Valuation (ValuationId, ShareClassId, AsOfDate, NetAssetValue) VALUES ('VAL00441', 'SC-BAL-A', '2025-03-22', 2404476.00);
INSERT INTO Valuation (ValuationId, ShareClassId, AsOfDate, NetAssetValue) VALUES ('VAL00442', 'SC-BAL-A', '2025-03-23', 2417535.00);
INSERT INTO Valuation (ValuationId, ShareClassId, AsOfDate, NetAssetValue) VALUES ('VAL00443', 'SC-BAL-A', '2025-03-24', 2430081.00);
INSERT INTO Valuation (ValuationId, ShareClassId, AsOfDate, NetAssetValue) VALUES ('VAL00444', 'SC-BAL-A', '2025-03-25', 2429361.00);
INSERT INTO Valuation (ValuationId, ShareClassId, AsOfDate, NetAssetValue) VALUES ('VAL00445', 'SC-BAL-A', '2025-03-26', 2441808.00);
INSERT INTO Valuation (ValuationId, ShareClassId, AsOfDate, NetAssetValue) VALUES ('VAL00446', 'SC-BAL-A', '2025-03-27', 2446263.00);
INSERT INTO Valuation (ValuationId, ShareClassId, AsOfDate, NetAssetValue) VALUES ('VAL00447', 'SC-BAL-A', '2025-03-28', 2441574.00);
INSERT INTO Valuation (ValuationId, ShareClassId, AsOfDate, NetAssetValue) VALUES ('VAL00448', 'SC-BAL-A', '2025-03-29', 2434734.00);
INSERT INTO Valuation (ValuationId, ShareClassId, AsOfDate, NetAssetValue) VALUES ('VAL00449', 'SC-BAL-A', '2025-03-30', 2432079.00);
INSERT INTO Valuation (ValuationId, ShareClassId, AsOfDate, NetAssetValue) VALUES ('VAL00450', 'SC-BAL-A', '2025-03-31', 2443977.00);
INSERT INTO Valuation (ValuationId, ShareClassId, AsOfDate, NetAssetValue) VALUES ('VAL00451', 'SC-BAL-I', '2025-01-01', 2895847.20);
INSERT INTO Valuation (ValuationId, ShareClassId, AsOfDate, NetAssetValue) VALUES ('VAL00452', 'SC-BAL-I', '2025-01-02', 2899570.80);
INSERT INTO Valuation (ValuationId, ShareClassId, AsOfDate, NetAssetValue) VALUES ('VAL00453', 'SC-BAL-I', '2025-01-03', 2890673.60);
INSERT INTO Valuation (ValuationId, ShareClassId, AsOfDate, NetAssetValue) VALUES ('VAL00454', 'SC-BAL-I', '2025-01-04', 2894200.00);
INSERT INTO Valuation (ValuationId, ShareClassId, AsOfDate, NetAssetValue) VALUES ('VAL00455', 'SC-BAL-I', '2025-01-05', 2910173.20);
INSERT INTO Valuation (ValuationId, ShareClassId, AsOfDate, NetAssetValue) VALUES ('VAL00456', 'SC-BAL-I', '2025-01-06', 2920752.40);
INSERT INTO Valuation (ValuationId, ShareClassId, AsOfDate, NetAssetValue) VALUES ('VAL00457', 'SC-BAL-I', '2025-01-07', 2910266.00);
INSERT INTO Valuation (ValuationId, ShareClassId, AsOfDate, NetAssetValue) VALUES ('VAL00458', 'SC-BAL-I', '2025-01-08', 2906542.40);
INSERT INTO Valuation (ValuationId, ShareClassId, AsOfDate, NetAssetValue) VALUES ('VAL00459', 'SC-BAL-I', '2025-01-09', 2920613.20);
INSERT INTO Valuation (ValuationId, ShareClassId, AsOfDate, NetAssetValue) VALUES ('VAL00460', 'SC-BAL-I', '2025-01-10', 2932909.20);
INSERT INTO Valuation (ValuationId, ShareClassId, AsOfDate, NetAssetValue) VALUES ('VAL00461', 'SC-BAL-I', '2025-01-11', 2947455.60);
INSERT INTO Valuation (ValuationId, ShareClassId, AsOfDate, NetAssetValue) VALUES ('VAL00462', 'SC-BAL-I', '2025-01-12', 2952362.40);
INSERT INTO Valuation (ValuationId, ShareClassId, AsOfDate, NetAssetValue) VALUES ('VAL00463', 'SC-BAL-I', '2025-01-13', 2950889.20);
INSERT INTO Valuation (ValuationId, ShareClassId, AsOfDate, NetAssetValue) VALUES ('VAL00464', 'SC-BAL-I', '2025-01-14', 2965192.00);
INSERT INTO Valuation (ValuationId, ShareClassId, AsOfDate, NetAssetValue) VALUES ('VAL00465', 'SC-BAL-I', '2025-01-15', 2978497.20);
INSERT INTO Valuation (ValuationId, ShareClassId, AsOfDate, NetAssetValue) VALUES ('VAL00466', 'SC-BAL-I', '2025-01-16', 2986640.40);
INSERT INTO Valuation (ValuationId, ShareClassId, AsOfDate, NetAssetValue) VALUES ('VAL00467', 'SC-BAL-I', '2025-01-17', 2996175.60);
INSERT INTO Valuation (ValuationId, ShareClassId, AsOfDate, NetAssetValue) VALUES ('VAL00468', 'SC-BAL-I', '2025-01-18', 3005119.20);
INSERT INTO Valuation (ValuationId, ShareClassId, AsOfDate, NetAssetValue) VALUES ('VAL00469', 'SC-BAL-I', '2025-01-19', 3014747.20);
INSERT INTO Valuation (ValuationId, ShareClassId, AsOfDate, NetAssetValue) VALUES ('VAL00470', 'SC-BAL-I', '2025-01-20', 3011023.60);
INSERT INTO Valuation (ValuationId, ShareClassId, AsOfDate, NetAssetValue) VALUES ('VAL00471', 'SC-BAL-I', '2025-01-21', 3016406.00);
INSERT INTO Valuation (ValuationId, ShareClassId, AsOfDate, NetAssetValue) VALUES ('VAL00472', 'SC-BAL-I', '2025-01-22', 3005038.00);
INSERT INTO Valuation (ValuationId, ShareClassId, AsOfDate, NetAssetValue) VALUES ('VAL00473', 'SC-BAL-I', '2025-01-23', 3005792.00);
INSERT INTO Valuation (ValuationId, ShareClassId, AsOfDate, NetAssetValue) VALUES ('VAL00474', 'SC-BAL-I', '2025-01-24', 3017276.00);
INSERT INTO Valuation (ValuationId, ShareClassId, AsOfDate, NetAssetValue) VALUES ('VAL00475', 'SC-BAL-I', '2025-01-25', 3016359.60);
INSERT INTO Valuation (ValuationId, ShareClassId, AsOfDate, NetAssetValue) VALUES ('VAL00476', 'SC-BAL-I', '2025-01-26', 3008297.60);
INSERT INTO Valuation (ValuationId, ShareClassId, AsOfDate, NetAssetValue) VALUES ('VAL00477', 'SC-BAL-I', '2025-01-27', 3011081.60);
INSERT INTO Valuation (ValuationId, ShareClassId, AsOfDate, NetAssetValue) VALUES ('VAL00478', 'SC-BAL-I', '2025-01-28', 3017496.40);
INSERT INTO Valuation (ValuationId, ShareClassId, AsOfDate, NetAssetValue) VALUES ('VAL00479', 'SC-BAL-I', '2025-01-29', 3023180.40);
INSERT INTO Valuation (ValuationId, ShareClassId, AsOfDate, NetAssetValue) VALUES ('VAL00480', 'SC-BAL-I', '2025-01-30', 3026695.20);
INSERT INTO Valuation (ValuationId, ShareClassId, AsOfDate, NetAssetValue) VALUES ('VAL00481', 'SC-BAL-I', '2025-01-31', 3037784.80);
INSERT INTO Valuation (ValuationId, ShareClassId, AsOfDate, NetAssetValue) VALUES ('VAL00482', 'SC-BAL-I', '2025-02-01', 3030395.60);
INSERT INTO Valuation (ValuationId, ShareClassId, AsOfDate, NetAssetValue) VALUES ('VAL00483', 'SC-BAL-I', '2025-02-02', 3019816.40);
INSERT INTO Valuation (ValuationId, ShareClassId, AsOfDate, NetAssetValue) VALUES ('VAL00484', 'SC-BAL-I', '2025-02-03', 3020953.20);
INSERT INTO Valuation (ValuationId, ShareClassId, AsOfDate, NetAssetValue) VALUES ('VAL00485', 'SC-BAL-I', '2025-02-04', 3011916.80);
INSERT INTO Valuation (ValuationId, ShareClassId, AsOfDate, NetAssetValue) VALUES ('VAL00486', 'SC-BAL-I', '2025-02-05', 3005815.20);
INSERT INTO Valuation (ValuationId, ShareClassId, AsOfDate, NetAssetValue) VALUES ('VAL00487', 'SC-BAL-I', '2025-02-06', 2997706.80);
INSERT INTO Valuation (ValuationId, ShareClassId, AsOfDate, NetAssetValue) VALUES ('VAL00488', 'SC-BAL-I', '2025-02-07', 2990190.00);
INSERT INTO Valuation (ValuationId, ShareClassId, AsOfDate, NetAssetValue) VALUES ('VAL00489', 'SC-BAL-I', '2025-02-08', 2984185.05);
INSERT INTO Valuation (ValuationId, ShareClassId, AsOfDate, NetAssetValue) VALUES ('VAL00490', 'SC-BAL-I', '2025-02-09', 2994926.55);
INSERT INTO Valuation (ValuationId, ShareClassId, AsOfDate, NetAssetValue) VALUES ('VAL00491', 'SC-BAL-I', '2025-02-10', 2983838.55);
INSERT INTO Valuation (ValuationId, ShareClassId, AsOfDate, NetAssetValue) VALUES ('VAL00492', 'SC-BAL-I', '2025-02-11', 2987026.35);
INSERT INTO Valuation (ValuationId, ShareClassId, AsOfDate, NetAssetValue) VALUES ('VAL00493', 'SC-BAL-I', '2025-02-12', 2999188.50);
INSERT INTO Valuation (ValuationId, ShareClassId, AsOfDate, NetAssetValue) VALUES ('VAL00494', 'SC-BAL-I', '2025-02-13', 2989833.00);
INSERT INTO Valuation (ValuationId, ShareClassId, AsOfDate, NetAssetValue) VALUES ('VAL00495', 'SC-BAL-I', '2025-02-14', 2980050.15);
INSERT INTO Valuation (ValuationId, ShareClassId, AsOfDate, NetAssetValue) VALUES ('VAL00496', 'SC-BAL-I', '2025-02-15', 2992477.95);
INSERT INTO Valuation (ValuationId, ShareClassId, AsOfDate, NetAssetValue) VALUES ('VAL00497', 'SC-BAL-I', '2025-02-16', 3006245.55);
INSERT INTO Valuation (ValuationId, ShareClassId, AsOfDate, NetAssetValue) VALUES ('VAL00498', 'SC-BAL-I', '2025-02-17', 3016744.50);
INSERT INTO Valuation (ValuationId, ShareClassId, AsOfDate, NetAssetValue) VALUES ('VAL00499', 'SC-BAL-I', '2025-02-18', 3019966.95);
INSERT INTO Valuation (ValuationId, ShareClassId, AsOfDate, NetAssetValue) VALUES ('VAL00500', 'SC-BAL-I', '2025-02-19', 3017645.40);
INSERT INTO Valuation (ValuationId, ShareClassId, AsOfDate, NetAssetValue) VALUES ('VAL00501', 'SC-BAL-I', '2025-02-20', 3008821.20);
INSERT INTO Valuation (ValuationId, ShareClassId, AsOfDate, NetAssetValue) VALUES ('VAL00502', 'SC-BAL-I', '2025-02-21', 2973861.00);
INSERT INTO Valuation (ValuationId, ShareClassId, AsOfDate, NetAssetValue) VALUES ('VAL00503', 'SC-BAL-I', '2025-02-22', 2978421.00);
INSERT INTO Valuation (ValuationId, ShareClassId, AsOfDate, NetAssetValue) VALUES ('VAL00504', 'SC-BAL-I', '2025-02-23', 2988384.60);
INSERT INTO Valuation (ValuationId, ShareClassId, AsOfDate, NetAssetValue) VALUES ('VAL00505', 'SC-BAL-I', '2025-02-24', 3005724.00);
INSERT INTO Valuation (ValuationId, ShareClassId, AsOfDate, NetAssetValue) VALUES ('VAL00506', 'SC-BAL-I', '2025-02-25', 3006031.80);
INSERT INTO Valuation (ValuationId, ShareClassId, AsOfDate, NetAssetValue) VALUES ('VAL00507', 'SC-BAL-I', '2025-02-26', 3015733.20);
INSERT INTO Valuation (ValuationId, ShareClassId, AsOfDate, NetAssetValue) VALUES ('VAL00508', 'SC-BAL-I', '2025-02-27', 3026620.20);
INSERT INTO Valuation (ValuationId, ShareClassId, AsOfDate, NetAssetValue) VALUES ('VAL00509', 'SC-BAL-I', '2025-02-28', 2993177.90);
INSERT INTO Valuation (ValuationId, ShareClassId, AsOfDate, NetAssetValue) VALUES ('VAL00510', 'SC-BAL-I', '2025-03-01', 2963340.80);
INSERT INTO Valuation (ValuationId, ShareClassId, AsOfDate, NetAssetValue) VALUES ('VAL00511', 'SC-BAL-I', '2025-03-02', 2969590.40);
INSERT INTO Valuation (ValuationId, ShareClassId, AsOfDate, NetAssetValue) VALUES ('VAL00512', 'SC-BAL-I', '2025-03-03', 2958524.80);
INSERT INTO Valuation (ValuationId, ShareClassId, AsOfDate, NetAssetValue) VALUES ('VAL00513', 'SC-BAL-I', '2025-03-04', 2961089.60);
INSERT INTO Valuation (ValuationId, ShareClassId, AsOfDate, NetAssetValue) VALUES ('VAL00514', 'SC-BAL-I', '2025-03-05', 2970318.40);
INSERT INTO Valuation (ValuationId, ShareClassId, AsOfDate, NetAssetValue) VALUES ('VAL00515', 'SC-BAL-I', '2025-03-06', 2981921.60);
INSERT INTO Valuation (ValuationId, ShareClassId, AsOfDate, NetAssetValue) VALUES ('VAL00516', 'SC-BAL-I', '2025-03-07', 3023145.50);
INSERT INTO Valuation (ValuationId, ShareClassId, AsOfDate, NetAssetValue) VALUES ('VAL00517', 'SC-BAL-I', '2025-03-08', 3012704.30);
INSERT INTO Valuation (ValuationId, ShareClassId, AsOfDate, NetAssetValue) VALUES ('VAL00518', 'SC-BAL-I', '2025-03-09', 3022964.70);
INSERT INTO Valuation (ValuationId, ShareClassId, AsOfDate, NetAssetValue) VALUES ('VAL00519', 'SC-BAL-I', '2025-03-10', 3040253.70);
INSERT INTO Valuation (ValuationId, ShareClassId, AsOfDate, NetAssetValue) VALUES ('VAL00520', 'SC-BAL-I', '2025-03-11', 3041214.20);
INSERT INTO Valuation (ValuationId, ShareClassId, AsOfDate, NetAssetValue) VALUES ('VAL00521', 'SC-BAL-I', '2025-03-12', 3057384.50);
INSERT INTO Valuation (ValuationId, ShareClassId, AsOfDate, NetAssetValue) VALUES ('VAL00522', 'SC-BAL-I', '2025-03-13', 3052423.80);
INSERT INTO Valuation (ValuationId, ShareClassId, AsOfDate, NetAssetValue) VALUES ('VAL00523', 'SC-BAL-I', '2025-03-14', 3048559.20);
INSERT INTO Valuation (ValuationId, ShareClassId, AsOfDate, NetAssetValue) VALUES ('VAL00524', 'SC-BAL-I', '2025-03-15', 3054265.70);
INSERT INTO Valuation (ValuationId, ShareClassId, AsOfDate, NetAssetValue) VALUES ('VAL00525', 'SC-BAL-I', '2025-03-16', 3067192.90);
INSERT INTO Valuation (ValuationId, ShareClassId, AsOfDate, NetAssetValue) VALUES ('VAL00526', 'SC-BAL-I', '2025-03-17', 3063927.20);
INSERT INTO Valuation (ValuationId, ShareClassId, AsOfDate, NetAssetValue) VALUES ('VAL00527', 'SC-BAL-I', '2025-03-18', 3052282.50);
INSERT INTO Valuation (ValuationId, ShareClassId, AsOfDate, NetAssetValue) VALUES ('VAL00528', 'SC-BAL-I', '2025-03-19', 3058098.75);
INSERT INTO Valuation (ValuationId, ShareClassId, AsOfDate, NetAssetValue) VALUES ('VAL00529', 'SC-BAL-I', '2025-03-20', 3183071.25);
INSERT INTO Valuation (ValuationId, ShareClassId, AsOfDate, NetAssetValue) VALUES ('VAL00530', 'SC-BAL-I', '2025-03-21', 3176582.20);
INSERT INTO Valuation (ValuationId, ShareClassId, AsOfDate, NetAssetValue) VALUES ('VAL00531', 'SC-BAL-I', '2025-03-22', 3192997.05);
INSERT INTO Valuation (ValuationId, ShareClassId, AsOfDate, NetAssetValue) VALUES ('VAL00532', 'SC-BAL-I', '2025-03-23', 3193066.95);
INSERT INTO Valuation (ValuationId, ShareClassId, AsOfDate, NetAssetValue) VALUES ('VAL00533', 'SC-BAL-I', '2025-03-24', 3194802.80);
INSERT INTO Valuation (ValuationId, ShareClassId, AsOfDate, NetAssetValue) VALUES ('VAL00534', 'SC-BAL-I', '2025-03-25', 3394582.75);
INSERT INTO Valuation (ValuationId, ShareClassId, AsOfDate, NetAssetValue) VALUES ('VAL00535', 'SC-BAL-I', '2025-03-26', 3400498.40);
INSERT INTO Valuation (ValuationId, ShareClassId, AsOfDate, NetAssetValue) VALUES ('VAL00536', 'SC-BAL-I', '2025-03-27', 3415083.75);
INSERT INTO Valuation (ValuationId, ShareClassId, AsOfDate, NetAssetValue) VALUES ('VAL00537', 'SC-BAL-I', '2025-03-28', 3427890.70);
INSERT INTO Valuation (ValuationId, ShareClassId, AsOfDate, NetAssetValue) VALUES ('VAL00538', 'SC-BAL-I', '2025-03-29', 3419369.20);
INSERT INTO Valuation (ValuationId, ShareClassId, AsOfDate, NetAssetValue) VALUES ('VAL00539', 'SC-BAL-I', '2025-03-30', 3415713.60);
INSERT INTO Valuation (ValuationId, ShareClassId, AsOfDate, NetAssetValue) VALUES ('VAL00540', 'SC-BAL-I', '2025-03-31', 3415022.00);
INSERT INTO Valuation (ValuationId, ShareClassId, AsOfDate, NetAssetValue) VALUES ('VAL00541', 'SC-BAL-C', '2025-01-01', 3222600.60);
INSERT INTO Valuation (ValuationId, ShareClassId, AsOfDate, NetAssetValue) VALUES ('VAL00542', 'SC-BAL-C', '2025-01-02', 3223361.70);
INSERT INTO Valuation (ValuationId, ShareClassId, AsOfDate, NetAssetValue) VALUES ('VAL00543', 'SC-BAL-C', '2025-01-03', 3216253.80);
INSERT INTO Valuation (ValuationId, ShareClassId, AsOfDate, NetAssetValue) VALUES ('VAL00544', 'SC-BAL-C', '2025-01-04', 3207352.80);
INSERT INTO Valuation (ValuationId, ShareClassId, AsOfDate, NetAssetValue) VALUES ('VAL00545', 'SC-BAL-C', '2025-01-05', 3219749.70);
INSERT INTO Valuation (ValuationId, ShareClassId, AsOfDate, NetAssetValue) VALUES ('VAL00546', 'SC-BAL-C', '2025-01-06', 3231991.80);
INSERT INTO Valuation (ValuationId, ShareClassId, AsOfDate, NetAssetValue) VALUES ('VAL00547', 'SC-BAL-C', '2025-01-07', 3226767.30);
INSERT INTO Valuation (ValuationId, ShareClassId, AsOfDate, NetAssetValue) VALUES ('VAL00548', 'SC-BAL-C', '2025-01-08', 3243072.90);
INSERT INTO Valuation (ValuationId, ShareClassId, AsOfDate, NetAssetValue) VALUES ('VAL00549', 'SC-BAL-C', '2025-01-09', 3409938.00);
INSERT INTO Valuation (ValuationId, ShareClassId, AsOfDate, NetAssetValue) VALUES ('VAL00550', 'SC-BAL-C', '2025-01-10', 3397761.00);
INSERT INTO Valuation (ValuationId, ShareClassId, AsOfDate, NetAssetValue) VALUES ('VAL00551', 'SC-BAL-C', '2025-01-11', 3414771.00);
INSERT INTO Valuation (ValuationId, ShareClassId, AsOfDate, NetAssetValue) VALUES ('VAL00552', 'SC-BAL-C', '2025-01-12', 3393957.15);
INSERT INTO Valuation (ValuationId, ShareClassId, AsOfDate, NetAssetValue) VALUES ('VAL00553', 'SC-BAL-C', '2025-01-13', 3382235.85);
INSERT INTO Valuation (ValuationId, ShareClassId, AsOfDate, NetAssetValue) VALUES ('VAL00554', 'SC-BAL-C', '2025-01-14', 3407006.05);
INSERT INTO Valuation (ValuationId, ShareClassId, AsOfDate, NetAssetValue) VALUES ('VAL00555', 'SC-BAL-C', '2025-01-15', 3409951.60);
INSERT INTO Valuation (ValuationId, ShareClassId, AsOfDate, NetAssetValue) VALUES ('VAL00556', 'SC-BAL-C', '2025-01-16', 3420187.05);
INSERT INTO Valuation (ValuationId, ShareClassId, AsOfDate, NetAssetValue) VALUES ('VAL00557', 'SC-BAL-C', '2025-01-17', 3433690.85);
INSERT INTO Valuation (ValuationId, ShareClassId, AsOfDate, NetAssetValue) VALUES ('VAL00558', 'SC-BAL-C', '2025-01-18', 3448068.90);
INSERT INTO Valuation (ValuationId, ShareClassId, AsOfDate, NetAssetValue) VALUES ('VAL00559', 'SC-BAL-C', '2025-01-19', 3443522.80);
INSERT INTO Valuation (ValuationId, ShareClassId, AsOfDate, NetAssetValue) VALUES ('VAL00560', 'SC-BAL-C', '2025-01-20', 3461855.15);
INSERT INTO Valuation (ValuationId, ShareClassId, AsOfDate, NetAssetValue) VALUES ('VAL00561', 'SC-BAL-C', '2025-01-21', 3476744.30);
INSERT INTO Valuation (ValuationId, ShareClassId, AsOfDate, NetAssetValue) VALUES ('VAL00562', 'SC-BAL-C', '2025-01-22', 3485473.35);
INSERT INTO Valuation (ValuationId, ShareClassId, AsOfDate, NetAssetValue) VALUES ('VAL00563', 'SC-BAL-C', '2025-01-23', 3498412.25);
INSERT INTO Valuation (ValuationId, ShareClassId, AsOfDate, NetAssetValue) VALUES ('VAL00564', 'SC-BAL-C', '2025-01-24', 3503778.80);
INSERT INTO Valuation (ValuationId, ShareClassId, AsOfDate, NetAssetValue) VALUES ('VAL00565', 'SC-BAL-C', '2025-01-25', 3495493.60);
INSERT INTO Valuation (ValuationId, ShareClassId, AsOfDate, NetAssetValue) VALUES ('VAL00566', 'SC-BAL-C', '2025-01-26', 3503603.95);
INSERT INTO Valuation (ValuationId, ShareClassId, AsOfDate, NetAssetValue) VALUES ('VAL00567', 'SC-BAL-C', '2025-01-27', 3496973.10);
INSERT INTO Valuation (ValuationId, ShareClassId, AsOfDate, NetAssetValue) VALUES ('VAL00568', 'SC-BAL-C', '2025-01-28', 3515144.05);
INSERT INTO Valuation (ValuationId, ShareClassId, AsOfDate, NetAssetValue) VALUES ('VAL00569', 'SC-BAL-C', '2025-01-29', 3529723.85);
INSERT INTO Valuation (ValuationId, ShareClassId, AsOfDate, NetAssetValue) VALUES ('VAL00570', 'SC-BAL-C', '2025-01-30', 3520510.60);
INSERT INTO Valuation (ValuationId, ShareClassId, AsOfDate, NetAssetValue) VALUES ('VAL00571', 'SC-BAL-C', '2025-01-31', 3531095.75);
INSERT INTO Valuation (ValuationId, ShareClassId, AsOfDate, NetAssetValue) VALUES ('VAL00572', 'SC-BAL-C', '2025-02-01', 3534404.45);
INSERT INTO Valuation (ValuationId, ShareClassId, AsOfDate, NetAssetValue) VALUES ('VAL00573', 'SC-BAL-C', '2025-02-02', 3522299.45);
INSERT INTO Valuation (ValuationId, ShareClassId, AsOfDate, NetAssetValue) VALUES ('VAL00574', 'SC-BAL-C', '2025-02-03', 3665729.30);
INSERT INTO Valuation (ValuationId, ShareClassId, AsOfDate, NetAssetValue) VALUES ('VAL00575', 'SC-BAL-C', '2025-02-04', 3686832.40);
INSERT INTO Valuation (ValuationId, ShareClassId, AsOfDate, NetAssetValue) VALUES ('VAL00576', 'SC-BAL-C', '2025-02-05', 3698255.05);
INSERT INTO Valuation (ValuationId, ShareClassId, AsOfDate, NetAssetValue) VALUES ('VAL00577', 'SC-BAL-C', '2025-02-06', 3688223.35);
INSERT INTO Valuation (ValuationId, ShareClassId, AsOfDate, NetAssetValue) VALUES ('VAL00578', 'SC-BAL-C', '2025-02-07', 3680355.35);
INSERT INTO Valuation (ValuationId, ShareClassId, AsOfDate, NetAssetValue) VALUES ('VAL00579', 'SC-BAL-C', '2025-02-08', 3881374.00);
INSERT INTO Valuation (ValuationId, ShareClassId, AsOfDate, NetAssetValue) VALUES ('VAL00580', 'SC-BAL-C', '2025-02-09', 3879854.75);
INSERT INTO Valuation (ValuationId, ShareClassId, AsOfDate, NetAssetValue) VALUES ('VAL00581', 'SC-BAL-C', '2025-02-10', 3893705.00);
INSERT INTO Valuation (ValuationId, ShareClassId, AsOfDate, NetAssetValue) VALUES ('VAL00582', 'SC-BAL-C', '2025-02-11', 3883335.75);
INSERT INTO Valuation (ValuationId, ShareClassId, AsOfDate, NetAssetValue) VALUES ('VAL00583', 'SC-BAL-C', '2025-02-12', 3872760.00);
INSERT INTO Valuation (ValuationId, ShareClassId, AsOfDate, NetAssetValue) VALUES ('VAL00584', 'SC-BAL-C', '2025-02-13', 3889501.25);
INSERT INTO Valuation (ValuationId, ShareClassId, AsOfDate, NetAssetValue) VALUES ('VAL00585', 'SC-BAL-C', '2025-02-14', 3874766.00);
INSERT INTO Valuation (ValuationId, ShareClassId, AsOfDate, NetAssetValue) VALUES ('VAL00586', 'SC-BAL-C', '2025-02-15', 3885400.75);
INSERT INTO Valuation (ValuationId, ShareClassId, AsOfDate, NetAssetValue) VALUES ('VAL00587', 'SC-BAL-C', '2025-02-16', 3877775.00);
INSERT INTO Valuation (ValuationId, ShareClassId, AsOfDate, NetAssetValue) VALUES ('VAL00588', 'SC-BAL-C', '2025-02-17', 3864264.00);
INSERT INTO Valuation (ValuationId, ShareClassId, AsOfDate, NetAssetValue) VALUES ('VAL00589', 'SC-BAL-C', '2025-02-18', 3867892.50);
INSERT INTO Valuation (ValuationId, ShareClassId, AsOfDate, NetAssetValue) VALUES ('VAL00590', 'SC-BAL-C', '2025-02-19', 3872583.00);
INSERT INTO Valuation (ValuationId, ShareClassId, AsOfDate, NetAssetValue) VALUES ('VAL00591', 'SC-BAL-C', '2025-02-20', 3879515.50);
INSERT INTO Valuation (ValuationId, ShareClassId, AsOfDate, NetAssetValue) VALUES ('VAL00592', 'SC-BAL-C', '2025-02-21', 3892613.50);
INSERT INTO Valuation (ValuationId, ShareClassId, AsOfDate, NetAssetValue) VALUES ('VAL00593', 'SC-BAL-C', '2025-02-22', 3904738.00);
INSERT INTO Valuation (ValuationId, ShareClassId, AsOfDate, NetAssetValue) VALUES ('VAL00594', 'SC-BAL-C', '2025-02-23', 3896758.25);
INSERT INTO Valuation (ValuationId, ShareClassId, AsOfDate, NetAssetValue) VALUES ('VAL00595', 'SC-BAL-C', '2025-02-24', 3903292.50);
INSERT INTO Valuation (ValuationId, ShareClassId, AsOfDate, NetAssetValue) VALUES ('VAL00596', 'SC-BAL-C', '2025-02-25', 3901817.50);
INSERT INTO Valuation (ValuationId, ShareClassId, AsOfDate, NetAssetValue) VALUES ('VAL00597', 'SC-BAL-C', '2025-02-26', 3900726.00);
INSERT INTO Valuation (ValuationId, ShareClassId, AsOfDate, NetAssetValue) VALUES ('VAL00598', 'SC-BAL-C', '2025-02-27', 3894339.25);
INSERT INTO Valuation (ValuationId, ShareClassId, AsOfDate, NetAssetValue) VALUES ('VAL00599', 'SC-BAL-C', '2025-02-28', 3896478.00);
INSERT INTO Valuation (ValuationId, ShareClassId, AsOfDate, NetAssetValue) VALUES ('VAL00600', 'SC-BAL-C', '2025-03-01', 3900563.75);
INSERT INTO Valuation (ValuationId, ShareClassId, AsOfDate, NetAssetValue) VALUES ('VAL00601', 'SC-BAL-C', '2025-03-02', 3922777.25);
INSERT INTO Valuation (ValuationId, ShareClassId, AsOfDate, NetAssetValue) VALUES ('VAL00602', 'SC-BAL-C', '2025-03-03', 3922659.25);
INSERT INTO Valuation (ValuationId, ShareClassId, AsOfDate, NetAssetValue) VALUES ('VAL00603', 'SC-BAL-C', '2025-03-04', 3909841.50);
INSERT INTO Valuation (ValuationId, ShareClassId, AsOfDate, NetAssetValue) VALUES ('VAL00604', 'SC-BAL-C', '2025-03-05', 3920181.25);
INSERT INTO Valuation (ValuationId, ShareClassId, AsOfDate, NetAssetValue) VALUES ('VAL00605', 'SC-BAL-C', '2025-03-06', 3971781.45);
INSERT INTO Valuation (ValuationId, ShareClassId, AsOfDate, NetAssetValue) VALUES ('VAL00606', 'SC-BAL-C', '2025-03-07', 3993201.45);
INSERT INTO Valuation (ValuationId, ShareClassId, AsOfDate, NetAssetValue) VALUES ('VAL00607', 'SC-BAL-C', '2025-03-08', 4015746.35);
INSERT INTO Valuation (ValuationId, ShareClassId, AsOfDate, NetAssetValue) VALUES ('VAL00608', 'SC-BAL-C', '2025-03-09', 4009109.30);
INSERT INTO Valuation (ValuationId, ShareClassId, AsOfDate, NetAssetValue) VALUES ('VAL00609', 'SC-BAL-C', '2025-03-10', 4022518.85);
INSERT INTO Valuation (ValuationId, ShareClassId, AsOfDate, NetAssetValue) VALUES ('VAL00610', 'SC-BAL-C', '2025-03-11', 4012871.80);
INSERT INTO Valuation (ValuationId, ShareClassId, AsOfDate, NetAssetValue) VALUES ('VAL00611', 'SC-BAL-C', '2025-03-12', 4001584.30);
INSERT INTO Valuation (ValuationId, ShareClassId, AsOfDate, NetAssetValue) VALUES ('VAL00612', 'SC-BAL-C', '2025-03-13', 3997746.55);
INSERT INTO Valuation (ValuationId, ShareClassId, AsOfDate, NetAssetValue) VALUES ('VAL00613', 'SC-BAL-C', '2025-03-14', 4000771.60);
INSERT INTO Valuation (ValuationId, ShareClassId, AsOfDate, NetAssetValue) VALUES ('VAL00614', 'SC-BAL-C', '2025-03-15', 3986067.75);
INSERT INTO Valuation (ValuationId, ShareClassId, AsOfDate, NetAssetValue) VALUES ('VAL00615', 'SC-BAL-C', '2025-03-16', 3979295.25);
INSERT INTO Valuation (ValuationId, ShareClassId, AsOfDate, NetAssetValue) VALUES ('VAL00616', 'SC-BAL-C', '2025-03-17', 3965057.95);
INSERT INTO Valuation (ValuationId, ShareClassId, AsOfDate, NetAssetValue) VALUES ('VAL00617', 'SC-BAL-C', '2025-03-18', 3969557.90);
INSERT INTO Valuation (ValuationId, ShareClassId, AsOfDate, NetAssetValue) VALUES ('VAL00618', 'SC-BAL-C', '2025-03-19', 3965900.75);
INSERT INTO Valuation (ValuationId, ShareClassId, AsOfDate, NetAssetValue) VALUES ('VAL00619', 'SC-BAL-C', '2025-03-20', 3989529.25);
INSERT INTO Valuation (ValuationId, ShareClassId, AsOfDate, NetAssetValue) VALUES ('VAL00620', 'SC-BAL-C', '2025-03-21', 4005075.90);
INSERT INTO Valuation (ValuationId, ShareClassId, AsOfDate, NetAssetValue) VALUES ('VAL00621', 'SC-BAL-C', '2025-03-22', 4028915.10);
INSERT INTO Valuation (ValuationId, ShareClassId, AsOfDate, NetAssetValue) VALUES ('VAL00622', 'SC-BAL-C', '2025-03-23', 4013118.20);
INSERT INTO Valuation (ValuationId, ShareClassId, AsOfDate, NetAssetValue) VALUES ('VAL00623', 'SC-BAL-C', '2025-03-24', 3979547.55);
INSERT INTO Valuation (ValuationId, ShareClassId, AsOfDate, NetAssetValue) VALUES ('VAL00624', 'SC-BAL-C', '2025-03-25', 3983661.00);
INSERT INTO Valuation (ValuationId, ShareClassId, AsOfDate, NetAssetValue) VALUES ('VAL00625', 'SC-BAL-C', '2025-03-26', 3990209.85);
INSERT INTO Valuation (ValuationId, ShareClassId, AsOfDate, NetAssetValue) VALUES ('VAL00626', 'SC-BAL-C', '2025-03-27', 3985947.90);
INSERT INTO Valuation (ValuationId, ShareClassId, AsOfDate, NetAssetValue) VALUES ('VAL00627', 'SC-BAL-C', '2025-03-28', 3991709.70);
INSERT INTO Valuation (ValuationId, ShareClassId, AsOfDate, NetAssetValue) VALUES ('VAL00628', 'SC-BAL-C', '2025-03-29', 4013984.70);
INSERT INTO Valuation (ValuationId, ShareClassId, AsOfDate, NetAssetValue) VALUES ('VAL00629', 'SC-BAL-C', '2025-03-30', 4030557.30);
INSERT INTO Valuation (ValuationId, ShareClassId, AsOfDate, NetAssetValue) VALUES ('VAL00630', 'SC-BAL-C', '2025-03-31', 4041249.30);

-- FeeAccrual is intentionally left EMPTY: the module computes accruals.
